"index","filePath"
"0","/statistical-archives/img-lq/見返し(1).jpeg"
"1","/statistical-archives/img-lq/見返し(2).jpeg"
"2","/statistical-archives/img-lq/本扉.jpeg"
"3","/statistical-archives/img-lq/空白(1).jpeg"
"4","/statistical-archives/img-lq/発刊にあたって(1).jpeg"
"5","/statistical-archives/img-lq/発刊にあたって(2).jpeg"
"6","/statistical-archives/img-lq/発刊にあたって(3).jpeg"
"7","/statistical-archives/img-lq/空白(2).jpeg"
"8","/statistical-archives/img-lq/凡例.jpeg"
"9","/statistical-archives/img-lq/空白(3).jpeg"
"10","/statistical-archives/img-lq/目次(i).jpeg"
"11","/statistical-archives/img-lq/目次(ii).jpeg"
"12","/statistical-archives/img-lq/目次(iii).jpeg"
"13","/statistical-archives/img-lq/目次(iv).jpeg"
"14","/statistical-archives/img-lq/目次(v).jpeg"
"15","/statistical-archives/img-lq/目次(vi).jpeg"
"16","/statistical-archives/img-lq/目次(vii).jpeg"
"17","/statistical-archives/img-lq/目次(viii).jpeg"
"18","/statistical-archives/img-lq/p.1(部門別解説).jpeg"
"19","/statistical-archives/img-lq/p.2(部門別解説).jpeg"
"20","/statistical-archives/img-lq/p.3(部門別解説).jpeg"
"21","/statistical-archives/img-lq/p.4(部門別解説).jpeg"
"22","/statistical-archives/img-lq/p.5(部門別解説).jpeg"
"23","/statistical-archives/img-lq/p.6(部門別解説).jpeg"
"24","/statistical-archives/img-lq/p.7(部門別解説).jpeg"
"25","/statistical-archives/img-lq/p.8(部門別解説).jpeg"
"26","/statistical-archives/img-lq/p.9(部門別解説).jpeg"
"27","/statistical-archives/img-lq/p.10(部門別解説).jpeg"
"28","/statistical-archives/img-lq/p.11(部門別解説).jpeg"
"29","/statistical-archives/img-lq/p.12(部門別解説).jpeg"
"30","/statistical-archives/img-lq/p.13(部門別解説).jpeg"
"31","/statistical-archives/img-lq/p.14(部門別解説).jpeg"
"32","/statistical-archives/img-lq/p.15(部門別解説).jpeg"
"33","/statistical-archives/img-lq/p.16(部門別解説).jpeg"
"34","/statistical-archives/img-lq/p.17(部門別解説).jpeg"
"35","/statistical-archives/img-lq/p.18(部門別解説).jpeg"
"36","/statistical-archives/img-lq/p.19(部門別解説).jpeg"
"37","/statistical-archives/img-lq/p.20(部門別解説).jpeg"
"38","/statistical-archives/img-lq/p.21(部門別解説).jpeg"
"39","/statistical-archives/img-lq/p.22(部門別解説).jpeg"
"40","/statistical-archives/img-lq/p.23(部門別解説).jpeg"
"41","/statistical-archives/img-lq/p.24(部門別解説).jpeg"
"42","/statistical-archives/img-lq/p.25(部門別解説).jpeg"
"43","/statistical-archives/img-lq/p.26(部門別解説).jpeg"
"44","/statistical-archives/img-lq/p.27(部門別解説).jpeg"
"45","/statistical-archives/img-lq/p.28(部門別解説).jpeg"
"46","/statistical-archives/img-lq/p.29(部門別解説).jpeg"
"47","/statistical-archives/img-lq/p.30(部門別解説).jpeg"
"48","/statistical-archives/img-lq/p.31(部門別解説).jpeg"
"49","/statistical-archives/img-lq/p.32(部門別解説).jpeg"
"50","/statistical-archives/img-lq/p.33(部門別解説).jpeg"
"51","/statistical-archives/img-lq/p.34(部門別解説).jpeg"
"52","/statistical-archives/img-lq/p.35(部門別解説).jpeg"
"53","/statistical-archives/img-lq/p.36(部門別解説).jpeg"
"54","/statistical-archives/img-lq/p.37(部門別解説).jpeg"
"55","/statistical-archives/img-lq/p.38(部門別解説).jpeg"
"56","/statistical-archives/img-lq/p.39(部門別解説).jpeg"
"57","/statistical-archives/img-lq/p.40(部門別解説).jpeg"
"58","/statistical-archives/img-lq/p.41(部門別解説).jpeg"
"59","/statistical-archives/img-lq/p.42(部門別解説).jpeg"
"60","/statistical-archives/img-lq/p.43(部門別解説).jpeg"
"61","/statistical-archives/img-lq/p.44(部門別解説).jpeg"
"62","/statistical-archives/img-lq/p.45(部門別解説).jpeg"
"63","/statistical-archives/img-lq/p.46(部門別解説).jpeg"
"64","/statistical-archives/img-lq/p.47(部門別解説).jpeg"
"65","/statistical-archives/img-lq/p.48(部門別解説).jpeg"
"66","/statistical-archives/img-lq/p.49(部門別解説).jpeg"
"67","/statistical-archives/img-lq/p.50(部門別解説).jpeg"
"68","/statistical-archives/img-lq/p.51(部門別解説).jpeg"
"69","/statistical-archives/img-lq/p.52(部門別解説).jpeg"
"70","/statistical-archives/img-lq/p.53(部門別解説).jpeg"
"71","/statistical-archives/img-lq/p.54(部門別解説).jpeg"
"72","/statistical-archives/img-lq/p.55(部門別解説).jpeg"
"73","/statistical-archives/img-lq/p.56(空白).jpeg"
"74","/statistical-archives/img-lq/p.57(中扉).jpeg"
"75","/statistical-archives/img-lq/p.58(気温-気圧-湿度).jpeg"
"76","/statistical-archives/img-lq/p.59(気温-気圧-湿度).jpeg"
"77","/statistical-archives/img-lq/p.60(風速-降水量-積雪量-日照時数).jpeg"
"78","/statistical-archives/img-lq/p.61(風速-降水量-積雪量-日照時数).jpeg"
"79","/statistical-archives/img-lq/p.62(天気日数-地震回数-霜雪期).jpeg"
"80","/statistical-archives/img-lq/p.63(天気日数-地震回数-霜雪期).jpeg"
"81","/statistical-archives/img-lq/p.64(地目別土地面積).jpeg"
"82","/statistical-archives/img-lq/p.65(地目別土地面積).jpeg"
"83","/statistical-archives/img-lq/p.66(地目別土地面積).jpeg"
"84","/statistical-archives/img-lq/p.67(地目別土地面積).jpeg"
"85","/statistical-archives/img-lq/p.68(民有地面積-地価).jpeg"
"86","/statistical-archives/img-lq/p.69(民有地面積-地価).jpeg"
"87","/statistical-archives/img-lq/p.70(有租地面積).jpeg"
"88","/statistical-archives/img-lq/p.71(明治42年-大正7年町別面積-道路).jpeg"
"89","/statistical-archives/img-lq/p.72(戸数-人口1-1).jpeg"
"90","/statistical-archives/img-lq/p.73(戸数-人口1-1).jpeg"
"91","/statistical-archives/img-lq/p.74(戸数-人口1-2).jpeg"
"92","/statistical-archives/img-lq/p.75(戸数-人口1-2).jpeg"
"93","/statistical-archives/img-lq/p.76(人口動態).jpeg"
"94","/statistical-archives/img-lq/p.77(人口動態).jpeg"
"95","/statistical-archives/img-lq/p.78(文化文政期町別戸口表).jpeg"
"96","/statistical-archives/img-lq/p.79(文化文政期町別戸口表).jpeg"
"97","/statistical-archives/img-lq/p.80(明治9年管内村町別戸口表1-1).jpeg"
"98","/statistical-archives/img-lq/p.81(明治9年管内村町別戸口表1-1).jpeg"
"99","/statistical-archives/img-lq/p.82(明治9年管内村町別戸口表1-2).jpeg"
"100","/statistical-archives/img-lq/p.83(明治9年管内村町別戸口表1-2).jpeg"
"101","/statistical-archives/img-lq/p.84(明治期町別戸口表).jpeg"
"102","/statistical-archives/img-lq/p.85(明治期町別戸口表).jpeg"
"103","/statistical-archives/img-lq/p.86(明治期町別戸口表).jpeg"
"104","/statistical-archives/img-lq/p.87(明治期町別戸口表).jpeg"
"105","/statistical-archives/img-lq/p.88(職業表1-1).jpeg"
"106","/statistical-archives/img-lq/p.89(職業表1-1).jpeg"
"107","/statistical-archives/img-lq/p.90(職業表1-2).jpeg"
"108","/statistical-archives/img-lq/p.91(職業表1-2).jpeg"
"109","/statistical-archives/img-lq/p.92(明治11年函館市中職業表1-1).jpeg"
"110","/statistical-archives/img-lq/p.93(明治11年函館市中職業表1-1).jpeg"
"111","/statistical-archives/img-lq/p.94(明治11年函館市中職業表1-2).jpeg"
"112","/statistical-archives/img-lq/p.95(明治11年函館市中職業表1-2).jpeg"
"113","/statistical-archives/img-lq/p.96(明治11年函館市中職業表1-3).jpeg"
"114","/statistical-archives/img-lq/p.97(明治11年函館市中職業表1-3).jpeg"
"115","/statistical-archives/img-lq/p.98(明治12年函館市中職業表1-1).jpeg"
"116","/statistical-archives/img-lq/p.99(明治12年函館市中職業表1-1).jpeg"
"117","/statistical-archives/img-lq/p.100(明治12年函館市中職業表1-2).jpeg"
"118","/statistical-archives/img-lq/p.101(明治12年函館市中職業表1-2).jpeg"
"119","/statistical-archives/img-lq/p.102(居留外国人戸口表1-1).jpeg"
"120","/statistical-archives/img-lq/p.103(居留外国人戸口表1-1).jpeg"
"121","/statistical-archives/img-lq/p.104(居留外国人戸口表1-2).jpeg"
"122","/statistical-archives/img-lq/p.105(居留外国人戸口表1-2).jpeg"
"123","/statistical-archives/img-lq/p.106(居留外国人職業表1).jpeg"
"124","/statistical-archives/img-lq/p.107(居留外国人職業表2).jpeg"
"125","/statistical-archives/img-lq/p.108(区内協議費収支決算1-1).jpeg"
"126","/statistical-archives/img-lq/p.109(区内協議費収支決算1-1).jpeg"
"127","/statistical-archives/img-lq/p.110(区内協議費収支決算1-2).jpeg"
"128","/statistical-archives/img-lq/p.111(区内協議費収支決算1-2).jpeg"
"129","/statistical-archives/img-lq/p.112(区費歳入決算1-1).jpeg"
"130","/statistical-archives/img-lq/p.113(区費歳入決算1-1).jpeg"
"131","/statistical-archives/img-lq/p.114(区費歳入決算1-1).jpeg"
"132","/statistical-archives/img-lq/p.115(区費歳入決算1-1).jpeg"
"133","/statistical-archives/img-lq/p.116(区費歳入決算1-1).jpeg"
"134","/statistical-archives/img-lq/p.117(区費歳入決算1-2).jpeg"
"135","/statistical-archives/img-lq/p.118(区費歳入決算1-2).jpeg"
"136","/statistical-archives/img-lq/p.119(区費歳入決算1-2).jpeg"
"137","/statistical-archives/img-lq/p.120(区費歳入決算1-2).jpeg"
"138","/statistical-archives/img-lq/p.121(区費歳入決算1-2).jpeg"
"139","/statistical-archives/img-lq/p.122(区費歳出経常部決算1-1).jpeg"
"140","/statistical-archives/img-lq/p.123(区費歳出経常部決算1-1).jpeg"
"141","/statistical-archives/img-lq/p.124(区費歳出経常部決算1-1).jpeg"
"142","/statistical-archives/img-lq/p.125(区費歳出経常部決算1-1).jpeg"
"143","/statistical-archives/img-lq/p.126(区費歳出経常部決算1-2).jpeg"
"144","/statistical-archives/img-lq/p.127(区費歳出経常部決算1-2).jpeg"
"145","/statistical-archives/img-lq/p.128(区費歳出経常部決算1-2).jpeg"
"146","/statistical-archives/img-lq/p.129(区費歳出経常部決算1-2).jpeg"
"147","/statistical-archives/img-lq/p.130(区費歳出臨時部決算1-1).jpeg"
"148","/statistical-archives/img-lq/p.131(区費歳出臨時部決算1-1).jpeg"
"149","/statistical-archives/img-lq/p.132(区費歳出臨時部決算1-1).jpeg"
"150","/statistical-archives/img-lq/p.133(区費歳出臨時部決算1-1).jpeg"
"151","/statistical-archives/img-lq/p.134(区費歳出臨時部決算1-2).jpeg"
"152","/statistical-archives/img-lq/p.135(区費歳出臨時部決算1-2).jpeg"
"153","/statistical-archives/img-lq/p.136(区費歳出臨時部決算1-2).jpeg"
"154","/statistical-archives/img-lq/p.137(区費歳出臨時部決算1-2).jpeg"
"155","/statistical-archives/img-lq/p.138(市歳入決算1-1).jpeg"
"156","/statistical-archives/img-lq/p.139(市歳入決算1-1).jpeg"
"157","/statistical-archives/img-lq/p.140(市歳入決算1-1).jpeg"
"158","/statistical-archives/img-lq/p.141(市歳入決算1-1).jpeg"
"159","/statistical-archives/img-lq/p.142(市歳入決算1-2).jpeg"
"160","/statistical-archives/img-lq/p.143(市歳入決算1-2).jpeg"
"161","/statistical-archives/img-lq/p.144(市歳入決算1-2).jpeg"
"162","/statistical-archives/img-lq/p.145(市歳入決算1-2).jpeg"
"163","/statistical-archives/img-lq/p.146(市歳入決算2-1).jpeg"
"164","/statistical-archives/img-lq/p.147(市歳入決算2-1).jpeg"
"165","/statistical-archives/img-lq/p.148(市歳入決算2-2).jpeg"
"166","/statistical-archives/img-lq/p.149(市歳入決算2-2).jpeg"
"167","/statistical-archives/img-lq/p.150(市歳入決算2-3).jpeg"
"168","/statistical-archives/img-lq/p.151(市歳入決算2-3).jpeg"
"169","/statistical-archives/img-lq/p.152(市歳入決算3-1).jpeg"
"170","/statistical-archives/img-lq/p.153(市歳入決算3-1).jpeg"
"171","/statistical-archives/img-lq/p.154(市歳入決算3-1).jpeg"
"172","/statistical-archives/img-lq/p.155(市歳入決算3-2).jpeg"
"173","/statistical-archives/img-lq/p.156(市歳入決算3-2).jpeg"
"174","/statistical-archives/img-lq/p.157(市歳入決算3-2).jpeg"
"175","/statistical-archives/img-lq/p.158(市歳入決算3-3).jpeg"
"176","/statistical-archives/img-lq/p.159(市歳入決算3-3).jpeg"
"177","/statistical-archives/img-lq/p.160(市歳入決算3-3).jpeg"
"178","/statistical-archives/img-lq/p.161(市歳入決算3-4).jpeg"
"179","/statistical-archives/img-lq/p.162(市歳入決算3-4).jpeg"
"180","/statistical-archives/img-lq/p.163(市歳入決算3-4).jpeg"
"181","/statistical-archives/img-lq/p.164(市歳入決算3-5).jpeg"
"182","/statistical-archives/img-lq/p.165(市歳入決算3-5).jpeg"
"183","/statistical-archives/img-lq/p.166(市歳入決算3-5).jpeg"
"184","/statistical-archives/img-lq/p.167(市歳入決算4-1).jpeg"
"185","/statistical-archives/img-lq/p.168(市歳入決算4-1).jpeg"
"186","/statistical-archives/img-lq/p.169(市歳入決算4-1).jpeg"
"187","/statistical-archives/img-lq/p.170(市歳入決算4-2).jpeg"
"188","/statistical-archives/img-lq/p.171(市歳入決算4-2).jpeg"
"189","/statistical-archives/img-lq/p.172(市歳入決算4-2).jpeg"
"190","/statistical-archives/img-lq/p.173(市歳入決算4-3).jpeg"
"191","/statistical-archives/img-lq/p.174(市歳入決算4-3).jpeg"
"192","/statistical-archives/img-lq/p.175(市歳入決算4-3).jpeg"
"193","/statistical-archives/img-lq/p.176(市歳出経常部決算1-1).jpeg"
"194","/statistical-archives/img-lq/p.177(市歳出経常部決算1-1).jpeg"
"195","/statistical-archives/img-lq/p.178(市歳出経常部決算1-1).jpeg"
"196","/statistical-archives/img-lq/p.179(市歳出経常部決算1-2).jpeg"
"197","/statistical-archives/img-lq/p.180(市歳出経常部決算1-2).jpeg"
"198","/statistical-archives/img-lq/p.181(市歳出経常部決算1-2).jpeg"
"199","/statistical-archives/img-lq/p.182(市歳出経常部決算1-3).jpeg"
"200","/statistical-archives/img-lq/p.183(市歳出経常部決算1-3).jpeg"
"201","/statistical-archives/img-lq/p.184(市歳出経常部決算1-3).jpeg"
"202","/statistical-archives/img-lq/p.185(市歳出臨時部決算1-1).jpeg"
"203","/statistical-archives/img-lq/p.186(市歳出臨時部決算1-1).jpeg"
"204","/statistical-archives/img-lq/p.187(市歳出臨時部決算1-1).jpeg"
"205","/statistical-archives/img-lq/p.188(市歳出臨時部決算1-2).jpeg"
"206","/statistical-archives/img-lq/p.189(市歳出臨時部決算1-2).jpeg"
"207","/statistical-archives/img-lq/p.190(市歳出臨時部決算1-2).jpeg"
"208","/statistical-archives/img-lq/p.191(市歳出臨時部決算1-3).jpeg"
"209","/statistical-archives/img-lq/p.192(市歳出臨時部決算1-3).jpeg"
"210","/statistical-archives/img-lq/p.193(市歳出臨時部決算1-3).jpeg"
"211","/statistical-archives/img-lq/p.194(市歳出経常部決算2-1).jpeg"
"212","/statistical-archives/img-lq/p.195(市歳出経常部決算2-1).jpeg"
"213","/statistical-archives/img-lq/p.196(市歳出経常部決算2-2).jpeg"
"214","/statistical-archives/img-lq/p.197(市歳出経常部決算2-2).jpeg"
"215","/statistical-archives/img-lq/p.198(市歳出経常部決算2-3).jpeg"
"216","/statistical-archives/img-lq/p.199(市歳出経常部決算2-3).jpeg"
"217","/statistical-archives/img-lq/p.200(市歳出経常部決算2-4).jpeg"
"218","/statistical-archives/img-lq/p.201(市歳出経常部決算2-4).jpeg"
"219","/statistical-archives/img-lq/p.202(市歳出臨時部決算2-1).jpeg"
"220","/statistical-archives/img-lq/p.203(市歳出臨時部決算2-1).jpeg"
"221","/statistical-archives/img-lq/p.204(市歳出臨時部決算2-2).jpeg"
"222","/statistical-archives/img-lq/p.205(市歳出臨時部決算2-2).jpeg"
"223","/statistical-archives/img-lq/p.206(市歳出臨時部決算2-3).jpeg"
"224","/statistical-archives/img-lq/p.207(市歳出臨時部決算2-3).jpeg"
"225","/statistical-archives/img-lq/p.208(市歳出決算3-1).jpeg"
"226","/statistical-archives/img-lq/p.209(市歳出決算3-1).jpeg"
"227","/statistical-archives/img-lq/p.210(市歳出決算3-1).jpeg"
"228","/statistical-archives/img-lq/p.211(市歳出決算3-2).jpeg"
"229","/statistical-archives/img-lq/p.212(市歳出決算3-2).jpeg"
"230","/statistical-archives/img-lq/p.213(市歳出決算3-2).jpeg"
"231","/statistical-archives/img-lq/p.214(市歳出決算3-3).jpeg"
"232","/statistical-archives/img-lq/p.215(市歳出決算3-3).jpeg"
"233","/statistical-archives/img-lq/p.216(市歳出決算3-3).jpeg"
"234","/statistical-archives/img-lq/p.217(市歳出決算3-4).jpeg"
"235","/statistical-archives/img-lq/p.218(市歳出決算3-4).jpeg"
"236","/statistical-archives/img-lq/p.219(市歳出決算3-4).jpeg"
"237","/statistical-archives/img-lq/p.220(市歳出決算4-1).jpeg"
"238","/statistical-archives/img-lq/p.221(市歳出決算4-1).jpeg"
"239","/statistical-archives/img-lq/p.222(市歳出決算4-1).jpeg"
"240","/statistical-archives/img-lq/p.223(市歳出決算4-2).jpeg"
"241","/statistical-archives/img-lq/p.224(市歳出決算4-2).jpeg"
"242","/statistical-archives/img-lq/p.225(市歳出決算4-2).jpeg"
"243","/statistical-archives/img-lq/p.226(市歳出決算4-3).jpeg"
"244","/statistical-archives/img-lq/p.227(市歳出決算4-3).jpeg"
"245","/statistical-archives/img-lq/p.228(市歳出決算4-3).jpeg"
"246","/statistical-archives/img-lq/p.229(市歳出決算4-4).jpeg"
"247","/statistical-archives/img-lq/p.230(市歳出決算4-4).jpeg"
"248","/statistical-archives/img-lq/p.231(市歳出決算4-4).jpeg"
"249","/statistical-archives/img-lq/p.232(市歳出決算4-5).jpeg"
"250","/statistical-archives/img-lq/p.233(市歳出決算4-5).jpeg"
"251","/statistical-archives/img-lq/p.234(市歳出決算4-5).jpeg"
"252","/statistical-archives/img-lq/p.235(市歳出決算4-6).jpeg"
"253","/statistical-archives/img-lq/p.236(市歳出決算4-6).jpeg"
"254","/statistical-archives/img-lq/p.237(市歳出決算4-6).jpeg"
"255","/statistical-archives/img-lq/p.238(区-市特別会計歳入歳出決算).jpeg"
"256","/statistical-archives/img-lq/p.239(区-市特別会計歳入歳出決算).jpeg"
"257","/statistical-archives/img-lq/p.240(区内共有金1_会社銀行年賦寄付金).jpeg"
"258","/statistical-archives/img-lq/p.241(区内共有金1_会社銀行年賦寄付金).jpeg"
"259","/statistical-archives/img-lq/p.242(区内共有金2_備荒貯蓄金).jpeg"
"260","/statistical-archives/img-lq/p.243(区内共有金2_備荒貯蓄金).jpeg"
"261","/statistical-archives/img-lq/p.244(教育蓄積金-公立小学校費-函館女学校費).jpeg"
"262","/statistical-archives/img-lq/p.245(教育蓄積金-公立小学校費-函館女学校費).jpeg"
"263","/statistical-archives/img-lq/p.246(共有基本金).jpeg"
"264","/statistical-archives/img-lq/p.247(共有基本金).jpeg"
"265","/statistical-archives/img-lq/p.248(共有基本金).jpeg"
"266","/statistical-archives/img-lq/p.249(私立小学校経費(参考)).jpeg"
"267","/statistical-archives/img-lq/p.250(育児費-育児特別基本金).jpeg"
"268","/statistical-archives/img-lq/p.251(育児費-育児特別基本金).jpeg"
"269","/statistical-archives/img-lq/p.252(水道起業蓄積金_水道副管調査費_函館水道費_函館水道増設工事費_赤川水源測量費).jpeg"
"270","/statistical-archives/img-lq/p.253(水道保存蓄積金_若松町海面埋立工事_函館港改良工事).jpeg"
"271","/statistical-archives/img-lq/p.254(給水工事費_上水道拡張費_温泉費).jpeg"
"272","/statistical-archives/img-lq/p.255(給水工事費_上水道拡張費_温泉費).jpeg"
"273","/statistical-archives/img-lq/p.256(水道費).jpeg"
"274","/statistical-archives/img-lq/p.257(水道費).jpeg"
"275","/statistical-archives/img-lq/p.258(水道費).jpeg"
"276","/statistical-archives/img-lq/p.259(水道費).jpeg"
"277","/statistical-archives/img-lq/p.260(水道事業費).jpeg"
"278","/statistical-archives/img-lq/p.261(復興事業費_結核予防並窮民治療事業資金).jpeg"
"279","/statistical-archives/img-lq/p.262(基本財産).jpeg"
"280","/statistical-archives/img-lq/p.263(基本財産).jpeg"
"281","/statistical-archives/img-lq/p.264(特別基本財産_窮民救助費_窮民救助費特別基本財産).jpeg"
"282","/statistical-archives/img-lq/p.265(特別基本財産_窮民救助費_窮民救助費特別基本財産).jpeg"
"283","/statistical-archives/img-lq/p.266(特別基本財産_窮民救助費).jpeg"
"284","/statistical-archives/img-lq/p.267(特別基本財産_窮民救助費).jpeg"
"285","/statistical-archives/img-lq/p.268(社会事業資金_慈善事業資金_教育基本財産).jpeg"
"286","/statistical-archives/img-lq/p.269(社会事業資金_慈善事業資金_教育基本財産).jpeg"
"287","/statistical-archives/img-lq/p.270(社会事業資金_慈善事業資金_木島社会事業資金).jpeg"
"288","/statistical-archives/img-lq/p.271(公益質屋費).jpeg"
"289","/statistical-archives/img-lq/p.272(公益質屋費).jpeg"
"290","/statistical-archives/img-lq/p.273(公益質屋費).jpeg"
"291","/statistical-archives/img-lq/p.274(交通事業費1_交通事業資金).jpeg"
"292","/statistical-archives/img-lq/p.275(交通事業費2).jpeg"
"293","/statistical-archives/img-lq/p.276(区立病院費_区立病院維持蓄積金).jpeg"
"294","/statistical-archives/img-lq/p.277(区立病院費_区立病院維持蓄積金).jpeg"
"295","/statistical-archives/img-lq/p.278(函館病院費1).jpeg"
"296","/statistical-archives/img-lq/p.279(函館病院費1).jpeg"
"297","/statistical-archives/img-lq/p.280(函館病院費1).jpeg"
"298","/statistical-archives/img-lq/p.281(函館病院費1).jpeg"
"299","/statistical-archives/img-lq/p.282(函館病院費1).jpeg"
"300","/statistical-archives/img-lq/p.283(函館病院費1).jpeg"
"301","/statistical-archives/img-lq/p.284(函館病院費2-1).jpeg"
"302","/statistical-archives/img-lq/p.285(函館病院費2-1).jpeg"
"303","/statistical-archives/img-lq/p.286(函館病院費2-1).jpeg"
"304","/statistical-archives/img-lq/p.287(函館病院費2-2).jpeg"
"305","/statistical-archives/img-lq/p.288(函館病院費2-1).jpeg"
"306","/statistical-archives/img-lq/p.289(函館病院費2-1).jpeg"
"307","/statistical-archives/img-lq/p.290(大森町有財産).jpeg"
"308","/statistical-archives/img-lq/p.291(大森町有財産).jpeg"
"309","/statistical-archives/img-lq/p.292(自転車競争事業費1_自転車競争事業費2).jpeg"
"310","/statistical-archives/img-lq/p.293(自転車競争事業費1_自転車競争事業費2).jpeg"
"311","/statistical-archives/img-lq/p.294(自転車競争事業費1_自転車競争事業費2).jpeg"
"312","/statistical-archives/img-lq/p.295(魚卸売市場事業費).jpeg"
"313","/statistical-archives/img-lq/p.296(奨学資金).jpeg"
"314","/statistical-archives/img-lq/p.297(奨学資金).jpeg"
"315","/statistical-archives/img-lq/p.298(港湾事業費1).jpeg"
"316","/statistical-archives/img-lq/p.299(港湾事業費1).jpeg"
"317","/statistical-archives/img-lq/p.300(港湾事業費2-1).jpeg"
"318","/statistical-archives/img-lq/p.301(港湾事業費2-1).jpeg"
"319","/statistical-archives/img-lq/p.302(港湾事業費2-1).jpeg"
"320","/statistical-archives/img-lq/p.303(港湾事業費2-2).jpeg"
"321","/statistical-archives/img-lq/p.304(港湾事業費2-2).jpeg"
"322","/statistical-archives/img-lq/p.305(港湾事業費2-2).jpeg"
"323","/statistical-archives/img-lq/p.306(と畜場費).jpeg"
"324","/statistical-archives/img-lq/p.307(と畜場費_国民健康保険事業費1).jpeg"
"325","/statistical-archives/img-lq/p.308(国民健康保険事業費2).jpeg"
"326","/statistical-archives/img-lq/p.309(国民健康保険事業費2).jpeg"
"327","/statistical-archives/img-lq/p.310(国民健康保険事業費2).jpeg"
"328","/statistical-archives/img-lq/p.311(下水道事業費).jpeg"
"329","/statistical-archives/img-lq/p.312(下水道事業費).jpeg"
"330","/statistical-archives/img-lq/p.313(下水道事業費).jpeg"
"331","/statistical-archives/img-lq/p.314(交通災害共済事業費_育英資金_中央卸売市場事業).jpeg"
"332","/statistical-archives/img-lq/p.315(交通災害共済事業費_育英資金_社会福祉施設整備資金).jpeg"
"333","/statistical-archives/img-lq/p.316(企業会計水道事業1-1).jpeg"
"334","/statistical-archives/img-lq/p.317(企業会計水道事業1-1).jpeg"
"335","/statistical-archives/img-lq/p.318(企業会計水道事業1-1).jpeg"
"336","/statistical-archives/img-lq/p.319(企業会計水道事業1-1).jpeg"
"337","/statistical-archives/img-lq/p.320(企業会計水道事業1-1).jpeg"
"338","/statistical-archives/img-lq/p.321(企業会計水道事業1-2).jpeg"
"339","/statistical-archives/img-lq/p.322(企業会計水道事業1-2).jpeg"
"340","/statistical-archives/img-lq/p.323(企業会計水道事業1-2).jpeg"
"341","/statistical-archives/img-lq/p.324(企業会計水道事業1-2).jpeg"
"342","/statistical-archives/img-lq/p.325(企業会計水道事業1-2).jpeg"
"343","/statistical-archives/img-lq/p.326(企業会計温泉事業1-1).jpeg"
"344","/statistical-archives/img-lq/p.327(企業会計温泉事業1-1).jpeg"
"345","/statistical-archives/img-lq/p.328(企業会計温泉事業1-2).jpeg"
"346","/statistical-archives/img-lq/p.329(企業会計温泉事業1-2).jpeg"
"347","/statistical-archives/img-lq/p.330(企業会計交通事業1-1).jpeg"
"348","/statistical-archives/img-lq/p.331(企業会計交通事業1-1).jpeg"
"349","/statistical-archives/img-lq/p.332(企業会計交通事業1-1).jpeg"
"350","/statistical-archives/img-lq/p.333(企業会計交通事業1-1).jpeg"
"351","/statistical-archives/img-lq/p.334(企業会計交通事業1-1).jpeg"
"352","/statistical-archives/img-lq/p.335(企業会計交通事業1-2).jpeg"
"353","/statistical-archives/img-lq/p.336(企業会計交通事業1-2).jpeg"
"354","/statistical-archives/img-lq/p.337(企業会計交通事業1-2).jpeg"
"355","/statistical-archives/img-lq/p.338(企業会計交通事業1-2).jpeg"
"356","/statistical-archives/img-lq/p.339(企業会計交通事業1-2).jpeg"
"357","/statistical-archives/img-lq/p.340(企業会計病院事業1-1).jpeg"
"358","/statistical-archives/img-lq/p.341(企業会計病院事業1-1).jpeg"
"359","/statistical-archives/img-lq/p.342(企業会計病院事業1-1).jpeg"
"360","/statistical-archives/img-lq/p.343(企業会計病院事業1-2).jpeg"
"361","/statistical-archives/img-lq/p.344(企業会計病院事業1-2).jpeg"
"362","/statistical-archives/img-lq/p.345(企業会計病院事業1-2).jpeg"
"363","/statistical-archives/img-lq/p.346(企業会計病院事業1-3).jpeg"
"364","/statistical-archives/img-lq/p.347(企業会計病院事業1-3).jpeg"
"365","/statistical-archives/img-lq/p.348(企業会計病院事業1-3).jpeg"
"366","/statistical-archives/img-lq/p.349(企業会計中央卸売市場事業).jpeg"
"367","/statistical-archives/img-lq/p.350(企業会計港湾埋立事業).jpeg"
"368","/statistical-archives/img-lq/p.351(企業会計港湾埋立事業).jpeg"
"369","/statistical-archives/img-lq/p.352(区税).jpeg"
"370","/statistical-archives/img-lq/p.353(区税).jpeg"
"371","/statistical-archives/img-lq/p.354(区税).jpeg"
"372","/statistical-archives/img-lq/p.355(市税1).jpeg"
"373","/statistical-archives/img-lq/p.356(市税2).jpeg"
"374","/statistical-archives/img-lq/p.357(市税2).jpeg"
"375","/statistical-archives/img-lq/p.358(市税3).jpeg"
"376","/statistical-archives/img-lq/p.359(市税3).jpeg"
"377","/statistical-archives/img-lq/p.360(地方税).jpeg"
"378","/statistical-archives/img-lq/p.361(地方税).jpeg"
"379","/statistical-archives/img-lq/p.362(地方税).jpeg"
"380","/statistical-archives/img-lq/p.363(地方税).jpeg"
"381","/statistical-archives/img-lq/p.364(国税).jpeg"
"382","/statistical-archives/img-lq/p.365(国税).jpeg"
"383","/statistical-archives/img-lq/p.366(区会議員選挙).jpeg"
"384","/statistical-archives/img-lq/p.367(区会議員選挙).jpeg"
"385","/statistical-archives/img-lq/p.368(区会議員選挙).jpeg"
"386","/statistical-archives/img-lq/p.369(区会議員選挙).jpeg"
"387","/statistical-archives/img-lq/p.370(区会議員選挙).jpeg"
"388","/statistical-archives/img-lq/p.371(区会議員選挙).jpeg"
"389","/statistical-archives/img-lq/p.372(区会議員選挙).jpeg"
"390","/statistical-archives/img-lq/p.373(区会議員選挙).jpeg"
"391","/statistical-archives/img-lq/p.374(区会議員選挙).jpeg"
"392","/statistical-archives/img-lq/p.375(区会議員選挙).jpeg"
"393","/statistical-archives/img-lq/p.376(区会議員選挙).jpeg"
"394","/statistical-archives/img-lq/p.377(区会議員選挙).jpeg"
"395","/statistical-archives/img-lq/p.378(区会議員選挙).jpeg"
"396","/statistical-archives/img-lq/p.379(市会議員選挙).jpeg"
"397","/statistical-archives/img-lq/p.380(市会議員選挙).jpeg"
"398","/statistical-archives/img-lq/p.381(市会議員選挙).jpeg"
"399","/statistical-archives/img-lq/p.382(市会議員選挙).jpeg"
"400","/statistical-archives/img-lq/p.383(市会議員選挙).jpeg"
"401","/statistical-archives/img-lq/p.384(市会議員選挙).jpeg"
"402","/statistical-archives/img-lq/p.385(函館区-市会議員選挙執行状況).jpeg"
"403","/statistical-archives/img-lq/p.386(北海道議会議員選挙).jpeg"
"404","/statistical-archives/img-lq/p.387(北海道議会議員選挙).jpeg"
"405","/statistical-archives/img-lq/p.388(北海道議会議員選挙).jpeg"
"406","/statistical-archives/img-lq/p.389(北海道議会議員選挙).jpeg"
"407","/statistical-archives/img-lq/p.390(衆議院議員選挙).jpeg"
"408","/statistical-archives/img-lq/p.391(衆議院議員選挙).jpeg"
"409","/statistical-archives/img-lq/p.392(衆議院議員選挙).jpeg"
"410","/statistical-archives/img-lq/p.393(衆議院議員選挙執行状況).jpeg"
"411","/statistical-archives/img-lq/p.394(参議院議員北海道地方区選挙).jpeg"
"412","/statistical-archives/img-lq/p.395(参議院議員北海道地方区選挙).jpeg"
"413","/statistical-archives/img-lq/p.396(空白).jpeg"
"414","/statistical-archives/img-lq/p.397(中扉).jpeg"
"415","/statistical-archives/img-lq/p.398(農業戸数-人口-耕地).jpeg"
"416","/statistical-archives/img-lq/p.399(農業戸数-人口-耕地).jpeg"
"417","/statistical-archives/img-lq/p.400(農家数-農家人口).jpeg"
"418","/statistical-archives/img-lq/p.401(経営耕地別面積).jpeg"
"419","/statistical-archives/img-lq/p.402(主要農作物作付面積(戦前)).jpeg"
"420","/statistical-archives/img-lq/p.403(主要農作物作付面積(戦前)).jpeg"
"421","/statistical-archives/img-lq/p.404(主要農作物作付面積(戦後)).jpeg"
"422","/statistical-archives/img-lq/p.405(主要農作物作付面積(戦後)).jpeg"
"423","/statistical-archives/img-lq/p.406(家畜-家舎).jpeg"
"424","/statistical-archives/img-lq/p.407(家畜飼養戸数-頭数).jpeg"
"425","/statistical-archives/img-lq/p.408(生売水産物数量).jpeg"
"426","/statistical-archives/img-lq/p.409(生売水産物数量).jpeg"
"427","/statistical-archives/img-lq/p.410(生売水産物金額).jpeg"
"428","/statistical-archives/img-lq/p.411(生売水産物金額).jpeg"
"429","/statistical-archives/img-lq/p.412(輸出生魚数量-金額).jpeg"
"430","/statistical-archives/img-lq/p.413(輸出生魚数量-金額).jpeg"
"431","/statistical-archives/img-lq/p.414(製造水産物水量1-1).jpeg"
"432","/statistical-archives/img-lq/p.415(製造水産物水量1-1).jpeg"
"433","/statistical-archives/img-lq/p.416(製造水産物水量1-1).jpeg"
"434","/statistical-archives/img-lq/p.417(製造水産物水量1-2).jpeg"
"435","/statistical-archives/img-lq/p.418(製造水産物水量1-2).jpeg"
"436","/statistical-archives/img-lq/p.419(製造水産物水量1-2).jpeg"
"437","/statistical-archives/img-lq/p.420(製造水産物金額1-1).jpeg"
"438","/statistical-archives/img-lq/p.421(製造水産物金額1-1).jpeg"
"439","/statistical-archives/img-lq/p.422(製造水産物金額1-1).jpeg"
"440","/statistical-archives/img-lq/p.423(製造水産物金額1-2).jpeg"
"441","/statistical-archives/img-lq/p.424(製造水産物金額1-2).jpeg"
"442","/statistical-archives/img-lq/p.425(製造水産物金額1-2).jpeg"
"443","/statistical-archives/img-lq/p.426(水産製品生産量1-1).jpeg"
"444","/statistical-archives/img-lq/p.427(水産製品生産量1-1).jpeg"
"445","/statistical-archives/img-lq/p.428(水産製品生産量1-1).jpeg"
"446","/statistical-archives/img-lq/p.429(水産製品生産量1-1).jpeg"
"447","/statistical-archives/img-lq/p.430(水産製品生産量1-2).jpeg"
"448","/statistical-archives/img-lq/p.431(水産製品生産量1-2).jpeg"
"449","/statistical-archives/img-lq/p.432(水産製品生産量1-2).jpeg"
"450","/statistical-archives/img-lq/p.433(水産製品生産量1-3).jpeg"
"451","/statistical-archives/img-lq/p.434(水産製品生産量1-3).jpeg"
"452","/statistical-archives/img-lq/p.435(水産製品生産量1-3).jpeg"
"453","/statistical-archives/img-lq/p.436(水産製品生産量1-3).jpeg"
"454","/statistical-archives/img-lq/p.437(水産製品生産量1-3).jpeg"
"455","/statistical-archives/img-lq/p.438(水産製品生産金額1-1).jpeg"
"456","/statistical-archives/img-lq/p.439(水産製品生産金額1-1).jpeg"
"457","/statistical-archives/img-lq/p.440(水産製品生産金額1-1).jpeg"
"458","/statistical-archives/img-lq/p.441(水産製品生産金額1-1).jpeg"
"459","/statistical-archives/img-lq/p.442(水産製品生産金額1-2).jpeg"
"460","/statistical-archives/img-lq/p.443(水産製品生産金額1-2).jpeg"
"461","/statistical-archives/img-lq/p.444(水産製品生産金額1-2).jpeg"
"462","/statistical-archives/img-lq/p.445(水産製品生産金額1-2).jpeg"
"463","/statistical-archives/img-lq/p.446(水産製品生産金額1-3).jpeg"
"464","/statistical-archives/img-lq/p.447(水産製品生産金額1-3).jpeg"
"465","/statistical-archives/img-lq/p.448(水産製品生産金額1-3).jpeg"
"466","/statistical-archives/img-lq/p.449(水産製品生産金額1-3).jpeg"
"467","/statistical-archives/img-lq/p.450(魚種別漁獲量).jpeg"
"468","/statistical-archives/img-lq/p.451(魚種別漁獲金額).jpeg"
"469","/statistical-archives/img-lq/p.452(魚種別漁獲量).jpeg"
"470","/statistical-archives/img-lq/p.453(魚種別漁獲量).jpeg"
"471","/statistical-archives/img-lq/p.454(魚種別漁獲量).jpeg"
"472","/statistical-archives/img-lq/p.455(魚種別漁獲量).jpeg"
"473","/statistical-archives/img-lq/p.456(魚種別漁獲金額).jpeg"
"474","/statistical-archives/img-lq/p.457(魚種別漁獲金額).jpeg"
"475","/statistical-archives/img-lq/p.458(魚種別漁獲金額).jpeg"
"476","/statistical-archives/img-lq/p.459(魚種別漁獲金額).jpeg"
"477","/statistical-archives/img-lq/p.460(漁業別漁獲量).jpeg"
"478","/statistical-archives/img-lq/p.461(漁業別漁獲金額).jpeg"
"479","/statistical-archives/img-lq/p.462(漁業別漁獲量).jpeg"
"480","/statistical-archives/img-lq/p.463(漁業別漁獲金額).jpeg"
"481","/statistical-archives/img-lq/p.464(漁業別漁獲金額).jpeg"
"482","/statistical-archives/img-lq/p.465(漁業別漁獲金額).jpeg"
"483","/statistical-archives/img-lq/p.466(漁業別漁獲金額).jpeg"
"484","/statistical-archives/img-lq/p.467(漁業別漁獲金額).jpeg"
"485","/statistical-archives/img-lq/p.468(水産業家戸数-人口).jpeg"
"486","/statistical-archives/img-lq/p.469(魚網-漁船).jpeg"
"487","/statistical-archives/img-lq/p.470(漁網).jpeg"
"488","/statistical-archives/img-lq/p.471(漁夫入稼出稼).jpeg"
"489","/statistical-archives/img-lq/p.472(漁業経営体-漁業者1-1).jpeg"
"490","/statistical-archives/img-lq/p.473(漁業経営体-漁業者1-1).jpeg"
"491","/statistical-archives/img-lq/p.474(漁業経営体-漁業者1-1).jpeg"
"492","/statistical-archives/img-lq/p.475(漁業経営体-漁業者1-1).jpeg"
"493","/statistical-archives/img-lq/p.476(漁業経営体-漁業者1-2).jpeg"
"494","/statistical-archives/img-lq/p.477(漁業経営体-漁業者1-2).jpeg"
"495","/statistical-archives/img-lq/p.478(漁業経営体-漁業者1-2).jpeg"
"496","/statistical-archives/img-lq/p.479(漁業経営体-漁業者1-2).jpeg"
"497","/statistical-archives/img-lq/p.480(漁業経営体-漁業者1-3).jpeg"
"498","/statistical-archives/img-lq/p.481(漁業経営体-漁業者1-3).jpeg"
"499","/statistical-archives/img-lq/p.482(漁業経営体-漁業者1-3).jpeg"
"500","/statistical-archives/img-lq/p.483(漁業経営体-漁業者1-3).jpeg"
"501","/statistical-archives/img-lq/p.484(漁業経営体-漁業者1-4).jpeg"
"502","/statistical-archives/img-lq/p.485(漁業経営体-漁業者1-4).jpeg"
"503","/statistical-archives/img-lq/p.486(漁業経営体-漁業者1-4).jpeg"
"504","/statistical-archives/img-lq/p.487(漁業経営体-漁業者1-4).jpeg"
"505","/statistical-archives/img-lq/p.488(租借-経営鮭鱒漁区数-魚種別漁獲量).jpeg"
"506","/statistical-archives/img-lq/p.489(監視区別経営漁区数-魚種別漁獲量).jpeg"
"507","/statistical-archives/img-lq/p.490(監視区別経営漁区数-魚種別漁獲量).jpeg"
"508","/statistical-archives/img-lq/p.491(監視区別経営漁区数-魚種別漁獲量).jpeg"
"509","/statistical-archives/img-lq/p.492(監視区別経営漁区数-魚種別漁獲量).jpeg"
"510","/statistical-archives/img-lq/p.493(監視区別経営漁区数-魚種別漁獲量).jpeg"
"511","/statistical-archives/img-lq/p.494(塩鮭鱒生産量).jpeg"
"512","/statistical-archives/img-lq/p.495(鮭鱒蟹缶詰生産量-金額).jpeg"
"513","/statistical-archives/img-lq/p.496(鮭鱒蟹缶詰生産量-金額_使用船舶-トン数).jpeg"
"514","/statistical-archives/img-lq/p.497(使用船舶数).jpeg"
"515","/statistical-archives/img-lq/p.498(漁業塩産出国別使用量).jpeg"
"516","/statistical-archives/img-lq/p.499(職業別従業員数_府県別従業員数).jpeg"
"517","/statistical-archives/img-lq/p.500(府県別露領水産組合員数).jpeg"
"518","/statistical-archives/img-lq/p.501(府県別露領水産組合員数).jpeg"
"519","/statistical-archives/img-lq/p.502(府県別露領水産組合員名簿).jpeg"
"520","/statistical-archives/img-lq/p.503(府県別露領水産組合員名簿).jpeg"
"521","/statistical-archives/img-lq/p.504(府県別露領水産組合員名簿).jpeg"
"522","/statistical-archives/img-lq/p.506(監視区別-漁区別借区者異動-漁獲量-西南区).jpeg"
"523","/statistical-archives/img-lq/p.507(監視区別-漁区別借区者異動-漁獲量-西南区).jpeg"
"524","/statistical-archives/img-lq/p.508(監視区別-漁区別借区者異動-漁獲量-西南区).jpeg"
"525","/statistical-archives/img-lq/p.509(監視区別-漁区別借区者異動-漁獲量-西南区).jpeg"
"526","/statistical-archives/img-lq/p.510(監視区別-漁区別借区者異動-漁獲量-西南区).jpeg"
"527","/statistical-archives/img-lq/p.511(監視区別-漁区別借区者異動-漁獲量-西南区).jpeg"
"528","/statistical-archives/img-lq/p.512(監視区別-漁区別借区者異動-漁獲量-サガレン区).jpeg"
"529","/statistical-archives/img-lq/p.513(監視区別-漁区別借区者異動-漁獲量-サガレン区).jpeg"
"530","/statistical-archives/img-lq/p.514(監視区別-漁区別借区者異動-漁獲量-オホストスキー).jpeg"
"531","/statistical-archives/img-lq/p.515(監視区別-漁区別借区者異動-漁獲量-オホストスキー).jpeg"
"532","/statistical-archives/img-lq/p.516(監視区別-漁区別借区者異動-漁獲量-オホストスキー).jpeg"
"533","/statistical-archives/img-lq/p.517(監視区別-漁区別借区者異動-漁獲量-オホストスキー).jpeg"
"534","/statistical-archives/img-lq/p.518(監視区別-漁区別借区者異動-漁獲量-オホストスキー).jpeg"
"535","/statistical-archives/img-lq/p.519(監視区別-漁区別借区者異動-漁獲量-オホストスキー).jpeg"
"536","/statistical-archives/img-lq/p.520(監視区別-漁区別借区者異動-漁獲量-オホストスキー).jpeg"
"537","/statistical-archives/img-lq/p.521(監視区別-漁区別借区者異動-漁獲量-オホストスキー).jpeg"
"538","/statistical-archives/img-lq/p.522(監視区別-漁区別借区者異動-漁獲量-オホストスキー).jpeg"
"539","/statistical-archives/img-lq/p.523(監視区別-漁区別借区者異動-漁獲量-オホストスキー).jpeg"
"540","/statistical-archives/img-lq/p.524(監視区別-漁区別借区者異動-漁獲量-オホストスキー).jpeg"
"541","/statistical-archives/img-lq/p.525(監視区別-漁区別借区者異動-漁獲量-ギジギンスキー).jpeg"
"542","/statistical-archives/img-lq/p.526(監視区別-漁区別借区者異動-漁獲量-ギジギンスキー).jpeg"
"543","/statistical-archives/img-lq/p.527(監視区別-漁区別借区者異動-漁獲量-ギジギンスキー).jpeg"
"544","/statistical-archives/img-lq/p.528(監視区別-漁区別借区者異動-漁獲量-ギジギンスキー).jpeg"
"545","/statistical-archives/img-lq/p.529(監視区別-漁区別借区者異動-漁獲量-西カムチャツカ区1).jpeg"
"546","/statistical-archives/img-lq/p.530(監視区別-漁区別借区者異動-漁獲量-西カムチャツカ区1).jpeg"
"547","/statistical-archives/img-lq/p.531(監視区別-漁区別借区者異動-漁獲量-西カムチャツカ区1).jpeg"
"548","/statistical-archives/img-lq/p.532(監視区別-漁区別借区者異動-漁獲量-西カムチャツカ区1).jpeg"
"549","/statistical-archives/img-lq/p.533(監視区別-漁区別借区者異動-漁獲量-西カムチャツカ区1).jpeg"
"550","/statistical-archives/img-lq/p.534(監視区別-漁区別借区者異動-漁獲量-西カムチャツカ区1).jpeg"
"551","/statistical-archives/img-lq/p.535(監視区別-漁区別借区者異動-漁獲量-西カムチャツカ区1).jpeg"
"552","/statistical-archives/img-lq/p.536(監視区別-漁区別借区者異動-漁獲量-西カムチャツカ区1).jpeg"
"553","/statistical-archives/img-lq/p.537(監視区別-漁区別借区者異動-漁獲量-西カムチャツカ区1).jpeg"
"554","/statistical-archives/img-lq/p.538(監視区別-漁区別借区者異動-漁獲量-西カムチャツカ区1).jpeg"
"555","/statistical-archives/img-lq/p.539(監視区別-漁区別借区者異動-漁獲量-西カムチャツカ区1).jpeg"
"556","/statistical-archives/img-lq/p.540(監視区別-漁区別借区者異動-漁獲量-西カムチャツカ区1).jpeg"
"557","/statistical-archives/img-lq/p.541(監視区別-漁区別借区者異動-漁獲量-西カムチャツカ区1).jpeg"
"558","/statistical-archives/img-lq/p.542(監視区別-漁区別借区者異動-漁獲量-西カムチャツカ区2).jpeg"
"559","/statistical-archives/img-lq/p.543(監視区別-漁区別借区者異動-漁獲量-西カムチャツカ区2).jpeg"
"560","/statistical-archives/img-lq/p.544(監視区別-漁区別借区者異動-漁獲量-西カムチャツカ区2).jpeg"
"561","/statistical-archives/img-lq/p.545(監視区別-漁区別借区者異動-漁獲量-西カムチャツカ区2).jpeg"
"562","/statistical-archives/img-lq/p.546(監視区別-漁区別借区者異動-漁獲量-西カムチャツカ区2).jpeg"
"563","/statistical-archives/img-lq/p.547(監視区別-漁区別借区者異動-漁獲量-西カムチャツカ区2).jpeg"
"564","/statistical-archives/img-lq/p.548(監視区別-漁区別借区者異動-漁獲量-西カムチャツカ区2).jpeg"
"565","/statistical-archives/img-lq/p.549(監視区別-漁区別借区者異動-漁獲量-西カムチャツカ区2).jpeg"
"566","/statistical-archives/img-lq/p.550(監視区別-漁区別借区者異動-漁獲量-西カムチャツカ区2).jpeg"
"567","/statistical-archives/img-lq/p.551(監視区別-漁区別借区者異動-漁獲量-西カムチャツカ区2).jpeg"
"568","/statistical-archives/img-lq/p.552(監視区別-漁区別借区者異動-漁獲量-西カムチャツカ区2).jpeg"
"569","/statistical-archives/img-lq/p.553(監視区別-漁区別借区者異動-漁獲量-西カムチャツカ区2).jpeg"
"570","/statistical-archives/img-lq/p.554(監視区別-漁区別借区者異動-漁獲量-西カムチャツカ区2).jpeg"
"571","/statistical-archives/img-lq/p.555(監視区別-漁区別借区者異動-漁獲量-西カムチャツカ区2).jpeg"
"572","/statistical-archives/img-lq/p.556(監視区別-漁区別借区者異動-漁獲量-イーチンスキー区).jpeg"
"573","/statistical-archives/img-lq/p.557(監視区別-漁区別借区者異動-漁獲量-イーチンスキー区).jpeg"
"574","/statistical-archives/img-lq/p.558(監視区別-漁区別借区者異動-漁獲量-イーチンスキー区).jpeg"
"575","/statistical-archives/img-lq/p.559(監視区別-漁区別借区者異動-漁獲量-イーチンスキー区).jpeg"
"576","/statistical-archives/img-lq/p.560(監視区別-漁区別借区者異動-漁獲量-イーチンスキー区).jpeg"
"577","/statistical-archives/img-lq/p.561(監視区別-漁区別借区者異動-漁獲量-イーチンスキー区).jpeg"
"578","/statistical-archives/img-lq/p.562(監視区別-漁区別借区者異動-漁獲量-イーチンスキー区).jpeg"
"579","/statistical-archives/img-lq/p.563(監視区別-漁区別借区者異動-漁獲量-イーチンスキー区).jpeg"
"580","/statistical-archives/img-lq/p.564(監視区別-漁区別借区者異動-漁獲量-イーチンスキー区).jpeg"
"581","/statistical-archives/img-lq/p.565(監視区別-漁区別借区者異動-漁獲量-イーチンスキー区).jpeg"
"582","/statistical-archives/img-lq/p.566(監視区別-漁区別借区者異動-漁獲量-イーチンスキー区).jpeg"
"583","/statistical-archives/img-lq/p.567(監視区別-漁区別借区者異動-漁獲量-イーチンスキー区).jpeg"
"584","/statistical-archives/img-lq/p.568(監視区別-漁区別借区者異動-漁獲量-イーチンスキー区).jpeg"
"585","/statistical-archives/img-lq/p.569(監視区別-漁区別借区者異動-漁獲量-イーチンスキー区).jpeg"
"586","/statistical-archives/img-lq/p.570(監視区別-漁区別借区者異動-漁獲量-イーチンスキー区).jpeg"
"587","/statistical-archives/img-lq/p.571(監視区別-漁区別借区者異動-漁獲量-チギリスキー区).jpeg"
"588","/statistical-archives/img-lq/p.572(監視区別-漁区別借区者異動-漁獲量-チギリスキー区).jpeg"
"589","/statistical-archives/img-lq/p.573(監視区別-漁区別借区者異動-漁獲量-チギリスキー区).jpeg"
"590","/statistical-archives/img-lq/p.574(監視区別-漁区別借区者異動-漁獲量-東カムチャツカ区).jpeg"
"591","/statistical-archives/img-lq/p.575(監視区別-漁区別借区者異動-漁獲量-東カムチャツカ区).jpeg"
"592","/statistical-archives/img-lq/p.576(監視区別-漁区別借区者異動-漁獲量-東カムチャツカ区).jpeg"
"593","/statistical-archives/img-lq/p.577(監視区別-漁区別借区者異動-漁獲量-東カムチャツカ区).jpeg"
"594","/statistical-archives/img-lq/p.578(監視区別-漁区別借区者異動-漁獲量-東カムチャツカ区).jpeg"
"595","/statistical-archives/img-lq/p.579(監視区別-漁区別借区者異動-漁獲量-カランギンスキー区).jpeg"
"596","/statistical-archives/img-lq/p.580(監視区別-漁区別借区者異動-漁獲量-カランギンスキー区).jpeg"
"597","/statistical-archives/img-lq/p.581(監視区別-漁区別借区者異動-漁獲量-カランギンスキー区).jpeg"
"598","/statistical-archives/img-lq/p.582(監視区別-漁区別借区者異動-漁獲量-カランギンスキー区).jpeg"
"599","/statistical-archives/img-lq/p.583(監視区別-漁区別借区者異動-漁獲量-カランギンスキー区).jpeg"
"600","/statistical-archives/img-lq/p.584(監視区別-漁区別借区者異動-漁獲量-カランギンスキー区).jpeg"
"601","/statistical-archives/img-lq/p.585(監視区別-漁区別借区者異動-漁獲量-カランギンスキー区).jpeg"
"602","/statistical-archives/img-lq/p.586(監視区別-漁区別借区者異動-漁獲量-カランギンスキー区).jpeg"
"603","/statistical-archives/img-lq/p.587(監視区別-漁区別借区者異動-漁獲量-カランギンスキー区).jpeg"
"604","/statistical-archives/img-lq/p.588(監視区別-漁区別借区者異動-漁獲量-カランギンスキー区).jpeg"
"605","/statistical-archives/img-lq/p.589(監視区別-漁区別借区者異動-漁獲量-カランギンスキー区).jpeg"
"606","/statistical-archives/img-lq/p.590(監視区別-漁区別借区者異動-漁獲量-カランギンスキー区).jpeg"
"607","/statistical-archives/img-lq/p.591(監視区別-漁区別借区者異動-漁獲量-カランギンスキー区).jpeg"
"608","/statistical-archives/img-lq/p.592(監視区別-漁区別借区者異動-漁獲量-カランギンスキー区).jpeg"
"609","/statistical-archives/img-lq/p.593(監視区別-漁区別借区者異動-漁獲量-カランギンスキー区).jpeg"
"610","/statistical-archives/img-lq/p.594(監視区別-漁区別借区者異動-漁獲量-キチギンスキー区).jpeg"
"611","/statistical-archives/img-lq/p.595(監視区別-漁区別借区者異動-漁獲量-キチギンスキー区).jpeg"
"612","/statistical-archives/img-lq/p.596(監視区別-漁区別借区者異動-漁獲量-キチギンスキー区).jpeg"
"613","/statistical-archives/img-lq/p.597(監視区別-漁区別借区者異動-漁獲量-キチギンスキー区).jpeg"
"614","/statistical-archives/img-lq/p.598(監視区別-漁区別借区者異動-漁獲量-キチギンスキー区).jpeg"
"615","/statistical-archives/img-lq/p.599(監視区別-漁区別借区者異動-漁獲量-キチギンスキー区).jpeg"
"616","/statistical-archives/img-lq/p.600(監視区別-漁区別借区者異動-漁獲量-キチギンスキー区).jpeg"
"617","/statistical-archives/img-lq/p.601(監視区別-漁区別借区者異動-漁獲量-オリュートル区).jpeg"
"618","/statistical-archives/img-lq/p.602(監視区別-漁区別借区者異動-漁獲量-オリュートル区).jpeg"
"619","/statistical-archives/img-lq/p.603(監視区別-漁区別借区者異動-漁獲量-オリュートル区).jpeg"
"620","/statistical-archives/img-lq/p.604(監視区別-漁区別借区者異動-漁獲量-オリュートル区).jpeg"
"621","/statistical-archives/img-lq/p.605(監視区別-漁区別借区者異動-漁獲量-オリュートル区).jpeg"
"622","/statistical-archives/img-lq/p.606(産業(中分類)別事業所数-従業者数-製造品出荷額等).jpeg"
"623","/statistical-archives/img-lq/p.607(産業(中分類)別事業所数-従業者数-製造品出荷額等).jpeg"
"624","/statistical-archives/img-lq/p.608(産業(中分類)別事業所数-従業者数-製造品出荷額等).jpeg"
"625","/statistical-archives/img-lq/p.609(産業(中分類)別事業所数-従業者数-製造品出荷額等).jpeg"
"626","/statistical-archives/img-lq/p.610(産業(中分類)別事業所数-従業者数-製造品出荷額等).jpeg"
"627","/statistical-archives/img-lq/p.611(産業(中分類)別事業所数-従業者数-製造品出荷額等).jpeg"
"628","/statistical-archives/img-lq/p.612(産業(大分類)別従業者規模別事業所数-従業者数).jpeg"
"629","/statistical-archives/img-lq/p.613(産業(大分類)別従業者規模別事業所数-従業者数).jpeg"
"630","/statistical-archives/img-lq/p.614(産業(大分類)別従業者規模別事業所数-従業者数).jpeg"
"631","/statistical-archives/img-lq/p.615(産業(大分類)別従業者規模別事業所数-従業者数).jpeg"
"632","/statistical-archives/img-lq/p.616(業種別商店数-従業者数-商品販売数).jpeg"
"633","/statistical-archives/img-lq/p.617(業種別商店数-従業者数-商品販売数).jpeg"
"634","/statistical-archives/img-lq/p.618(業種別商店数-従業者数-商品販売数).jpeg"
"635","/statistical-archives/img-lq/p.619(日本銀行営業状況).jpeg"
"636","/statistical-archives/img-lq/p.620(普通銀行営業状況1_普通銀行営業状況2_普通銀行営業状況3).jpeg"
"637","/statistical-archives/img-lq/p.621(普通銀行営業状況1_普通銀行営業状況2_普通銀行営業状況3).jpeg"
"638","/statistical-archives/img-lq/p.622(普通銀行営業状況3).jpeg"
"639","/statistical-archives/img-lq/p.623(普通銀行営業状況3).jpeg"
"640","/statistical-archives/img-lq/p.624(普通銀行営業状況4).jpeg"
"641","/statistical-archives/img-lq/p.625(日本銀行営業状況4).jpeg"
"642","/statistical-archives/img-lq/p.626(金融機関主要勘定).jpeg"
"643","/statistical-archives/img-lq/p.627(金融機関主要勘定).jpeg"
"644","/statistical-archives/img-lq/p.628(金融機関主要勘定).jpeg"
"645","/statistical-archives/img-lq/p.629(郵便貯金1).jpeg"
"646","/statistical-archives/img-lq/p.630(郵便貯金2_郵便貯金3).jpeg"
"647","/statistical-archives/img-lq/p.631(郵便貯金3).jpeg"
"648","/statistical-archives/img-lq/p.632(函館駅旅客-貨物運輸状況).jpeg"
"649","/statistical-archives/img-lq/p.633(国鉄別1日平均旅客-貨物運輸状況).jpeg"
"650","/statistical-archives/img-lq/p.634(国鉄別1日平均旅客-貨物運輸状況).jpeg"
"651","/statistical-archives/img-lq/p.635(国鉄別1日平均旅客-貨物運輸状況).jpeg"
"652","/statistical-archives/img-lq/p.636(函館空港乗降客-貨物量状況).jpeg"
"653","/statistical-archives/img-lq/p.637(市電運行状況).jpeg"
"654","/statistical-archives/img-lq/p.638(市バス運行状況).jpeg"
"655","/statistical-archives/img-lq/p.639(函館バス運行状況).jpeg"
"656","/statistical-archives/img-lq/p.640(タクシー運行状況_在籍船舶2).jpeg"
"657","/statistical-archives/img-lq/p.641(在籍船舶1_在籍船舶数2).jpeg"
"658","/statistical-archives/img-lq/p.642(内-外国航路入港商船数1_内-外国航路入港商船数2).jpeg"
"659","/statistical-archives/img-lq/p.643(内-外国航路入港商船数2).jpeg"
"660","/statistical-archives/img-lq/p.644(船舶入港数1-1).jpeg"
"661","/statistical-archives/img-lq/p.645(船舶入港数1-1).jpeg"
"662","/statistical-archives/img-lq/p.646(船舶入港数1-1).jpeg"
"663","/statistical-archives/img-lq/p.647(船舶入港数1-1).jpeg"
"664","/statistical-archives/img-lq/p.648(船舶入港数1-2).jpeg"
"665","/statistical-archives/img-lq/p.649(船舶入港数1-2).jpeg"
"666","/statistical-archives/img-lq/p.650(船舶入港数1-2).jpeg"
"667","/statistical-archives/img-lq/p.651(船舶入港数1-2).jpeg"
"668","/statistical-archives/img-lq/p.652(国別船種商船外国航路入港数).jpeg"
"669","/statistical-archives/img-lq/p.653(国別船種商船外国航路入港数).jpeg"
"670","/statistical-archives/img-lq/p.654(国別船種商船外国航路入港数).jpeg"
"671","/statistical-archives/img-lq/p.655(青函連絡船乗降客数).jpeg"
"672","/statistical-archives/img-lq/p.656(フェリー運送状況).jpeg"
"673","/statistical-archives/img-lq/p.657(自動車保有台数).jpeg"
"674","/statistical-archives/img-lq/p.658(郵便).jpeg"
"675","/statistical-archives/img-lq/p.659(電信取扱数).jpeg"
"676","/statistical-archives/img-lq/p.660(品目別府県移出1-1).jpeg"
"677","/statistical-archives/img-lq/p.661(品目別府県移出1-1).jpeg"
"678","/statistical-archives/img-lq/p.662(品目別府県移出1-1).jpeg"
"679","/statistical-archives/img-lq/p.663(品目別府県移出1-2).jpeg"
"680","/statistical-archives/img-lq/p.664(品目別府県移出1-2).jpeg"
"681","/statistical-archives/img-lq/p.665(品目別府県移出1-2).jpeg"
"682","/statistical-archives/img-lq/p.666(品目別府県移出2-1).jpeg"
"683","/statistical-archives/img-lq/p.667(品目別府県移出2-1).jpeg"
"684","/statistical-archives/img-lq/p.668(品目別府県移出2-1).jpeg"
"685","/statistical-archives/img-lq/p.669(品目別府県移出2-2).jpeg"
"686","/statistical-archives/img-lq/p.670(品目別府県移出2-2).jpeg"
"687","/statistical-archives/img-lq/p.671(品目別府県移出2-2).jpeg"
"688","/statistical-archives/img-lq/p.672(品目別府県移出3).jpeg"
"689","/statistical-archives/img-lq/p.673(品目別府県移出3).jpeg"
"690","/statistical-archives/img-lq/p.674(品目別府県移出3).jpeg"
"691","/statistical-archives/img-lq/p.675(品目別府県移出3).jpeg"
"692","/statistical-archives/img-lq/p.676(品目別府県移出4-1).jpeg"
"693","/statistical-archives/img-lq/p.677(品目別府県移出4-1).jpeg"
"694","/statistical-archives/img-lq/p.678(品目別府県移出4-1).jpeg"
"695","/statistical-archives/img-lq/p.679(品目別府県移出4-2).jpeg"
"696","/statistical-archives/img-lq/p.680(品目別府県移出4-2).jpeg"
"697","/statistical-archives/img-lq/p.681(品目別府県移出4-2).jpeg"
"698","/statistical-archives/img-lq/p.682(品目別府県移出5-1).jpeg"
"699","/statistical-archives/img-lq/p.683(品目別府県移出5-1).jpeg"
"700","/statistical-archives/img-lq/p.684(品目別府県移出5-1).jpeg"
"701","/statistical-archives/img-lq/p.685(品目別府県移出5-1).jpeg"
"702","/statistical-archives/img-lq/p.686(品目別府県移出5-2).jpeg"
"703","/statistical-archives/img-lq/p.687(品目別府県移出5-2).jpeg"
"704","/statistical-archives/img-lq/p.688(品目別府県移出5-2).jpeg"
"705","/statistical-archives/img-lq/p.689(品目別府県移出5-2).jpeg"
"706","/statistical-archives/img-lq/p.690(品目別府県移出5-3).jpeg"
"707","/statistical-archives/img-lq/p.691(品目別府県移出5-3).jpeg"
"708","/statistical-archives/img-lq/p.692(品目別府県移出5-3).jpeg"
"709","/statistical-archives/img-lq/p.693(品目別府県移出5-3).jpeg"
"710","/statistical-archives/img-lq/p.694(品目別府県移入1-1).jpeg"
"711","/statistical-archives/img-lq/p.695(品目別府県移入1-1).jpeg"
"712","/statistical-archives/img-lq/p.696(品目別府県移入1-1).jpeg"
"713","/statistical-archives/img-lq/p.697(品目別府県移入1-2).jpeg"
"714","/statistical-archives/img-lq/p.698(品目別府県移入1-2).jpeg"
"715","/statistical-archives/img-lq/p.699(品目別府県移入1-2).jpeg"
"716","/statistical-archives/img-lq/p.700(品目別府県移入2-1).jpeg"
"717","/statistical-archives/img-lq/p.701(品目別府県移入2-1).jpeg"
"718","/statistical-archives/img-lq/p.702(品目別府県移入2-1).jpeg"
"719","/statistical-archives/img-lq/p.703(品目別府県移入2-2).jpeg"
"720","/statistical-archives/img-lq/p.704(品目別府県移入2-2).jpeg"
"721","/statistical-archives/img-lq/p.705(品目別府県移入2-2).jpeg"
"722","/statistical-archives/img-lq/p.706(品目別府県移入3).jpeg"
"723","/statistical-archives/img-lq/p.707(品目別府県移入3).jpeg"
"724","/statistical-archives/img-lq/p.708(品目別府県移入3).jpeg"
"725","/statistical-archives/img-lq/p.709(品目別府県移入3).jpeg"
"726","/statistical-archives/img-lq/p.710(品目別府県移入4-1).jpeg"
"727","/statistical-archives/img-lq/p.711(品目別府県移入4-1).jpeg"
"728","/statistical-archives/img-lq/p.712(品目別府県移入4-1).jpeg"
"729","/statistical-archives/img-lq/p.713(品目別府県移入4-2).jpeg"
"730","/statistical-archives/img-lq/p.714(品目別府県移入4-2).jpeg"
"731","/statistical-archives/img-lq/p.715(品目別府県移入4-2).jpeg"
"732","/statistical-archives/img-lq/p.716(品目別府県移入5-1).jpeg"
"733","/statistical-archives/img-lq/p.717(品目別府県移入5-1).jpeg"
"734","/statistical-archives/img-lq/p.718(品目別府県移入5-1).jpeg"
"735","/statistical-archives/img-lq/p.719(品目別府県移入5-1).jpeg"
"736","/statistical-archives/img-lq/p.720(品目別府県移入5-2).jpeg"
"737","/statistical-archives/img-lq/p.721(品目別府県移入5-2).jpeg"
"738","/statistical-archives/img-lq/p.722(品目別府県移入5-2).jpeg"
"739","/statistical-archives/img-lq/p.723(品目別府県移入5-2).jpeg"
"740","/statistical-archives/img-lq/p.724(品目別府県移入5-3).jpeg"
"741","/statistical-archives/img-lq/p.725(品目別府県移入5-3).jpeg"
"742","/statistical-archives/img-lq/p.726(品目別府県移入5-3).jpeg"
"743","/statistical-archives/img-lq/p.727(品目別府県移入5-3).jpeg"
"744","/statistical-archives/img-lq/p.728(品目別道内移出-海運1-1).jpeg"
"745","/statistical-archives/img-lq/p.729(品目別道内移出-海運1-1).jpeg"
"746","/statistical-archives/img-lq/p.730(品目別道内移出-海運1-1).jpeg"
"747","/statistical-archives/img-lq/p.731(品目別道内移出-海運1-1).jpeg"
"748","/statistical-archives/img-lq/p.732(品目別道内移出-海運1-1).jpeg"
"749","/statistical-archives/img-lq/p.733(品目別道内移出-海運1-2).jpeg"
"750","/statistical-archives/img-lq/p.734(品目別道内移出-海運1-2).jpeg"
"751","/statistical-archives/img-lq/p.735(品目別道内移出-海運1-2).jpeg"
"752","/statistical-archives/img-lq/p.736(品目別道内移出-海運1-2).jpeg"
"753","/statistical-archives/img-lq/p.737(品目別道内移出-海運1-2).jpeg"
"754","/statistical-archives/img-lq/p.738(品目別道内移出-海運2-1).jpeg"
"755","/statistical-archives/img-lq/p.739(品目別道内移出-海運2-1).jpeg"
"756","/statistical-archives/img-lq/p.740(品目別道内移出-海運2-1).jpeg"
"757","/statistical-archives/img-lq/p.741(品目別道内移出-海運2-2).jpeg"
"758","/statistical-archives/img-lq/p.742(品目別道内移出-海運2-2).jpeg"
"759","/statistical-archives/img-lq/p.743(品目別道内移出-海運2-2).jpeg"
"760","/statistical-archives/img-lq/p.744(品目別道内移出-海運3-1).jpeg"
"761","/statistical-archives/img-lq/p.745(品目別道内移出-海運3-1).jpeg"
"762","/statistical-archives/img-lq/p.746(品目別道内移出-海運3-1).jpeg"
"763","/statistical-archives/img-lq/p.747(品目別道内移出-海運3-1).jpeg"
"764","/statistical-archives/img-lq/p.748(品目別道内移出-海運3-2).jpeg"
"765","/statistical-archives/img-lq/p.749(品目別道内移出-海運3-2).jpeg"
"766","/statistical-archives/img-lq/p.750(品目別道内移出-海運3-2).jpeg"
"767","/statistical-archives/img-lq/p.751(品目別道内移出-海運3-2).jpeg"
"768","/statistical-archives/img-lq/p.752(品目別道内移出-海運3-3).jpeg"
"769","/statistical-archives/img-lq/p.753(品目別道内移出-海運3-3).jpeg"
"770","/statistical-archives/img-lq/p.754(品目別道内移出-海運3-3).jpeg"
"771","/statistical-archives/img-lq/p.755(品目別道内移出-海運3-3).jpeg"
"772","/statistical-archives/img-lq/p.756(品目別道内移入-海運1-1).jpeg"
"773","/statistical-archives/img-lq/p.757(品目別道内移入-海運1-1).jpeg"
"774","/statistical-archives/img-lq/p.758(品目別道内移入-海運1-1).jpeg"
"775","/statistical-archives/img-lq/p.759(品目別道内移入-海運1-1).jpeg"
"776","/statistical-archives/img-lq/p.760(品目別道内移入-海運1-1).jpeg"
"777","/statistical-archives/img-lq/p.761(品目別道内移入-海運1-2).jpeg"
"778","/statistical-archives/img-lq/p.762(品目別道内移入-海運1-2).jpeg"
"779","/statistical-archives/img-lq/p.763(品目別道内移入-海運1-2).jpeg"
"780","/statistical-archives/img-lq/p.764(品目別道内移入-海運1-2).jpeg"
"781","/statistical-archives/img-lq/p.765(品目別道内移入-海運1-2).jpeg"
"782","/statistical-archives/img-lq/p.766(品目別道内移入-海運2-1).jpeg"
"783","/statistical-archives/img-lq/p.767(品目別道内移入-海運2-1).jpeg"
"784","/statistical-archives/img-lq/p.768(品目別道内移入-海運2-1).jpeg"
"785","/statistical-archives/img-lq/p.769(品目別道内移入-海運2-2).jpeg"
"786","/statistical-archives/img-lq/p.770(品目別道内移入-海運2-2).jpeg"
"787","/statistical-archives/img-lq/p.771(品目別道内移入-海運2-2).jpeg"
"788","/statistical-archives/img-lq/p.772(品目別道内移入-海運3-1).jpeg"
"789","/statistical-archives/img-lq/p.773(品目別道内移入-海運3-1).jpeg"
"790","/statistical-archives/img-lq/p.774(品目別道内移入-海運3-1).jpeg"
"791","/statistical-archives/img-lq/p.775(品目別道内移入-海運3-1).jpeg"
"792","/statistical-archives/img-lq/p.776(品目別道内移入-海運3-2).jpeg"
"793","/statistical-archives/img-lq/p.777(品目別道内移入-海運3-2).jpeg"
"794","/statistical-archives/img-lq/p.778(品目別道内移入-海運3-2).jpeg"
"795","/statistical-archives/img-lq/p.779(品目別道内移入-海運3-2).jpeg"
"796","/statistical-archives/img-lq/p.780(品目別道内移入-海運3-3).jpeg"
"797","/statistical-archives/img-lq/p.781(品目別道内移入-海運3-3).jpeg"
"798","/statistical-archives/img-lq/p.782(品目別道内移入-海運3-3).jpeg"
"799","/statistical-archives/img-lq/p.783(品目別道内移入-海運3-3).jpeg"
"800","/statistical-archives/img-lq/p.784(品目別道内移出-陸運1-1).jpeg"
"801","/statistical-archives/img-lq/p.785(品目別道内移出-陸運1-1).jpeg"
"802","/statistical-archives/img-lq/p.786(品目別道内移出-陸運1-1).jpeg"
"803","/statistical-archives/img-lq/p.787(品目別道内移出-陸運1-1).jpeg"
"804","/statistical-archives/img-lq/p.788(品目別道内移出-陸運1-2).jpeg"
"805","/statistical-archives/img-lq/p.789(品目別道内移出-陸運1-2).jpeg"
"806","/statistical-archives/img-lq/p.790(品目別道内移出-陸運1-2).jpeg"
"807","/statistical-archives/img-lq/p.791(品目別道内移出-陸運1-2).jpeg"
"808","/statistical-archives/img-lq/p.792(品目別道内移出-陸運2-1).jpeg"
"809","/statistical-archives/img-lq/p.793(品目別道内移出-陸運2-1).jpeg"
"810","/statistical-archives/img-lq/p.794(品目別道内移出-陸運2-1).jpeg"
"811","/statistical-archives/img-lq/p.795(品目別道内移出-陸運2-1).jpeg"
"812","/statistical-archives/img-lq/p.796(品目別道内移出-陸運2-2).jpeg"
"813","/statistical-archives/img-lq/p.797(品目別道内移出-陸運2-2).jpeg"
"814","/statistical-archives/img-lq/p.798(品目別道内移出-陸運2-2).jpeg"
"815","/statistical-archives/img-lq/p.799(品目別道内移出-陸運2-2).jpeg"
"816","/statistical-archives/img-lq/p.800(品目別道内移出-陸運2-3).jpeg"
"817","/statistical-archives/img-lq/p.801(品目別道内移出-陸運2-3).jpeg"
"818","/statistical-archives/img-lq/p.802(品目別道内移出-陸運2-3).jpeg"
"819","/statistical-archives/img-lq/p.803(品目別道内移出-陸運2-3).jpeg"
"820","/statistical-archives/img-lq/p.804(品目別道内移入-陸運1-1).jpeg"
"821","/statistical-archives/img-lq/p.805(品目別道内移入-陸運1-1).jpeg"
"822","/statistical-archives/img-lq/p.806(品目別道内移入-陸運1-1).jpeg"
"823","/statistical-archives/img-lq/p.807(品目別道内移入-陸運1-1).jpeg"
"824","/statistical-archives/img-lq/p.808(品目別道内移入-陸運1-2).jpeg"
"825","/statistical-archives/img-lq/p.809(品目別道内移入-陸運1-2).jpeg"
"826","/statistical-archives/img-lq/p.810(品目別道内移入-陸運1-2).jpeg"
"827","/statistical-archives/img-lq/p.811(品目別道内移入-陸運1-2).jpeg"
"828","/statistical-archives/img-lq/p.812(品目別道内移入-陸運2-1).jpeg"
"829","/statistical-archives/img-lq/p.813(品目別道内移入-陸運2-1).jpeg"
"830","/statistical-archives/img-lq/p.814(品目別道内移入-陸運2-1).jpeg"
"831","/statistical-archives/img-lq/p.815(品目別道内移入-陸運2-1).jpeg"
"832","/statistical-archives/img-lq/p.816(品目別道内移入-陸運2-2).jpeg"
"833","/statistical-archives/img-lq/p.817(品目別道内移入-陸運2-2).jpeg"
"834","/statistical-archives/img-lq/p.818(品目別道内移入-陸運2-2).jpeg"
"835","/statistical-archives/img-lq/p.819(品目別道内移入-陸運2-2).jpeg"
"836","/statistical-archives/img-lq/p.820(品目別道内移入-陸運2-3).jpeg"
"837","/statistical-archives/img-lq/p.821(品目別道内移入-陸運2-3).jpeg"
"838","/statistical-archives/img-lq/p.822(品目別道内移入-陸運2-3).jpeg"
"839","/statistical-archives/img-lq/p.823(品目別道内移入-陸運2-3).jpeg"
"840","/statistical-archives/img-lq/p.824(品種別海上移出1-1).jpeg"
"841","/statistical-archives/img-lq/p.825(品種別海上移出1-1).jpeg"
"842","/statistical-archives/img-lq/p.826(品種別海上移出1-2).jpeg"
"843","/statistical-archives/img-lq/p.827(品種別海上移出1-2).jpeg"
"844","/statistical-archives/img-lq/p.828(品種別海上移出2).jpeg"
"845","/statistical-archives/img-lq/p.829(品種別海上移出2).jpeg"
"846","/statistical-archives/img-lq/p.830(品種別海上移入1-1).jpeg"
"847","/statistical-archives/img-lq/p.831(品種別海上移入1-1).jpeg"
"848","/statistical-archives/img-lq/p.832(品種別海上移入1-2).jpeg"
"849","/statistical-archives/img-lq/p.833(品種別海上移入1-2).jpeg"
"850","/statistical-archives/img-lq/p.834(品種別海上移入2).jpeg"
"851","/statistical-archives/img-lq/p.835(品種別海上移入2).jpeg"
"852","/statistical-archives/img-lq/p.836(主要水産物品目別仕向地別移出-鮮魚).jpeg"
"853","/statistical-archives/img-lq/p.837(主要水産物品目別仕向地別移出-鮮魚).jpeg"
"854","/statistical-archives/img-lq/p.838(主要水産物品目別仕向地別移出-塩鮭).jpeg"
"855","/statistical-archives/img-lq/p.839(主要水産物品目別仕向地別移出-塩鮭).jpeg"
"856","/statistical-archives/img-lq/p.840(主要水産物品目別仕向地別移出-塩鱒).jpeg"
"857","/statistical-archives/img-lq/p.841(主要水産物品目別仕向地別移出-塩鱒).jpeg"
"858","/statistical-archives/img-lq/p.842(主要水産物品目別仕向地別移出-塩鱈).jpeg"
"859","/statistical-archives/img-lq/p.843(主要水産物品目別仕向地別移出-塩鱈).jpeg"
"860","/statistical-archives/img-lq/p.844(主要水産物品目別仕向地別移出-筋子).jpeg"
"861","/statistical-archives/img-lq/p.845(主要水産物品目別仕向地別移出-筋子).jpeg"
"862","/statistical-archives/img-lq/p.846(主要水産物品目別仕向地別移出-塩魚類).jpeg"
"863","/statistical-archives/img-lq/p.847(主要水産物品目別仕向地別移出-塩魚類).jpeg"
"864","/statistical-archives/img-lq/p.848(主要水産物品目別仕向地別移出-身欠鰊-乾鰊).jpeg"
"865","/statistical-archives/img-lq/p.849(主要水産物品目別仕向地別移出-身欠鰊-乾鰊).jpeg"
"866","/statistical-archives/img-lq/p.850(主要水産物品目別仕向地別移出-鰊鯑).jpeg"
"867","/statistical-archives/img-lq/p.851(主要水産物品目別仕向地別移出-鰊鯑).jpeg"
"868","/statistical-archives/img-lq/p.852(主要水産物品目別仕向地別移出-千鱈).jpeg"
"869","/statistical-archives/img-lq/p.853(主要水産物品目別仕向地別移出-千鱈).jpeg"
"870","/statistical-archives/img-lq/p.854(主要水産物品目別仕向地別移出-千鯣).jpeg"
"871","/statistical-archives/img-lq/p.855(主要水産物品目別仕向地別移出-千鯣).jpeg"
"872","/statistical-archives/img-lq/p.856(主要水産物品目別仕向地別移出-貝柱).jpeg"
"873","/statistical-archives/img-lq/p.857(主要水産物品目別仕向地別移出-貝柱).jpeg"
"874","/statistical-archives/img-lq/p.858(主要水産物品目別仕向地別移出-千魚類).jpeg"
"875","/statistical-archives/img-lq/p.859(主要水産物品目別仕向地別移出-千魚類).jpeg"
"876","/statistical-archives/img-lq/p.860(主要水産物品目別仕向地別移出-長切昆布).jpeg"
"877","/statistical-archives/img-lq/p.861(主要水産物品目別仕向地別移出-長切昆布).jpeg"
"878","/statistical-archives/img-lq/p.862(主要水産物品目別仕向地別移出-元揃昆布).jpeg"
"879","/statistical-archives/img-lq/p.863(主要水産物品目別仕向地別移出-元揃昆布).jpeg"
"880","/statistical-archives/img-lq/p.864(主要水産物品目別仕向地別移出-折昆布).jpeg"
"881","/statistical-archives/img-lq/p.865(主要水産物品目別仕向地別移出-折昆布).jpeg"
"882","/statistical-archives/img-lq/p.866(主要水産物品目別仕向地別移出-雑昆布).jpeg"
"883","/statistical-archives/img-lq/p.867(主要水産物品目別仕向地別移出-雑昆布).jpeg"
"884","/statistical-archives/img-lq/p.868(主要水産物品目別仕向地別移出-鰊粕).jpeg"
"885","/statistical-archives/img-lq/p.869(主要水産物品目別仕向地別移出-鰊粕).jpeg"
"886","/statistical-archives/img-lq/p.870(主要水産物品目別仕向地別移出-鰮粕).jpeg"
"887","/statistical-archives/img-lq/p.871(主要水産物品目別仕向地別移出-鰮粕).jpeg"
"888","/statistical-archives/img-lq/p.872(主要水産物品目別仕向地別移出-魚油).jpeg"
"889","/statistical-archives/img-lq/p.873(主要水産物品目別仕向地別移出-魚油).jpeg"
"890","/statistical-archives/img-lq/p.874(函館港普通貿易-品目別輸出1-1).jpeg"
"891","/statistical-archives/img-lq/p.875(函館港普通貿易-品目別輸出1-1).jpeg"
"892","/statistical-archives/img-lq/p.876(函館港普通貿易-品目別輸出1-1).jpeg"
"893","/statistical-archives/img-lq/p.877(函館港普通貿易-品目別輸出1-1).jpeg"
"894","/statistical-archives/img-lq/p.878(函館港普通貿易-品目別輸出1-2).jpeg"
"895","/statistical-archives/img-lq/p.879(函館港普通貿易-品目別輸出1-2).jpeg"
"896","/statistical-archives/img-lq/p.880(函館港普通貿易-品目別輸出1-2).jpeg"
"897","/statistical-archives/img-lq/p.881(函館港普通貿易-品目別輸出1-2).jpeg"
"898","/statistical-archives/img-lq/p.882(函館港普通貿易-品目別輸出2-1).jpeg"
"899","/statistical-archives/img-lq/p.883(函館港普通貿易-品目別輸出2-1).jpeg"
"900","/statistical-archives/img-lq/p.884(函館港普通貿易-品目別輸出2-1).jpeg"
"901","/statistical-archives/img-lq/p.885(函館港普通貿易-品目別輸出2-1).jpeg"
"902","/statistical-archives/img-lq/p.886(函館港普通貿易-品目別輸出2-2).jpeg"
"903","/statistical-archives/img-lq/p.887(函館港普通貿易-品目別輸出2-2).jpeg"
"904","/statistical-archives/img-lq/p.888(函館港普通貿易-品目別輸出2-2).jpeg"
"905","/statistical-archives/img-lq/p.889(函館港普通貿易-品目別輸出2-2).jpeg"
"906","/statistical-archives/img-lq/p.890(函館港普通貿易-品目別輸出3-1).jpeg"
"907","/statistical-archives/img-lq/p.891(函館港普通貿易-品目別輸出3-1).jpeg"
"908","/statistical-archives/img-lq/p.892(函館港普通貿易-品目別輸出3-1).jpeg"
"909","/statistical-archives/img-lq/p.893(函館港普通貿易-品目別輸出3-1).jpeg"
"910","/statistical-archives/img-lq/p.894(函館港普通貿易-品目別輸出3-1).jpeg"
"911","/statistical-archives/img-lq/p.895(函館港普通貿易-品目別輸出3-1).jpeg"
"912","/statistical-archives/img-lq/p.896(函館港普通貿易-品目別輸出3-1).jpeg"
"913","/statistical-archives/img-lq/p.897(函館港普通貿易-品目別輸出3-1).jpeg"
"914","/statistical-archives/img-lq/p.898(函館港普通貿易-品目別輸出3-2).jpeg"
"915","/statistical-archives/img-lq/p.899(函館港普通貿易-品目別輸出3-2).jpeg"
"916","/statistical-archives/img-lq/p.900(函館港普通貿易-品目別輸出3-2).jpeg"
"917","/statistical-archives/img-lq/p.901(函館港普通貿易-品目別輸出3-2).jpeg"
"918","/statistical-archives/img-lq/p.902(函館港普通貿易-品目別輸出3-2).jpeg"
"919","/statistical-archives/img-lq/p.903(函館港普通貿易-品目別輸出3-2).jpeg"
"920","/statistical-archives/img-lq/p.904(函館港普通貿易-品目別輸出3-2).jpeg"
"921","/statistical-archives/img-lq/p.905(函館港普通貿易-品目別輸出3-2).jpeg"
"922","/statistical-archives/img-lq/p.906(函館港普通貿易-品目別輸出4-1).jpeg"
"923","/statistical-archives/img-lq/p.907(函館港普通貿易-品目別輸出4-1).jpeg"
"924","/statistical-archives/img-lq/p.908(函館港普通貿易-品目別輸出4-2).jpeg"
"925","/statistical-archives/img-lq/p.909(函館港普通貿易-品目別輸出4-2).jpeg"
"926","/statistical-archives/img-lq/p.910(函館港普通貿易-品目別輸出4-3).jpeg"
"927","/statistical-archives/img-lq/p.911(函館港普通貿易-品目別輸出4-3).jpeg"
"928","/statistical-archives/img-lq/p.912(函館港普通貿易-品目別輸出4-4).jpeg"
"929","/statistical-archives/img-lq/p.913(函館港普通貿易-品目別輸出4-4).jpeg"
"930","/statistical-archives/img-lq/p.914(函館港普通貿易-品目別輸出5-1).jpeg"
"931","/statistical-archives/img-lq/p.915(函館港普通貿易-品目別輸出5-1).jpeg"
"932","/statistical-archives/img-lq/p.916(函館港普通貿易-品目別輸出5-2).jpeg"
"933","/statistical-archives/img-lq/p.917(函館港普通貿易-品目別輸出5-2).jpeg"
"934","/statistical-archives/img-lq/p.918(函館港普通貿易-品目別輸出5-3).jpeg"
"935","/statistical-archives/img-lq/p.919(函館港普通貿易-品目別輸出5-3).jpeg"
"936","/statistical-archives/img-lq/p.920(函館港普通貿易-品目別輸出6).jpeg"
"937","/statistical-archives/img-lq/p.921(函館港普通貿易-品目別輸出6).jpeg"
"938","/statistical-archives/img-lq/p.922(函館港品目別輸出1).jpeg"
"939","/statistical-archives/img-lq/p.923(函館港品目別輸出1).jpeg"
"940","/statistical-archives/img-lq/p.924(函館港品目別輸出2).jpeg"
"941","/statistical-archives/img-lq/p.925(函館港品目別輸出2).jpeg"
"942","/statistical-archives/img-lq/p.926(函館港品目別輸出2).jpeg"
"943","/statistical-archives/img-lq/p.927(函館港品目別輸出2).jpeg"
"944","/statistical-archives/img-lq/p.928(函館港品目別輸出3).jpeg"
"945","/statistical-archives/img-lq/p.929(函館港品目別輸出3).jpeg"
"946","/statistical-archives/img-lq/p.930(函館港品目別輸出3).jpeg"
"947","/statistical-archives/img-lq/p.931(函館港品目別輸出3).jpeg"
"948","/statistical-archives/img-lq/p.932(函館港品目別輸出3).jpeg"
"949","/statistical-archives/img-lq/p.933(函館港品目別輸出3).jpeg"
"950","/statistical-archives/img-lq/p.934(函館港普通貿易-品目別輸入1).jpeg"
"951","/statistical-archives/img-lq/p.935(函館港普通貿易-品目別輸入1).jpeg"
"952","/statistical-archives/img-lq/p.936(函館港普通貿易-品目別輸入2-1).jpeg"
"953","/statistical-archives/img-lq/p.937(函館港普通貿易-品目別輸入2-1).jpeg"
"954","/statistical-archives/img-lq/p.938(函館港普通貿易-品目別輸入2-2).jpeg"
"955","/statistical-archives/img-lq/p.939(函館港普通貿易-品目別輸入2-2).jpeg"
"956","/statistical-archives/img-lq/p.940(函館港普通貿易-品目別輸入3-1).jpeg"
"957","/statistical-archives/img-lq/p.941(函館港普通貿易-品目別輸入3-1).jpeg"
"958","/statistical-archives/img-lq/p.942(函館港普通貿易-品目別輸入3-1).jpeg"
"959","/statistical-archives/img-lq/p.943(函館港普通貿易-品目別輸入3-1).jpeg"
"960","/statistical-archives/img-lq/p.944(函館港普通貿易-品目別輸入3-2).jpeg"
"961","/statistical-archives/img-lq/p.945(函館港普通貿易-品目別輸入3-2).jpeg"
"962","/statistical-archives/img-lq/p.946(函館港普通貿易-品目別輸入3-2).jpeg"
"963","/statistical-archives/img-lq/p.947(函館港普通貿易-品目別輸入3-2).jpeg"
"964","/statistical-archives/img-lq/p.948(函館港普通貿易-品目別輸入3-3).jpeg"
"965","/statistical-archives/img-lq/p.949(函館港普通貿易-品目別輸入3-3).jpeg"
"966","/statistical-archives/img-lq/p.950(函館港普通貿易-品目別輸入3-3).jpeg"
"967","/statistical-archives/img-lq/p.951(函館港普通貿易-品目別輸入3-3).jpeg"
"968","/statistical-archives/img-lq/p.952(函館港普通貿易-品目別輸入4).jpeg"
"969","/statistical-archives/img-lq/p.953(函館港普通貿易-品目別輸入4).jpeg"
"970","/statistical-archives/img-lq/p.954(函館港普通貿易-品目別輸入4).jpeg"
"971","/statistical-archives/img-lq/p.955(函館港普通貿易-品目別輸入4).jpeg"
"972","/statistical-archives/img-lq/p.956(函館港普通貿易-品目別輸入4).jpeg"
"973","/statistical-archives/img-lq/p.957(函館港普通貿易-品目別輸入4).jpeg"
"974","/statistical-archives/img-lq/p.958(函館港普通貿易-品目別輸入5-1).jpeg"
"975","/statistical-archives/img-lq/p.959(函館港普通貿易-品目別輸入5-1).jpeg"
"976","/statistical-archives/img-lq/p.960(函館港普通貿易-品目別輸入5-2).jpeg"
"977","/statistical-archives/img-lq/p.961(函館港普通貿易-品目別輸入5-2).jpeg"
"978","/statistical-archives/img-lq/p.962(函館港普通貿易-品目別輸入5-3).jpeg"
"979","/statistical-archives/img-lq/p.963(函館港普通貿易-品目別輸入5-3).jpeg"
"980","/statistical-archives/img-lq/p.964(函館港普通貿易-品目別輸入6-1).jpeg"
"981","/statistical-archives/img-lq/p.965(函館港普通貿易-品目別輸入6-1).jpeg"
"982","/statistical-archives/img-lq/p.966(函館港普通貿易-品目別輸入6-2).jpeg"
"983","/statistical-archives/img-lq/p.967(函館港普通貿易-品目別輸入6-2).jpeg"
"984","/statistical-archives/img-lq/p.968(函館港普通貿易-品目別輸入7).jpeg"
"985","/statistical-archives/img-lq/p.969(函館港普通貿易-品目別輸入7).jpeg"
"986","/statistical-archives/img-lq/p.970(函館港品目別輸入1).jpeg"
"987","/statistical-archives/img-lq/p.971(函館港品目別輸入1).jpeg"
"988","/statistical-archives/img-lq/p.972(函館港品目別輸入2).jpeg"
"989","/statistical-archives/img-lq/p.973(函館港品目別輸入2).jpeg"
"990","/statistical-archives/img-lq/p.974(函館港品目別輸入2).jpeg"
"991","/statistical-archives/img-lq/p.975(函館港品目別輸入2).jpeg"
"992","/statistical-archives/img-lq/p.976(函館港品目別輸入3).jpeg"
"993","/statistical-archives/img-lq/p.977(函館港品目別輸入3).jpeg"
"994","/statistical-archives/img-lq/p.978(函館港品目別輸入3).jpeg"
"995","/statistical-archives/img-lq/p.979(函館港品目別輸入3).jpeg"
"996","/statistical-archives/img-lq/p.980(函館港品目別輸入4).jpeg"
"997","/statistical-archives/img-lq/p.981(函館港品目別輸入4).jpeg"
"998","/statistical-archives/img-lq/p.982(函館港漁業貿易-品目別輸出1).jpeg"
"999","/statistical-archives/img-lq/p.983(函館港漁業貿易-品目別輸出1).jpeg"
"1000","/statistical-archives/img-lq/p.984(函館港漁業貿易-品目別輸出2).jpeg"
"1001","/statistical-archives/img-lq/p.985(函館港漁業貿易-品目別輸出2).jpeg"
"1002","/statistical-archives/img-lq/p.986(函館港漁業貿易-品目別輸出3-1).jpeg"
"1003","/statistical-archives/img-lq/p.987(函館港漁業貿易-品目別輸出3-1).jpeg"
"1004","/statistical-archives/img-lq/p.988(函館港漁業貿易-品目別輸出3-2).jpeg"
"1005","/statistical-archives/img-lq/p.989(函館港漁業貿易-品目別輸出3-2).jpeg"
"1006","/statistical-archives/img-lq/p.990(函館港漁業貿易-品目別輸出3-3).jpeg"
"1007","/statistical-archives/img-lq/p.991(函館港漁業貿易-品目別輸出3-3).jpeg"
"1008","/statistical-archives/img-lq/p.992(函館港漁業貿易-品目別輸出4-1).jpeg"
"1009","/statistical-archives/img-lq/p.993(函館港漁業貿易-品目別輸出4-1).jpeg"
"1010","/statistical-archives/img-lq/p.994(函館港漁業貿易-品目別輸出4-2).jpeg"
"1011","/statistical-archives/img-lq/p.995(函館港漁業貿易-品目別輸出4-2).jpeg"
"1012","/statistical-archives/img-lq/p.996(函館港漁業貿易-品目別輸出4-3).jpeg"
"1013","/statistical-archives/img-lq/p.997(函館港漁業貿易-品目別輸出4-3).jpeg"
"1014","/statistical-archives/img-lq/p.998(函館港漁業貿易-品目別輸入1).jpeg"
"1015","/statistical-archives/img-lq/p.999(函館港漁業貿易-品目別輸入1).jpeg"
"1016","/statistical-archives/img-lq/p.1000(函館港漁業貿易-品目別輸入2-1).jpeg"
"1017","/statistical-archives/img-lq/p.1001(函館港漁業貿易-品目別輸入2-1).jpeg"
"1018","/statistical-archives/img-lq/p.1002(函館港漁業貿易-品目別輸入2-2).jpeg"
"1019","/statistical-archives/img-lq/p.1003(函館港漁業貿易-品目別輸入2-2).jpeg"
"1020","/statistical-archives/img-lq/p.1004(函館港漁業貿易-品目別輸入3).jpeg"
"1021","/statistical-archives/img-lq/p.1005(函館港漁業貿易-品目別輸入3).jpeg"
"1022","/statistical-archives/img-lq/p.1006(函館港国別輸出1).jpeg"
"1023","/statistical-archives/img-lq/p.1007(函館港国別輸出1).jpeg"
"1024","/statistical-archives/img-lq/p.1008(函館港国別輸出1).jpeg"
"1025","/statistical-archives/img-lq/p.1009(函館港国別輸出1).jpeg"
"1026","/statistical-archives/img-lq/p.1010(函館港国別輸出2).jpeg"
"1027","/statistical-archives/img-lq/p.1011(函館港国別輸出2).jpeg"
"1028","/statistical-archives/img-lq/p.1012(函館港国別輸出3).jpeg"
"1029","/statistical-archives/img-lq/p.1013(函館港国別輸出4).jpeg"
"1030","/statistical-archives/img-lq/p.1014(函館港国別輸入1).jpeg"
"1031","/statistical-archives/img-lq/p.1015(函館港国別輸入1).jpeg"
"1032","/statistical-archives/img-lq/p.1016(函館港国別輸入1).jpeg"
"1033","/statistical-archives/img-lq/p.1017(函館港国別輸入1).jpeg"
"1034","/statistical-archives/img-lq/p.1018(函館港国別輸入2).jpeg"
"1035","/statistical-archives/img-lq/p.1019(函館港国別輸入2).jpeg"
"1036","/statistical-archives/img-lq/p.1020(函館港国別輸入3).jpeg"
"1037","/statistical-archives/img-lq/p.1021(函館港国別輸入4).jpeg"
"1038","/statistical-archives/img-lq/p.1022(明治16年卸売物価).jpeg"
"1039","/statistical-archives/img-lq/p.1023(卸売物価1).jpeg"
"1040","/statistical-archives/img-lq/p.1024(卸売物価2-1).jpeg"
"1041","/statistical-archives/img-lq/p.1025(卸売物価2-1).jpeg"
"1042","/statistical-archives/img-lq/p.1026(卸売物価2-2).jpeg"
"1043","/statistical-archives/img-lq/p.1027(卸売物価2-2).jpeg"
"1044","/statistical-archives/img-lq/p.1028(卸売物価2-3).jpeg"
"1045","/statistical-archives/img-lq/p.1029(卸売物価2-3).jpeg"
"1046","/statistical-archives/img-lq/p.1030(卸売物価3-1).jpeg"
"1047","/statistical-archives/img-lq/p.1031(卸売物価3-1).jpeg"
"1048","/statistical-archives/img-lq/p.1032(卸売物価3-2).jpeg"
"1049","/statistical-archives/img-lq/p.1033(卸売物価3-2).jpeg"
"1050","/statistical-archives/img-lq/p.1034(卸売物価3-3).jpeg"
"1051","/statistical-archives/img-lq/p.1035(卸売物価3-3).jpeg"
"1052","/statistical-archives/img-lq/p.1036(卸売物価3-4).jpeg"
"1053","/statistical-archives/img-lq/p.1037(卸売物価3-4).jpeg"
"1054","/statistical-archives/img-lq/p.1038(卸売物価3-5).jpeg"
"1055","/statistical-archives/img-lq/p.1039(卸売物価3-5).jpeg"
"1056","/statistical-archives/img-lq/p.1040(卸売物価3-6).jpeg"
"1057","/statistical-archives/img-lq/p.1041(卸売物価3-6).jpeg"
"1058","/statistical-archives/img-lq/p.1042(卸売物価3-7).jpeg"
"1059","/statistical-archives/img-lq/p.1043(卸売物価3-7).jpeg"
"1060","/statistical-archives/img-lq/p.1044(卸売物価3-8).jpeg"
"1061","/statistical-archives/img-lq/p.1045(卸売物価3-8).jpeg"
"1062","/statistical-archives/img-lq/p.1046(卸売物価3-9).jpeg"
"1063","/statistical-archives/img-lq/p.1047(卸売物価3-9).jpeg"
"1064","/statistical-archives/img-lq/p.1048(卸売物価4-1).jpeg"
"1065","/statistical-archives/img-lq/p.1049(卸売物価4-1).jpeg"
"1066","/statistical-archives/img-lq/p.1050(卸売物価4-2).jpeg"
"1067","/statistical-archives/img-lq/p.1051(卸売物価4-2).jpeg"
"1068","/statistical-archives/img-lq/p.1052(卸売物価4-3).jpeg"
"1069","/statistical-archives/img-lq/p.1053(卸売物価4-3).jpeg"
"1070","/statistical-archives/img-lq/p.1054(卸売物価4-4).jpeg"
"1071","/statistical-archives/img-lq/p.1055(卸売物価4-4).jpeg"
"1072","/statistical-archives/img-lq/p.1056(卸売物価4-5).jpeg"
"1073","/statistical-archives/img-lq/p.1057(卸売物価4-5).jpeg"
"1074","/statistical-archives/img-lq/p.1058(卸売物価4-6).jpeg"
"1075","/statistical-archives/img-lq/p.1059(卸売物価4-6).jpeg"
"1076","/statistical-archives/img-lq/p.1060(卸売物価4-7).jpeg"
"1077","/statistical-archives/img-lq/p.1061(卸売物価4-7).jpeg"
"1078","/statistical-archives/img-lq/p.1062(卸売物価4-8).jpeg"
"1079","/statistical-archives/img-lq/p.1063(卸売物価4-8).jpeg"
"1080","/statistical-archives/img-lq/p.1064(卸売物価指数1-1).jpeg"
"1081","/statistical-archives/img-lq/p.1065(卸売物価指数1-1).jpeg"
"1082","/statistical-archives/img-lq/p.1066(卸売物価指数1-2).jpeg"
"1083","/statistical-archives/img-lq/p.1067(卸売物価指数1-2).jpeg"
"1084","/statistical-archives/img-lq/p.1068(小売物価).jpeg"
"1085","/statistical-archives/img-lq/p.1069(小売物価).jpeg"
"1086","/statistical-archives/img-lq/p.1070(主要品目小売価額1-1).jpeg"
"1087","/statistical-archives/img-lq/p.1071(主要品目小売価額1-1).jpeg"
"1088","/statistical-archives/img-lq/p.1072(主要品目小売価額1-2).jpeg"
"1089","/statistical-archives/img-lq/p.1073(主要品目小売価額1-2).jpeg"
"1090","/statistical-archives/img-lq/p.1074(小売物価指数).jpeg"
"1091","/statistical-archives/img-lq/p.1075(小売物価指数).jpeg"
"1092","/statistical-archives/img-lq/p.1076(業種別賃金表1).jpeg"
"1093","/statistical-archives/img-lq/p.1077(業種別賃金表1).jpeg"
"1094","/statistical-archives/img-lq/p.1078(業種別賃金表2-1).jpeg"
"1095","/statistical-archives/img-lq/p.1079(業種別賃金表2-1).jpeg"
"1096","/statistical-archives/img-lq/p.1080(業種別賃金表2-1).jpeg"
"1097","/statistical-archives/img-lq/p.1081(業種別賃金表2-1).jpeg"
"1098","/statistical-archives/img-lq/p.1082(業種別賃金表2-2).jpeg"
"1099","/statistical-archives/img-lq/p.1083(業種別賃金表2-2).jpeg"
"1100","/statistical-archives/img-lq/p.1084(業種別賃金表2-2).jpeg"
"1101","/statistical-archives/img-lq/p.1085(業種別賃金表2-2).jpeg"
"1102","/statistical-archives/img-lq/p.1086(空白).jpeg"
"1103","/statistical-archives/img-lq/p.1087(中扉).jpeg"
"1104","/statistical-archives/img-lq/p.1088(民事訴訟件数1_民事訴訟件数2).jpeg"
"1105","/statistical-archives/img-lq/p.1089(民事訴訟件数1_民事訴訟件数2).jpeg"
"1106","/statistical-archives/img-lq/p.1090(刑事訴訟件数1_刑事訴訟件数2_刑事訴訟件数3).jpeg"
"1107","/statistical-archives/img-lq/p.1091(刑事訴訟件数1_刑事訴訟件数2_刑事訴訟件数3).jpeg"
"1108","/statistical-archives/img-lq/p.1092(刑事訴訟件数1).jpeg"
"1109","/statistical-archives/img-lq/p.1093(在監人員).jpeg"
"1110","/statistical-archives/img-lq/p.1094(在監人員).jpeg"
"1111","/statistical-archives/img-lq/p.1095(在監人員).jpeg"
"1112","/statistical-archives/img-lq/p.1096(警察署及び警察職員).jpeg"
"1113","/statistical-archives/img-lq/p.1097(警察署及び警察職員).jpeg"
"1114","/statistical-archives/img-lq/p.1098(貸座敷数-芸娼妓数1).jpeg"
"1115","/statistical-archives/img-lq/p.1099(貸座敷数-芸娼妓数2).jpeg"
"1116","/statistical-archives/img-lq/p.1100(芸娼妓年齢別構成表).jpeg"
"1117","/statistical-archives/img-lq/p.1101(芸娼妓年齢別構成表).jpeg"
"1118","/statistical-archives/img-lq/p.1102(火災件数1).jpeg"
"1119","/statistical-archives/img-lq/p.1103(火災件数2).jpeg"
"1120","/statistical-archives/img-lq/p.1104(消防組織(戦前1)_消防組織(戦前2)).jpeg"
"1121","/statistical-archives/img-lq/p.1105(消防組織(戦前1)_消防組織(戦前2)).jpeg"
"1122","/statistical-archives/img-lq/p.1106(消防組織(戦後)).jpeg"
"1123","/statistical-archives/img-lq/p.1107(消防組織(戦後)).jpeg"
"1124","/statistical-archives/img-lq/p.1108(大火小史).jpeg"
"1125","/statistical-archives/img-lq/p.1109(大火小史).jpeg"
"1126","/statistical-archives/img-lq/p.1110(医療施設数及び医療従事者数(戦前)).jpeg"
"1127","/statistical-archives/img-lq/p.1111(医療施設数及び医療従事者数(戦後)).jpeg"
"1128","/statistical-archives/img-lq/p.1112(法定伝染病患者数及び死亡者数).jpeg"
"1129","/statistical-archives/img-lq/p.1113(法定伝染病患者数及び死亡者数).jpeg"
"1130","/statistical-archives/img-lq/p.1114(法定伝染病患者数及び死亡者数).jpeg"
"1131","/statistical-archives/img-lq/p.1115(法定伝染病患者数及び死亡者数).jpeg"
"1132","/statistical-archives/img-lq/p.1116(種痘人員1).jpeg"
"1133","/statistical-archives/img-lq/p.1117(種痘人員2).jpeg"
"1134","/statistical-archives/img-lq/p.1118(種痘人員2_痘そうの定期予防接種).jpeg"
"1135","/statistical-archives/img-lq/p.1119(死因別死亡者数1).jpeg"
"1136","/statistical-archives/img-lq/p.1120(死因別死亡者数2-1).jpeg"
"1137","/statistical-archives/img-lq/p.1121(死因別死亡者数2-1).jpeg"
"1138","/statistical-archives/img-lq/p.1122(死因別死亡者数2-1).jpeg"
"1139","/statistical-archives/img-lq/p.1123(死因別死亡者数2-2_死因別死亡者数3).jpeg"
"1140","/statistical-archives/img-lq/p.1124(死因別死亡者数2-2_死因別死亡者数3).jpeg"
"1141","/statistical-archives/img-lq/p.1125(死因別死亡者数2-2_死因別死亡者数3).jpeg"
"1142","/statistical-archives/img-lq/p.1126(年齢別死亡者数1_年齢別死亡者数3).jpeg"
"1143","/statistical-archives/img-lq/p.1127(年齢別死亡者数2_年齢別死亡者数3).jpeg"
"1144","/statistical-archives/img-lq/p.1128(年齢別死亡者数2_年齢別死亡者数3).jpeg"
"1145","/statistical-archives/img-lq/p.1130(給水状況(戦前1)_給水状況(戦前2)).jpeg"
"1146","/statistical-archives/img-lq/p.1131(給水状況(戦後)).jpeg"
"1147","/statistical-archives/img-lq/p.1132(電灯-電力需要状況).jpeg"
"1148","/statistical-archives/img-lq/p.1133(電灯-電力需要状況).jpeg"
"1149","/statistical-archives/img-lq/p.1134(ガス供給状況).jpeg"
"1150","/statistical-archives/img-lq/p.1135(ガス供給状況).jpeg"
"1151","/statistical-archives/img-lq/p.1136(学齢児童数-就学児童数-就学率).jpeg"
"1152","/statistical-archives/img-lq/p.1137(学齢児童数-就学児童数-就学率).jpeg"
"1153","/statistical-archives/img-lq/p.1138(幼稚園総覧1_幼稚園総覧2).jpeg"
"1154","/statistical-archives/img-lq/p.1139(幼稚園総覧1).jpeg"
"1155","/statistical-archives/img-lq/p.1140(小学校総覧1).jpeg"
"1156","/statistical-archives/img-lq/p.1141(小学校総覧1).jpeg"
"1157","/statistical-archives/img-lq/p.1142(小学校総覧1).jpeg"
"1158","/statistical-archives/img-lq/p.1143(小学校総覧1).jpeg"
"1159","/statistical-archives/img-lq/p.1144(小学校総覧2).jpeg"
"1160","/statistical-archives/img-lq/p.1145(各小学校別教員数-児童数1(公立)).jpeg"
"1161","/statistical-archives/img-lq/p.1146(各小学校別教員数-児童数1(公立)).jpeg"
"1162","/statistical-archives/img-lq/p.1147(各小学校別教員数-児童数1(公立)).jpeg"
"1163","/statistical-archives/img-lq/p.1148(各小学校別教員数-児童数1(公立)).jpeg"
"1164","/statistical-archives/img-lq/p.1149(各小学校別教員数-児童数1(公立)).jpeg"
"1165","/statistical-archives/img-lq/p.1150(各小学校別教員数-児童数1(公立)).jpeg"
"1166","/statistical-archives/img-lq/p.1151(各小学校別教員数-児童数1(公立)).jpeg"
"1167","/statistical-archives/img-lq/p.1152(各小学校別教員数-児童数1(公立)).jpeg"
"1168","/statistical-archives/img-lq/p.1153(各小学校別教員数-児童数1(公立)).jpeg"
"1169","/statistical-archives/img-lq/p.1154(各小学校別教員数-児童数1(公立)).jpeg"
"1170","/statistical-archives/img-lq/p.1155(各小学校別教員数-児童数1(公立)).jpeg"
"1171","/statistical-archives/img-lq/p.1156(各小学校別教員数-児童数1(公立)).jpeg"
"1172","/statistical-archives/img-lq/p.1157(各小学校別教員数-児童数1(公立)).jpeg"
"1173","/statistical-archives/img-lq/p.1158(各小学校別教員数-児童数1(公立)).jpeg"
"1174","/statistical-archives/img-lq/p.1159(各小学校別教員数-児童数1(公立)).jpeg"
"1175","/statistical-archives/img-lq/p.1160(各小学校別教員数-児童数1(私立)).jpeg"
"1176","/statistical-archives/img-lq/p.1161(各小学校別教員数-児童数1(私立)).jpeg"
"1177","/statistical-archives/img-lq/p.1162(各小学校別教員数-児童数1(私立)).jpeg"
"1178","/statistical-archives/img-lq/p.1163(各小学校別教員数-児童数1(私立)).jpeg"
"1179","/statistical-archives/img-lq/p.1164(各小学校別教員数-児童数1(私立)).jpeg"
"1180","/statistical-archives/img-lq/p.1165(各小学校別教員数-児童数1(私立)).jpeg"
"1181","/statistical-archives/img-lq/p.1166(各小学校別教員数-児童数2(市立)).jpeg"
"1182","/statistical-archives/img-lq/p.1167(各小学校別教員数-児童数2(市立)).jpeg"
"1183","/statistical-archives/img-lq/p.1168(各小学校別教員数-児童数2(市立)).jpeg"
"1184","/statistical-archives/img-lq/p.1169(各小学校別教員数-児童数2(市立)).jpeg"
"1185","/statistical-archives/img-lq/p.1170(各小学校別教員数-児童数2(市立)).jpeg"
"1186","/statistical-archives/img-lq/p.1171(各小学校別教員数-児童数2(市立)).jpeg"
"1187","/statistical-archives/img-lq/p.1172(各小学校別教員数-児童数2(市立)).jpeg"
"1188","/statistical-archives/img-lq/p.1173(各小学校別教員数-児童数2(市立)).jpeg"
"1189","/statistical-archives/img-lq/p.1174(各小学校別教員数-児童数2(市立)).jpeg"
"1190","/statistical-archives/img-lq/p.1175(各小学校別教員数-児童数2(市立)).jpeg"
"1191","/statistical-archives/img-lq/p.1176(各小学校別教員数-児童数2(市立)).jpeg"
"1192","/statistical-archives/img-lq/p.1177(各小学校別教員数-児童数2(市立)).jpeg"
"1193","/statistical-archives/img-lq/p.1178(各小学校別教員数-児童数2(市立)).jpeg"
"1194","/statistical-archives/img-lq/p.1179(各小学校別教員数-児童数2(市立)).jpeg"
"1195","/statistical-archives/img-lq/p.1180(中学校).jpeg"
"1196","/statistical-archives/img-lq/p.1181(中学校_高等女学校).jpeg"
"1197","/statistical-archives/img-lq/p.1182(実業学校_高等女学校).jpeg"
"1198","/statistical-archives/img-lq/p.1183(実業学校).jpeg"
"1199","/statistical-archives/img-lq/p.1184(実業学校).jpeg"
"1200","/statistical-archives/img-lq/p.1185(実業補習学校).jpeg"
"1201","/statistical-archives/img-lq/p.1186(実業補習学校_青年学校).jpeg"
"1202","/statistical-archives/img-lq/p.1187(高等水産学校-師範学校).jpeg"
"1203","/statistical-archives/img-lq/p.1188(私立各種学校(戦前)).jpeg"
"1204","/statistical-archives/img-lq/p.1189(私立各種学校(戦前)).jpeg"
"1205","/statistical-archives/img-lq/p.1190(私立各種学校(戦前)).jpeg"
"1206","/statistical-archives/img-lq/p.1191(私立各種学校(戦前)).jpeg"
"1207","/statistical-archives/img-lq/p.1192(私立各種学校(戦前)).jpeg"
"1208","/statistical-archives/img-lq/p.1193(私立各種学校(戦前)).jpeg"
"1209","/statistical-archives/img-lq/p.1194(中学校総覧).jpeg"
"1210","/statistical-archives/img-lq/p.1195(高校総覧).jpeg"
"1211","/statistical-archives/img-lq/p.1196(大学).jpeg"
"1212","/statistical-archives/img-lq/p.1197(短期大学-高等専門学校).jpeg"
"1213","/statistical-archives/img-lq/p.1198(盲-聾-養護学校).jpeg"
"1214","/statistical-archives/img-lq/p.1199(盲-聾-養護学校).jpeg"
"1215","/statistical-archives/img-lq/p.1200(兵員数及び徴兵人員数).jpeg"
"1216","/statistical-archives/img-lq/p.1201(兵員数及び徴兵人員数).jpeg"