page_code,page_number,page_name,category,section,table_name
pc0001,,見返し
pc0002,,見返し
pc0003,,表紙扉
pc0004,,空白
pc0005,,発刊にあたって
pc0006,,発刊にあたって
pc0007,,発刊にあたって
pc0008,,空白
pc0009,,凡例
pc0010,,空白
pc0011,i,目次
pc0012,ii,目次
pc0013,iii,目次
pc0014,iv,目次
pc0015,v,目次
pc0016,vi,目次
pc0017,vii,目次
pc0018,viii,目次
pc0019,1,部門別解説
pc0020,2,部門別解説,行政
pc0021,3,部門別解説,行政
pc0022,4,部門別解説,行政
pc0023,5,部門別解説,行政
pc0024,6,部門別解説,行政
pc0025,7,部門別解説,行政
pc0026,8,部門別解説,行政
pc0027,9,部門別解説,行政
pc0028,10,部門別解説,行政
pc0029,11,部門別解説,産業-経済
pc0030,12,部門別解説,産業-経済
pc0031,13,部門別解説,産業-経済
pc0032,14,部門別解説,産業-経済
pc0033,15,部門別解説,産業-経済
pc0034,16,部門別解説,産業-経済
pc0035,17,部門別解説,産業-経済
pc0036,18,部門別解説,産業-経済
pc0037,19,部門別解説,産業-経済
pc0038,20,部門別解説,産業-経済
pc0039,21,部門別解説,産業-経済
pc0040,22,部門別解説,産業-経済
pc0041,23,部門別解説,産業-経済
pc0042,24,部門別解説,産業-経済
pc0043,25,部門別解説,産業-経済
pc0044,26,部門別解説,産業-経済
pc0045,27,部門別解説,産業-経済
pc0046,28,部門別解説,産業-経済
pc0047,29,部門別解説,産業-経済
pc0048,30,部門別解説,産業-経済
pc0049,31,部門別解説,産業-経済
pc0050,32,部門別解説,産業-経済
pc0051,33,部門別解説,産業-経済
pc0052,34,部門別解説,産業-経済
pc0053,35,部門別解説,産業-経済
pc0054,36,部門別解説,産業-経済
pc0055,37,部門別解説,産業-経済
pc0056,38,部門別解説,社会-教育
pc0057,39,部門別解説,社会-教育
pc0058,40,部門別解説,社会-教育
pc0059,41,部門別解説,社会-教育
pc0060,42,部門別解説,社会-教育
pc0061,43,部門別解説,社会-教育
pc0062,44,部門別解説,社会-教育
pc0063,45,部門別解説,社会-教育
pc0064,46,部門別解説,社会-教育
pc0065,47,部門別解説,社会-教育
pc0066,48,部門別解説,社会-教育
pc0067,49,部門別解説,社会-教育
pc0068,50,部門別解説,社会-教育
pc0069,51,部門別解説,社会-教育
pc0070,52,部門別解説,社会-教育
pc0071,53,部門別解説,社会-教育
pc0072,54,部門別解説,社会-教育
pc0073,55,部門別解説,社会-教育
pc0074,56,部門別解説,社会-教育
pc0075,57,章扉,行政
pc0076,58,,行政,気象,気温-気圧-湿度
pc0077,59,,行政,気象,気温-気圧-湿度
pc0078,60,,行政,気象,風速-降水量-積雪量-日照時数
pc0079,61,,行政,気象,風速-降水量-積雪量-日照時数
pc0080,62,,行政,気象,天気日数-地震回数-霜雪期
pc0081,63,,行政,気象,天気日数-地震回数-霜雪期
pc0082,64,,行政,土地,地目別土地面積
pc0083,65,,行政,土地,地目別土地面積
pc0084,66,,行政,土地,地目別土地面積
pc0085,67,,行政,土地,地目別土地面積
pc0086,68,,行政,土地,民有地面積-地価
pc0087,69,,行政,土地,民有地面積-地価
pc0088,70,,行政,土地,有租地面積
pc0089,71,,行政,土地,明治42年-大正7年町別面積-道路
pc0090,72,,行政,人口,戸数-人口1-1
pc0091,73,,行政,人口,戸数-人口1-1
pc0092,74,,行政,人口,戸数-人口1-2
pc0093,75,,行政,人口,戸数-人口1-2
pc0094,76,,行政,人口,人口動態
pc0095,77,,行政,人口,人口動態
pc0096,78,,行政,人口,文化文政期町別戸口表
pc0097,79,,行政,人口,文化文政期町別戸口表
pc0098,80,,行政,人口,明治9年管内村町別戸口表1-1
pc0099,81,,行政,人口,明治9年管内村町別戸口表1-1
pc0100,82,,行政,人口,明治9年管内村町別戸口表1-2
pc0101,83,,行政,人口,明治9年管内村町別戸口表1-2
pc0102,84,,行政,人口,明治期町別戸口表
pc0103,85,,行政,人口,明治期町別戸口表
pc0104,86,,行政,人口,明治期町別戸口表
pc0105,87,,行政,人口,明治期町別戸口表
pc0106,88,,行政,人口,職業表1-1
pc0107,89,,行政,人口,職業表1-1
pc0108,90,,行政,人口,職業表1-2
pc0109,91,,行政,人口,職業表1-2
pc0110,92,,行政,人口,明治11年函館市中職業表1-1
pc0111,93,,行政,人口,明治11年函館市中職業表1-1
pc0112,94,,行政,人口,明治11年函館市中職業表1-2
pc0113,95,,行政,人口,明治11年函館市中職業表1-2
pc0114,96,,行政,人口,明治11年函館市中職業表1-3
pc0115,97,,行政,人口,明治11年函館市中職業表1-3
pc0116,98,,行政,人口,明治12年函館市中職業表1-1
pc0117,99,,行政,人口,明治12年函館市中職業表1-1
pc0118,100,,行政,人口,明治12年函館市中職業表1-2
pc0119,101,,行政,人口,明治12年函館市中職業表1-2
pc0120,102,,行政,人口,居留外国人戸口表1-1
pc0121,103,,行政,人口,居留外国人戸口表1-1
pc0122,104,,行政,人口,居留外国人戸口表1-2
pc0123,105,,行政,人口,居留外国人戸口表1-2
pc0124,106,,行政,人口,居留外国人職業表1
pc0125,107,,行政,人口,居留外国人職業表2
pc0126,108,,行政,財政,区内協議費収支決算1-1
pc0127,109,,行政,財政,区内協議費収支決算1-1
pc0128,110,,行政,財政,区内協議費収支決算1-2
pc0129,111,,行政,財政,区内協議費収支決算1-2
pc0130,112,,行政,財政,区費歳入決算1-1
pc0131,113,,行政,財政,区費歳入決算1-1
pc0132,114,,行政,財政,区費歳入決算1-1
pc0133,115,,行政,財政,区費歳入決算1-1
pc0134,116,,行政,財政,区費歳入決算1-1
pc0135,117,,行政,財政,区費歳入決算1-2
pc0136,118,,行政,財政,区費歳入決算1-2
pc0137,119,,行政,財政,区費歳入決算1-2
pc0138,120,,行政,財政,区費歳入決算1-2
pc0139,121,,行政,財政,区費歳入決算1-2
pc0140,122,,行政,財政,区費歳出経常部決算1-1
pc0141,123,,行政,財政,区費歳出経常部決算1-1
pc0142,124,,行政,財政,区費歳出経常部決算1-1
pc0143,125,,行政,財政,区費歳出経常部決算1-1
pc0144,126,,行政,財政,区費歳出経常部決算1-2
pc0145,127,,行政,財政,区費歳出経常部決算1-2
pc0146,128,,行政,財政,区費歳出経常部決算1-2
pc0147,129,,行政,財政,区費歳出経常部決算1-2
pc0148,130,,行政,財政,区費歳出臨時部決算1-1
pc0149,131,,行政,財政,区費歳出臨時部決算1-1
pc0150,132,,行政,財政,区費歳出臨時部決算1-1
pc0151,133,,行政,財政,区費歳出臨時部決算1-1
pc0152,134,,行政,財政,区費歳出臨時部決算1-2
pc0153,135,,行政,財政,区費歳出臨時部決算1-2
pc0154,136,,行政,財政,区費歳出臨時部決算1-2
pc0155,137,,行政,財政,区費歳出臨時部決算1-2
pc0156,138,,行政,財政,市歳入決算1-1
pc0157,139,,行政,財政,市歳入決算1-1
pc0158,140,,行政,財政,市歳入決算1-1
pc0159,141,,行政,財政,市歳入決算1-1
pc0160,142,,行政,財政,市歳入決算1-2
pc0161,143,,行政,財政,市歳入決算1-2
pc0162,144,,行政,財政,市歳入決算1-2
pc0163,145,,行政,財政,市歳入決算1-2
pc0164,146,,行政,財政,市歳入決算2-1
pc0165,147,,行政,財政,市歳入決算2-1
pc0166,148,,行政,財政,市歳入決算2-2
pc0167,149,,行政,財政,市歳入決算2-2
pc0168,150,,行政,財政,市歳入決算2-3
pc0169,151,,行政,財政,市歳入決算2-3
pc0170,152,,行政,財政,市歳入決算3-1
pc0171,153,,行政,財政,市歳入決算3-1
pc0172,154,,行政,財政,市歳入決算3-1
pc0173,155,,行政,財政,市歳入決算3-2
pc0174,156,,行政,財政,市歳入決算3-2
pc0175,157,,行政,財政,市歳入決算3-2
pc0176,158,,行政,財政,市歳入決算3-3
pc0177,159,,行政,財政,市歳入決算3-3
pc0178,160,,行政,財政,市歳入決算3-3
pc0179,161,,行政,財政,市歳入決算3-4
pc0180,162,,行政,財政,市歳入決算3-4
pc0181,163,,行政,財政,市歳入決算3-4
pc0182,164,,行政,財政,市歳入決算3-5
pc0183,165,,行政,財政,市歳入決算3-5
pc0184,166,,行政,財政,市歳入決算3-5
pc0185,167,,行政,財政,市歳入決算4-1
pc0186,168,,行政,財政,市歳入決算4-1
pc0187,169,,行政,財政,市歳入決算4-1
pc0188,170,,行政,財政,市歳入決算4-2
pc0189,171,,行政,財政,市歳入決算4-2
pc0190,172,,行政,財政,市歳入決算4-2
pc0191,173,,行政,財政,市歳入決算4-3
pc0192,174,,行政,財政,市歳入決算4-3
pc0193,175,,行政,財政,市歳入決算4-3
pc0194,176,,行政,財政,市歳出経常部決算1-1
pc0195,177,,行政,財政,市歳出経常部決算1-1
pc0196,178,,行政,財政,市歳出経常部決算1-1
pc0197,179,,行政,財政,市歳出経常部決算1-2
pc0198,180,,行政,財政,市歳出経常部決算1-2
pc0199,181,,行政,財政,市歳出経常部決算1-2
pc0200,182,,行政,財政,市歳出経常部決算1-3
pc0201,183,,行政,財政,市歳出経常部決算1-3
pc0202,184,,行政,財政,市歳出経常部決算1-3
pc0203,185,,行政,財政,市歳出臨時部決算1-1
pc0204,186,,行政,財政,市歳出臨時部決算1-1
pc0205,187,,行政,財政,市歳出臨時部決算1-1
pc0206,188,,行政,財政,市歳出臨時部決算1-2
pc0207,189,,行政,財政,市歳出臨時部決算1-2
pc0208,190,,行政,財政,市歳出臨時部決算1-2
pc0209,191,,行政,財政,市歳出臨時部決算1-3
pc0210,192,,行政,財政,市歳出臨時部決算1-3
pc0211,193,,行政,財政,市歳出臨時部決算1-3
pc0212,194,,行政,財政,市歳出経常部決算2-1
pc0213,195,,行政,財政,市歳出経常部決算2-1
pc0214,196,,行政,財政,市歳出経常部決算2-2
pc0215,197,,行政,財政,市歳出経常部決算2-2
pc0216,198,,行政,財政,市歳出経常部決算2-3
pc0217,199,,行政,財政,市歳出経常部決算2-3
pc0218,200,,行政,財政,市歳出経常部決算2-4
pc0219,201,,行政,財政,市歳出経常部決算2-4
pc0220,202,,行政,財政,市歳出臨時部決算2-1
pc0221,203,,行政,財政,市歳出臨時部決算2-1
pc0222,204,,行政,財政,市歳出臨時部決算2-2
pc0223,205,,行政,財政,市歳出臨時部決算2-2
pc0224,206,,行政,財政,市歳出臨時部決算2-3
pc0225,207,,行政,財政,市歳出臨時部決算2-3
pc0226,208,,行政,財政,市歳出決算3-1
pc0227,209,,行政,財政,市歳出決算3-1
pc0228,210,,行政,財政,市歳出決算3-1
pc0229,211,,行政,財政,市歳出決算3-2
pc0230,212,,行政,財政,市歳出決算3-2
pc0231,213,,行政,財政,市歳出決算3-2
pc0232,214,,行政,財政,市歳出決算3-3
pc0233,215,,行政,財政,市歳出決算3-3
pc0234,216,,行政,財政,市歳出決算3-3
pc0235,217,,行政,財政,市歳出決算3-4
pc0236,218,,行政,財政,市歳出決算3-4
pc0237,219,,行政,財政,市歳出決算3-4
pc0238,220,,行政,財政,市歳出決算4-1
pc0239,221,,行政,財政,市歳出決算4-1
pc0240,222,,行政,財政,市歳出決算4-1
pc0241,223,,行政,財政,市歳出決算4-2
pc0242,224,,行政,財政,市歳出決算4-2
pc0243,225,,行政,財政,市歳出決算4-2
pc0244,226,,行政,財政,市歳出決算4-3
pc0245,227,,行政,財政,市歳出決算4-3
pc0246,228,,行政,財政,市歳出決算4-3
pc0247,229,,行政,財政,市歳出決算4-4
pc0248,230,,行政,財政,市歳出決算4-4
pc0249,231,,行政,財政,市歳出決算4-4
pc0250,232,,行政,財政,市歳出決算4-5
pc0251,233,,行政,財政,市歳出決算4-5
pc0252,234,,行政,財政,市歳出決算4-5
pc0253,235,,行政,財政,市歳出決算4-6
pc0254,236,,行政,財政,市歳出決算4-6
pc0255,237,,行政,財政,市歳出決算4-6
pc0256,238,,行政,財政,区-市特別会計歳入歳出決算
pc0257,239,,行政,財政,区-市特別会計歳入歳出決算
pc0258,240,,行政,財政,区内共有金1_会社銀行年賦寄付金
pc0259,241,,行政,財政,区内共有金1_会社銀行年賦寄付金
pc0260,242,,行政,財政,区内共有金2_備荒貯蓄金
pc0261,243,,行政,財政,区内共有金2_備荒貯蓄金
pc0262,244,,行政,財政,教育蓄積金-公立小学校費-函館女学校費
pc0263,245,,行政,財政,教育蓄積金-公立小学校費-函館女学校費
pc0264,246,,行政,財政,共有基本金
pc0265,247,,行政,財政,共有基本金
pc0266,248,,行政,財政,共有基本金
pc0267,249,,行政,財政,私立小学校経費(参考)
pc0268,250,,行政,財政,育児費-育児特別基本金
pc0269,251,,行政,財政,育児費-育児特別基本金
pc0270,252,,行政,財政,水道起業蓄積金_水道副管調査費_函館水道費_函館水道増設工事費_赤川水源測量費
pc0271,253,,行政,財政,水道保存蓄積金_若松町海面埋立工事_函館港改良工事
pc0272,254,,行政,財政,給水工事費_上水道拡張費_温泉費
pc0273,255,,行政,財政,給水工事費_上水道拡張費_温泉費
pc0274,256,,行政,財政,水道費
pc0275,257,,行政,財政,水道費
pc0276,258,,行政,財政,水道費
pc0277,259,,行政,財政,水道費
pc0278,260,,行政,財政,水道事業費
pc0279,261,,行政,財政,復興事業費_結核予防並窮民治療事業資金
pc0280,262,,行政,財政,基本財産
pc0281,263,,行政,財政,基本財産
pc0282,264,,行政,財政,特別基本財産_窮民救助費_窮民救助費特別基本財産
pc0283,265,,行政,財政,特別基本財産_窮民救助費_窮民救助費特別基本財産
pc0284,266,,行政,財政,特別基本財産_窮民救助費
pc0285,267,,行政,財政,特別基本財産_窮民救助費
pc0286,268,,行政,財政,社会事業資金_慈善事業資金_教育基本財産
pc0287,269,,行政,財政,社会事業資金_慈善事業資金_教育基本財産
pc0288,270,,行政,財政,社会事業資金_慈善事業資金_木島社会事業資金
pc0289,271,,行政,財政,公益質屋費
pc0290,272,,行政,財政,公益質屋費
pc0291,273,,行政,財政,公益質屋費
pc0292,274,,行政,財政,交通事業費1_交通事業資金
pc0293,275,,行政,財政,交通事業費2
pc0294,276,,行政,財政,区立病院費_区立病院維持蓄積金
pc0295,277,,行政,財政,区立病院費_区立病院維持蓄積金
pc0296,278,,行政,財政,函館病院費1
pc0297,279,,行政,財政,函館病院費1
pc0298,280,,行政,財政,函館病院費1
pc0299,281,,行政,財政,函館病院費1
pc0300,282,,行政,財政,函館病院費1
pc0301,283,,行政,財政,函館病院費1
pc0302,284,,行政,財政,函館病院費2-1
pc0303,285,,行政,財政,函館病院費2-1
pc0304,286,,行政,財政,函館病院費2-1
pc0305,287,,行政,財政,函館病院費2-2
pc0306,288,,行政,財政,函館病院費2-1
pc0307,289,,行政,財政,函館病院費2-1
pc0308,290,,行政,財政,大森町有財産
pc0309,291,,行政,財政,大森町有財産
pc0310,292,,行政,財政,自転車競争事業費1_自転車競争事業費2
pc0311,293,,行政,財政,自転車競争事業費1_自転車競争事業費2
pc0312,294,,行政,財政,自転車競争事業費1_自転車競争事業費2
pc0313,295,,行政,財政,魚卸売市場事業費
pc0314,296,,行政,財政,奨学資金
pc0315,297,,行政,財政,奨学資金
pc0316,298,,行政,財政,港湾事業費1
pc0317,299,,行政,財政,港湾事業費1
pc0318,300,,行政,財政,港湾事業費2-1
pc0319,301,,行政,財政,港湾事業費2-1
pc0320,302,,行政,財政,港湾事業費2-1
pc0321,303,,行政,財政,港湾事業費2-2
pc0322,304,,行政,財政,港湾事業費2-2
pc0323,305,,行政,財政,港湾事業費2-2
pc0324,306,,行政,財政,と畜場費
pc0325,307,,行政,財政,と畜場費_国民健康保険事業費1
pc0326,308,,行政,財政,国民健康保険事業費2
pc0327,309,,行政,財政,国民健康保険事業費2
pc0328,310,,行政,財政,国民健康保険事業費2
pc0329,311,,行政,財政,下水道事業費
pc0330,312,,行政,財政,下水道事業費
pc0331,313,,行政,財政,下水道事業費
pc0332,314,,行政,財政,交通災害共済事業費_育英資金_中央卸売市場事業
pc0333,315,,行政,財政,交通災害共済事業費_育英資金_社会福祉施設整備資金
pc0334,316,,行政,財政,企業会計水道事業1-1
pc0335,317,,行政,財政,企業会計水道事業1-1
pc0336,318,,行政,財政,企業会計水道事業1-1
pc0337,319,,行政,財政,企業会計水道事業1-1
pc0338,320,,行政,財政,企業会計水道事業1-1
pc0339,321,,行政,財政,企業会計水道事業1-2
pc0340,322,,行政,財政,企業会計水道事業1-2
pc0341,323,,行政,財政,企業会計水道事業1-2
pc0342,324,,行政,財政,企業会計水道事業1-2
pc0343,325,,行政,財政,企業会計水道事業1-2
pc0344,326,,行政,財政,企業会計温泉事業1-1
pc0345,327,,行政,財政,企業会計温泉事業1-1
pc0346,328,,行政,財政,企業会計温泉事業1-2
pc0347,329,,行政,財政,企業会計温泉事業1-2
pc0348,330,,行政,財政,企業会計交通事業1-1
pc0349,331,,行政,財政,企業会計交通事業1-1
pc0350,332,,行政,財政,企業会計交通事業1-1
pc0351,333,,行政,財政,企業会計交通事業1-1
pc0352,334,,行政,財政,企業会計交通事業1-1
pc0353,335,,行政,財政,企業会計交通事業1-2
pc0354,336,,行政,財政,企業会計交通事業1-2
pc0355,337,,行政,財政,企業会計交通事業1-2
pc0356,338,,行政,財政,企業会計交通事業1-2
pc0357,339,,行政,財政,企業会計交通事業1-2
pc0358,340,,行政,財政,企業会計病院事業1-1
pc0359,341,,行政,財政,企業会計病院事業1-1
pc0360,342,,行政,財政,企業会計病院事業1-1
pc0361,343,,行政,財政,企業会計病院事業1-2
pc0362,344,,行政,財政,企業会計病院事業1-2
pc0363,345,,行政,財政,企業会計病院事業1-2
pc0364,346,,行政,財政,企業会計病院事業1-3
pc0365,347,,行政,財政,企業会計病院事業1-3
pc0366,348,,行政,財政,企業会計病院事業1-3
pc0367,349,,行政,財政,企業会計中央卸売市場事業
pc0368,350,,行政,財政,企業会計港湾埋立事業
pc0369,351,,行政,財政,企業会計港湾埋立事業
pc0370,352,,行政,財政,区税
pc0371,353,,行政,財政,区税
pc0372,354,,行政,財政,区税
pc0373,355,,行政,財政,市税1
pc0374,356,,行政,財政,市税2
pc0375,357,,行政,財政,市税2
pc0376,358,,行政,財政,市税3
pc0377,359,,行政,財政,市税3
pc0378,360,,行政,財政,地方税
pc0379,361,,行政,財政,地方税
pc0380,362,,行政,財政,地方税
pc0381,363,,行政,財政,地方税
pc0382,364,,行政,財政,国税
pc0383,365,,行政,財政,国税
pc0384,366,,行政,選挙,区会議員選挙
pc0385,367,,行政,選挙,区会議員選挙
pc0386,368,,行政,選挙,区会議員選挙
pc0387,369,,行政,選挙,区会議員選挙
pc0388,370,,行政,選挙,区会議員選挙
pc0389,371,,行政,選挙,区会議員選挙
pc0390,372,,行政,選挙,区会議員選挙
pc0391,373,,行政,選挙,区会議員選挙
pc0392,374,,行政,選挙,区会議員選挙
pc0393,375,,行政,選挙,区会議員選挙
pc0394,376,,行政,選挙,区会議員選挙
pc0395,377,,行政,選挙,区会議員選挙
pc0396,378,,行政,選挙,区会議員選挙
pc0397,379,,行政,選挙,市会議員選挙
pc0398,380,,行政,選挙,市会議員選挙
pc0399,381,,行政,選挙,市会議員選挙
pc0400,382,,行政,選挙,市会議員選挙
pc0401,383,,行政,選挙,市会議員選挙
pc0402,384,,行政,選挙,市会議員選挙
pc0403,385,,行政,選挙,函館区-市会議員選挙執行状況
pc0404,386,,行政,選挙,北海道議会議員選挙
pc0405,387,,行政,選挙,北海道議会議員選挙
pc0406,388,,行政,選挙,北海道議会議員選挙
pc0407,389,,行政,選挙,北海道議会議員選挙
pc0408,390,,行政,選挙,衆議院議員選挙
pc0409,391,,行政,選挙,衆議院議員選挙
pc0410,392,,行政,選挙,衆議院議員選挙
pc0411,393,,行政,選挙,衆議院議員選挙執行状況
pc0412,394,,行政,選挙,参議院議員北海道地方区選挙
pc0413,395,,行政,選挙,参議院議員北海道地方区選挙
pc0414,396,空白
pc0415,397,章扉,産業-経済
pc0416,398,,産業-経済,農業,農業戸数-人口-耕地
pc0417,399,,産業-経済,農業,農業戸数-人口-耕地
pc0418,400,,産業-経済,農業,農家数-農家人口
pc0419,401,,産業-経済,農業,経営耕地別面積
pc0420,402,,産業-経済,農業,主要農作物作付面積(戦前)
pc0421,403,,産業-経済,農業,主要農作物作付面積(戦前)
pc0422,404,,産業-経済,農業,主要農作物作付面積(戦後)
pc0423,405,,産業-経済,農業,主要農作物作付面積(戦後)
pc0424,406,,産業-経済,農業,家畜-家舎
pc0425,407,,産業-経済,農業,家畜飼養戸数-頭数
pc0426,408,,産業-経済,漁業,生売水産物数量
pc0427,409,,産業-経済,漁業,生売水産物数量
pc0428,410,,産業-経済,漁業,生売水産物金額
pc0429,411,,産業-経済,漁業,生売水産物金額
pc0430,412,,産業-経済,漁業,輸出生魚数量-金額
pc0431,413,,産業-経済,漁業,輸出生魚数量-金額
pc0432,414,,産業-経済,漁業,製造水産物水量1-1
pc0433,415,,産業-経済,漁業,製造水産物水量1-1
pc0434,416,,産業-経済,漁業,製造水産物水量1-1
pc0435,417,,産業-経済,漁業,製造水産物水量1-2
pc0436,418,,産業-経済,漁業,製造水産物水量1-2
pc0437,419,,産業-経済,漁業,製造水産物水量1-2
pc0438,420,,産業-経済,漁業,製造水産物金額1-1
pc0439,421,,産業-経済,漁業,製造水産物金額1-1
pc0440,422,,産業-経済,漁業,製造水産物金額1-1
pc0441,423,,産業-経済,漁業,製造水産物金額1-2
pc0442,424,,産業-経済,漁業,製造水産物金額1-2
pc0443,425,,産業-経済,漁業,製造水産物金額1-2
pc0444,426,,産業-経済,漁業,水産製品生産量1-1
pc0445,427,,産業-経済,漁業,水産製品生産量1-1
pc0446,428,,産業-経済,漁業,水産製品生産量1-1
pc0447,429,,産業-経済,漁業,水産製品生産量1-1
pc0448,430,,産業-経済,漁業,水産製品生産量1-2
pc0449,431,,産業-経済,漁業,水産製品生産量1-2
pc0450,432,,産業-経済,漁業,水産製品生産量1-2
pc0451,433,,産業-経済,漁業,水産製品生産量1-3
pc0452,434,,産業-経済,漁業,水産製品生産量1-3
pc0453,435,,産業-経済,漁業,水産製品生産量1-3
pc0454,436,,産業-経済,漁業,水産製品生産量1-3
pc0455,437,,産業-経済,漁業,水産製品生産量1-3
pc0456,438,,産業-経済,漁業,水産製品生産金額1-1
pc0457,439,,産業-経済,漁業,水産製品生産金額1-1
pc0458,440,,産業-経済,漁業,水産製品生産金額1-1
pc0459,441,,産業-経済,漁業,水産製品生産金額1-1
pc0460,442,,産業-経済,漁業,水産製品生産金額1-2
pc0461,443,,産業-経済,漁業,水産製品生産金額1-2
pc0462,444,,産業-経済,漁業,水産製品生産金額1-2
pc0463,445,,産業-経済,漁業,水産製品生産金額1-2
pc0464,446,,産業-経済,漁業,水産製品生産金額1-3
pc0465,447,,産業-経済,漁業,水産製品生産金額1-3
pc0466,448,,産業-経済,漁業,水産製品生産金額1-3
pc0467,449,,産業-経済,漁業,水産製品生産金額1-3
pc0468,450,,産業-経済,漁業,魚種別漁獲量
pc0469,451,,産業-経済,漁業,魚種別漁獲金額
pc0470,452,,産業-経済,漁業,魚種別漁獲量
pc0471,453,,産業-経済,漁業,魚種別漁獲量
pc0472,454,,産業-経済,漁業,魚種別漁獲量
pc0473,455,,産業-経済,漁業,魚種別漁獲量
pc0474,456,,産業-経済,漁業,魚種別漁獲金額
pc0475,457,,産業-経済,漁業,魚種別漁獲金額
pc0476,458,,産業-経済,漁業,魚種別漁獲金額
pc0477,459,,産業-経済,漁業,魚種別漁獲金額
pc0478,460,,産業-経済,漁業,漁業別漁獲量
pc0479,461,,産業-経済,漁業,漁業別漁獲金額
pc0480,462,,産業-経済,漁業,漁業別漁獲量
pc0481,463,,産業-経済,漁業,漁業別漁獲金額
pc0482,464,,産業-経済,漁業,漁業別漁獲金額
pc0483,465,,産業-経済,漁業,漁業別漁獲金額
pc0484,466,,産業-経済,漁業,漁業別漁獲金額
pc0485,467,,産業-経済,漁業,漁業別漁獲金額
pc0486,468,,産業-経済,漁業,水産業家戸数-人口
pc0487,469,,産業-経済,漁業,魚網-漁船
pc0488,470,,産業-経済,漁業,漁網
pc0489,471,,産業-経済,漁業,漁夫入稼出稼
pc0490,472,,産業-経済,漁業,漁業経営体-漁業者1-1
pc0491,473,,産業-経済,漁業,漁業経営体-漁業者1-1
pc0492,474,,産業-経済,漁業,漁業経営体-漁業者1-1
pc0493,475,,産業-経済,漁業,漁業経営体-漁業者1-1
pc0494,476,,産業-経済,漁業,漁業経営体-漁業者1-2
pc0495,477,,産業-経済,漁業,漁業経営体-漁業者1-2
pc0496,478,,産業-経済,漁業,漁業経営体-漁業者1-2
pc0497,479,,産業-経済,漁業,漁業経営体-漁業者1-2
pc0498,480,,産業-経済,漁業,漁業経営体-漁業者1-3
pc0499,481,,産業-経済,漁業,漁業経営体-漁業者1-3
pc0500,482,,産業-経済,漁業,漁業経営体-漁業者1-3
pc0501,483,,産業-経済,漁業,漁業経営体-漁業者1-3
pc0502,484,,産業-経済,漁業,漁業経営体-漁業者1-4
pc0503,485,,産業-経済,漁業,漁業経営体-漁業者1-4
pc0504,486,,産業-経済,漁業,漁業経営体-漁業者1-4
pc0505,487,,産業-経済,漁業,漁業経営体-漁業者1-4
pc0506,488,,産業-経済,露領漁業,租借-経営鮭鱒漁区数-魚種別漁獲量
pc0507,489,,産業-経済,露領漁業,監視区別経営漁区数-魚種別漁獲量
pc0508,490,,産業-経済,露領漁業,監視区別経営漁区数-魚種別漁獲量
pc0509,491,,産業-経済,露領漁業,監視区別経営漁区数-魚種別漁獲量
pc0510,492,,産業-経済,露領漁業,監視区別経営漁区数-魚種別漁獲量
pc0511,493,,産業-経済,露領漁業,監視区別経営漁区数-魚種別漁獲量
pc0512,494,,産業-経済,露領漁業,塩鮭鱒生産量
pc0513,495,,産業-経済,露領漁業,鮭鱒蟹缶詰生産量-金額
pc0514,496,,産業-経済,露領漁業,鮭鱒蟹缶詰生産量-金額_使用船舶-トン数
pc0515,497,,産業-経済,露領漁業,使用船舶数
pc0516,498,,産業-経済,露領漁業,漁業塩産出国別使用量
pc0517,499,,産業-経済,露領漁業,職業別従業員数_府県別従業員数
pc0518,500,,産業-経済,露領漁業,府県別露領水産組合員数
pc0519,501,,産業-経済,露領漁業,府県別露領水産組合員数
pc0520,502,,産業-経済,露領漁業,府県別露領水産組合員名簿
pc0521,503,,産業-経済,露領漁業,府県別露領水産組合員名簿
pc0522,504,,産業-経済,露領漁業,府県別露領水産組合員名簿
pc0523,506,,産業-経済,露領漁業,監視区別-漁区別借区者異動-漁獲量-西南区
pc0524,507,,産業-経済,露領漁業,監視区別-漁区別借区者異動-漁獲量-西南区
pc0525,508,,産業-経済,露領漁業,監視区別-漁区別借区者異動-漁獲量-西南区
pc0526,509,,産業-経済,露領漁業,監視区別-漁区別借区者異動-漁獲量-西南区
pc0527,510,,産業-経済,露領漁業,監視区別-漁区別借区者異動-漁獲量-西南区
pc0528,511,,産業-経済,露領漁業,監視区別-漁区別借区者異動-漁獲量-西南区
pc0529,512,,産業-経済,露領漁業,監視区別-漁区別借区者異動-漁獲量-サガレン区
pc0530,513,,産業-経済,露領漁業,監視区別-漁区別借区者異動-漁獲量-サガレン区
pc0531,514,,産業-経済,露領漁業,監視区別-漁区別借区者異動-漁獲量-オホストスキー
pc0532,515,,産業-経済,露領漁業,監視区別-漁区別借区者異動-漁獲量-オホストスキー
pc0533,516,,産業-経済,露領漁業,監視区別-漁区別借区者異動-漁獲量-オホストスキー
pc0534,517,,産業-経済,露領漁業,監視区別-漁区別借区者異動-漁獲量-オホストスキー
pc0535,518,,産業-経済,露領漁業,監視区別-漁区別借区者異動-漁獲量-オホストスキー
pc0536,519,,産業-経済,露領漁業,監視区別-漁区別借区者異動-漁獲量-オホストスキー
pc0537,520,,産業-経済,露領漁業,監視区別-漁区別借区者異動-漁獲量-オホストスキー
pc0538,521,,産業-経済,露領漁業,監視区別-漁区別借区者異動-漁獲量-オホストスキー
pc0539,522,,産業-経済,露領漁業,監視区別-漁区別借区者異動-漁獲量-オホストスキー
pc0540,523,,産業-経済,露領漁業,監視区別-漁区別借区者異動-漁獲量-オホストスキー
pc0541,524,,産業-経済,露領漁業,監視区別-漁区別借区者異動-漁獲量-オホストスキー
pc0542,525,,産業-経済,露領漁業,監視区別-漁区別借区者異動-漁獲量-ギジギンスキー
pc0543,526,,産業-経済,露領漁業,監視区別-漁区別借区者異動-漁獲量-ギジギンスキー
pc0544,527,,産業-経済,露領漁業,監視区別-漁区別借区者異動-漁獲量-ギジギンスキー
pc0545,528,,産業-経済,露領漁業,監視区別-漁区別借区者異動-漁獲量-ギジギンスキー
pc0546,529,,産業-経済,露領漁業,監視区別-漁区別借区者異動-漁獲量-西カムチャツカ区1
pc0547,530,,産業-経済,露領漁業,監視区別-漁区別借区者異動-漁獲量-西カムチャツカ区1
pc0548,531,,産業-経済,露領漁業,監視区別-漁区別借区者異動-漁獲量-西カムチャツカ区1
pc0549,532,,産業-経済,露領漁業,監視区別-漁区別借区者異動-漁獲量-西カムチャツカ区1
pc0550,533,,産業-経済,露領漁業,監視区別-漁区別借区者異動-漁獲量-西カムチャツカ区1
pc0551,534,,産業-経済,露領漁業,監視区別-漁区別借区者異動-漁獲量-西カムチャツカ区1
pc0552,535,,産業-経済,露領漁業,監視区別-漁区別借区者異動-漁獲量-西カムチャツカ区1
pc0553,536,,産業-経済,露領漁業,監視区別-漁区別借区者異動-漁獲量-西カムチャツカ区1
pc0554,537,,産業-経済,露領漁業,監視区別-漁区別借区者異動-漁獲量-西カムチャツカ区1
pc0555,538,,産業-経済,露領漁業,監視区別-漁区別借区者異動-漁獲量-西カムチャツカ区1
pc0556,539,,産業-経済,露領漁業,監視区別-漁区別借区者異動-漁獲量-西カムチャツカ区1
pc0557,540,,産業-経済,露領漁業,監視区別-漁区別借区者異動-漁獲量-西カムチャツカ区1
pc0558,541,,産業-経済,露領漁業,監視区別-漁区別借区者異動-漁獲量-西カムチャツカ区1
pc0559,542,,産業-経済,露領漁業,監視区別-漁区別借区者異動-漁獲量-西カムチャツカ区2
pc0560,543,,産業-経済,露領漁業,監視区別-漁区別借区者異動-漁獲量-西カムチャツカ区2
pc0561,544,,産業-経済,露領漁業,監視区別-漁区別借区者異動-漁獲量-西カムチャツカ区2
pc0562,545,,産業-経済,露領漁業,監視区別-漁区別借区者異動-漁獲量-西カムチャツカ区2
pc0563,546,,産業-経済,露領漁業,監視区別-漁区別借区者異動-漁獲量-西カムチャツカ区2
pc0564,547,,産業-経済,露領漁業,監視区別-漁区別借区者異動-漁獲量-西カムチャツカ区2
pc0565,548,,産業-経済,露領漁業,監視区別-漁区別借区者異動-漁獲量-西カムチャツカ区2
pc0566,549,,産業-経済,露領漁業,監視区別-漁区別借区者異動-漁獲量-西カムチャツカ区2
pc0567,550,,産業-経済,露領漁業,監視区別-漁区別借区者異動-漁獲量-西カムチャツカ区2
pc0568,551,,産業-経済,露領漁業,監視区別-漁区別借区者異動-漁獲量-西カムチャツカ区2
pc0569,552,,産業-経済,露領漁業,監視区別-漁区別借区者異動-漁獲量-西カムチャツカ区2
pc0570,553,,産業-経済,露領漁業,監視区別-漁区別借区者異動-漁獲量-西カムチャツカ区2
pc0571,554,,産業-経済,露領漁業,監視区別-漁区別借区者異動-漁獲量-西カムチャツカ区2
pc0572,555,,産業-経済,露領漁業,監視区別-漁区別借区者異動-漁獲量-西カムチャツカ区2
pc0573,556,,産業-経済,露領漁業,監視区別-漁区別借区者異動-漁獲量-イーチンスキー区
pc0574,557,,産業-経済,露領漁業,監視区別-漁区別借区者異動-漁獲量-イーチンスキー区
pc0575,558,,産業-経済,露領漁業,監視区別-漁区別借区者異動-漁獲量-イーチンスキー区
pc0576,559,,産業-経済,露領漁業,監視区別-漁区別借区者異動-漁獲量-イーチンスキー区
pc0577,560,,産業-経済,露領漁業,監視区別-漁区別借区者異動-漁獲量-イーチンスキー区
pc0578,561,,産業-経済,露領漁業,監視区別-漁区別借区者異動-漁獲量-イーチンスキー区
pc0579,562,,産業-経済,露領漁業,監視区別-漁区別借区者異動-漁獲量-イーチンスキー区
pc0580,563,,産業-経済,露領漁業,監視区別-漁区別借区者異動-漁獲量-イーチンスキー区
pc0581,564,,産業-経済,露領漁業,監視区別-漁区別借区者異動-漁獲量-イーチンスキー区
pc0582,565,,産業-経済,露領漁業,監視区別-漁区別借区者異動-漁獲量-イーチンスキー区
pc0583,566,,産業-経済,露領漁業,監視区別-漁区別借区者異動-漁獲量-イーチンスキー区
pc0584,567,,産業-経済,露領漁業,監視区別-漁区別借区者異動-漁獲量-イーチンスキー区
pc0585,568,,産業-経済,露領漁業,監視区別-漁区別借区者異動-漁獲量-イーチンスキー区
pc0586,569,,産業-経済,露領漁業,監視区別-漁区別借区者異動-漁獲量-イーチンスキー区
pc0587,570,,産業-経済,露領漁業,監視区別-漁区別借区者異動-漁獲量-イーチンスキー区
pc0588,571,,産業-経済,露領漁業,監視区別-漁区別借区者異動-漁獲量-チギリスキー区
pc0589,572,,産業-経済,露領漁業,監視区別-漁区別借区者異動-漁獲量-チギリスキー区
pc0590,573,,産業-経済,露領漁業,監視区別-漁区別借区者異動-漁獲量-チギリスキー区
pc0591,574,,産業-経済,露領漁業,監視区別-漁区別借区者異動-漁獲量-東カムチャツカ区
pc0592,575,,産業-経済,露領漁業,監視区別-漁区別借区者異動-漁獲量-東カムチャツカ区
pc0593,576,,産業-経済,露領漁業,監視区別-漁区別借区者異動-漁獲量-東カムチャツカ区
pc0594,577,,産業-経済,露領漁業,監視区別-漁区別借区者異動-漁獲量-東カムチャツカ区
pc0595,578,,産業-経済,露領漁業,監視区別-漁区別借区者異動-漁獲量-東カムチャツカ区
pc0596,579,,産業-経済,露領漁業,監視区別-漁区別借区者異動-漁獲量-カランギンスキー区
pc0597,580,,産業-経済,露領漁業,監視区別-漁区別借区者異動-漁獲量-カランギンスキー区
pc0598,581,,産業-経済,露領漁業,監視区別-漁区別借区者異動-漁獲量-カランギンスキー区
pc0599,582,,産業-経済,露領漁業,監視区別-漁区別借区者異動-漁獲量-カランギンスキー区
pc0600,583,,産業-経済,露領漁業,監視区別-漁区別借区者異動-漁獲量-カランギンスキー区
pc0601,584,,産業-経済,露領漁業,監視区別-漁区別借区者異動-漁獲量-カランギンスキー区
pc0602,585,,産業-経済,露領漁業,監視区別-漁区別借区者異動-漁獲量-カランギンスキー区
pc0603,586,,産業-経済,露領漁業,監視区別-漁区別借区者異動-漁獲量-カランギンスキー区
pc0604,587,,産業-経済,露領漁業,監視区別-漁区別借区者異動-漁獲量-カランギンスキー区
pc0605,588,,産業-経済,露領漁業,監視区別-漁区別借区者異動-漁獲量-カランギンスキー区
pc0606,589,,産業-経済,露領漁業,監視区別-漁区別借区者異動-漁獲量-カランギンスキー区
pc0607,590,,産業-経済,露領漁業,監視区別-漁区別借区者異動-漁獲量-カランギンスキー区
pc0608,591,,産業-経済,露領漁業,監視区別-漁区別借区者異動-漁獲量-カランギンスキー区
pc0609,592,,産業-経済,露領漁業,監視区別-漁区別借区者異動-漁獲量-カランギンスキー区
pc0610,593,,産業-経済,露領漁業,監視区別-漁区別借区者異動-漁獲量-カランギンスキー区
pc0611,594,,産業-経済,露領漁業,監視区別-漁区別借区者異動-漁獲量-キチギンスキー区
pc0612,595,,産業-経済,露領漁業,監視区別-漁区別借区者異動-漁獲量-キチギンスキー区
pc0613,596,,産業-経済,露領漁業,監視区別-漁区別借区者異動-漁獲量-キチギンスキー区
pc0614,597,,産業-経済,露領漁業,監視区別-漁区別借区者異動-漁獲量-キチギンスキー区
pc0615,598,,産業-経済,露領漁業,監視区別-漁区別借区者異動-漁獲量-キチギンスキー区
pc0616,599,,産業-経済,露領漁業,監視区別-漁区別借区者異動-漁獲量-キチギンスキー区
pc0617,600,,産業-経済,露領漁業,監視区別-漁区別借区者異動-漁獲量-キチギンスキー区
pc0618,601,,産業-経済,露領漁業,監視区別-漁区別借区者異動-漁獲量-オリュートル区
pc0619,602,,産業-経済,露領漁業,監視区別-漁区別借区者異動-漁獲量-オリュートル区
pc0620,603,,産業-経済,露領漁業,監視区別-漁区別借区者異動-漁獲量-オリュートル区
pc0621,604,,産業-経済,露領漁業,監視区別-漁区別借区者異動-漁獲量-オリュートル区
pc0622,605,,産業-経済,露領漁業,監視区別-漁区別借区者異動-漁獲量-オリュートル区
pc0623,606,,産業-経済,工業,産業(中分類)別事業所数-従業者数-製造品出荷額等
pc0624,607,,産業-経済,工業,産業(中分類)別事業所数-従業者数-製造品出荷額等
pc0625,608,,産業-経済,工業,産業(中分類)別事業所数-従業者数-製造品出荷額等
pc0626,609,,産業-経済,工業,産業(中分類)別事業所数-従業者数-製造品出荷額等
pc0627,610,,産業-経済,工業,産業(中分類)別事業所数-従業者数-製造品出荷額等
pc0628,611,,産業-経済,工業,産業(中分類)別事業所数-従業者数-製造品出荷額等
pc0629,612,,産業-経済,事業所s,産業(大分類)別従業者規模別事業所数-従業者数
pc0630,613,,産業-経済,事業所,産業(大分類)別従業者規模別事業所数-従業者数
pc0631,614,,産業-経済,事業所,産業(大分類)別従業者規模別事業所数-従業者数
pc0632,615,,産業-経済,事業所,産業(大分類)別従業者規模別事業所数-従業者数
pc0633,616,,産業-経済,商業-金融,業種別商店数-従業者数-商品販売数
pc0634,617,,産業-経済,商業-金融,業種別商店数-従業者数-商品販売数
pc0635,618,,産業-経済,商業-金融,業種別商店数-従業者数-商品販売数
pc0636,619,,産業-経済,商業-金融,日本銀行営業状況
pc0637,620,,産業-経済,商業-金融,普通銀行営業状況1_普通銀行営業状況2_普通銀行営業状況3
pc0638,621,,産業-経済,商業-金融,普通銀行営業状況1_普通銀行営業状況2_普通銀行営業状況3
pc0639,622,,産業-経済,商業-金融,普通銀行営業状況3
pc0640,623,,産業-経済,商業-金融,普通銀行営業状況3
pc0641,624,,産業-経済,商業-金融,普通銀行営業状況4
pc0642,625,,産業-経済,商業-金融,日本銀行営業状況4
pc0643,626,,産業-経済,商業-金融,金融機関主要勘定
pc0644,627,,産業-経済,商業-金融,金融機関主要勘定
pc0645,628,,産業-経済,商業-金融,金融機関主要勘定
pc0646,629,,産業-経済,商業-金融,郵便貯金1
pc0647,630,,産業-経済,商業-金融,郵便貯金2_郵便貯金3
pc0648,631,,産業-経済,商業-金融,郵便貯金3
pc0649,632,,産業-経済,運輸-通信,函館駅旅客-貨物運輸状況
pc0650,633,,産業-経済,運輸-通信,国鉄別1日平均旅客-貨物運輸状況
pc0651,634,,産業-経済,運輸-通信,国鉄別1日平均旅客-貨物運輸状況
pc0652,635,,産業-経済,運輸-通信,国鉄別1日平均旅客-貨物運輸状況
pc0653,636,,産業-経済,運輸-通信,函館空港乗降客-貨物量状況
pc0654,637,,産業-経済,運輸-通信,市電運行状況
pc0655,638,,産業-経済,運輸-通信,市バス運行状況
pc0656,639,,産業-経済,運輸-通信,函館バス運行状況
pc0657,640,,産業-経済,運輸-通信,タクシー運行状況_在籍船舶2
pc0658,641,,産業-経済,運輸-通信,在籍船舶1_在籍船舶数2
pc0659,642,,産業-経済,運輸-通信,内-外国航路入港商船数1_内-外国航路入港商船数2
pc0660,643,,産業-経済,運輸-通信,内-外国航路入港商船数2
pc0661,644,,産業-経済,運輸-通信,船舶入港数1-1
pc0662,645,,産業-経済,運輸-通信,船舶入港数1-1
pc0663,646,,産業-経済,運輸-通信,船舶入港数1-1
pc0664,647,,産業-経済,運輸-通信,船舶入港数1-1
pc0665,648,,産業-経済,運輸-通信,船舶入港数1-2
pc0666,649,,産業-経済,運輸-通信,船舶入港数1-2
pc0667,650,,産業-経済,運輸-通信,船舶入港数1-2
pc0668,651,,産業-経済,運輸-通信,船舶入港数1-2
pc0669,652,,産業-経済,運輸-通信,国別船種商船外国航路入港数
pc0670,653,,産業-経済,運輸-通信,国別船種商船外国航路入港数
pc0671,654,,産業-経済,運輸-通信,国別船種商船外国航路入港数
pc0672,655,,産業-経済,運輸-通信,青函連絡船乗降客数
pc0673,656,,産業-経済,運輸-通信,フェリー運送状況
pc0674,657,,産業-経済,運輸-通信,自動車保有台数
pc0675,658,,産業-経済,運輸-通信,郵便
pc0676,659,,産業-経済,運輸-通信,電信取扱数
pc0677,660,,産業-経済,内国貿易,品目別府県移出1-1
pc0678,661,,産業-経済,内国貿易,品目別府県移出1-1
pc0679,662,,産業-経済,内国貿易,品目別府県移出1-1
pc0680,663,,産業-経済,内国貿易,品目別府県移出1-2
pc0681,664,,産業-経済,内国貿易,品目別府県移出1-2
pc0682,665,,産業-経済,内国貿易,品目別府県移出1-2
pc0683,666,,産業-経済,内国貿易,品目別府県移出2-1
pc0684,667,,産業-経済,内国貿易,品目別府県移出2-1
pc0685,668,,産業-経済,内国貿易,品目別府県移出2-1
pc0686,669,,産業-経済,内国貿易,品目別府県移出2-2
pc0687,670,,産業-経済,内国貿易,品目別府県移出2-2
pc0688,671,,産業-経済,内国貿易,品目別府県移出2-2
pc0689,672,,産業-経済,内国貿易,品目別府県移出3
pc0690,673,,産業-経済,内国貿易,品目別府県移出3
pc0691,674,,産業-経済,内国貿易,品目別府県移出3
pc0692,675,,産業-経済,内国貿易,品目別府県移出3
pc0693,676,,産業-経済,内国貿易,品目別府県移出4-1
pc0694,677,,産業-経済,内国貿易,品目別府県移出4-1
pc0695,678,,産業-経済,内国貿易,品目別府県移出4-1
pc0696,679,,産業-経済,内国貿易,品目別府県移出4-2
pc0697,680,,産業-経済,内国貿易,品目別府県移出4-2
pc0698,681,,産業-経済,内国貿易,品目別府県移出4-2
pc0699,682,,産業-経済,内国貿易,品目別府県移出5-1
pc0700,683,,産業-経済,内国貿易,品目別府県移出5-1
pc0701,684,,産業-経済,内国貿易,品目別府県移出5-1
pc0702,685,,産業-経済,内国貿易,品目別府県移出5-1
pc0703,686,,産業-経済,内国貿易,品目別府県移出5-2
pc0704,687,,産業-経済,内国貿易,品目別府県移出5-2
pc0705,688,,産業-経済,内国貿易,品目別府県移出5-2
pc0706,689,,産業-経済,内国貿易,品目別府県移出5-2
pc0707,690,,産業-経済,内国貿易,品目別府県移出5-3
pc0708,691,,産業-経済,内国貿易,品目別府県移出5-3
pc0709,692,,産業-経済,内国貿易,品目別府県移出5-3
pc0710,693,,産業-経済,内国貿易,品目別府県移出5-3
pc0711,694,,産業-経済,内国貿易,品目別府県移入1-1
pc0712,695,,産業-経済,内国貿易,品目別府県移入1-1
pc0713,696,,産業-経済,内国貿易,品目別府県移入1-1
pc0714,697,,産業-経済,内国貿易,品目別府県移入1-2
pc0715,698,,産業-経済,内国貿易,品目別府県移入1-2
pc0716,699,,産業-経済,内国貿易,品目別府県移入1-2
pc0717,700,,産業-経済,内国貿易,品目別府県移入2-1
pc0718,701,,産業-経済,内国貿易,品目別府県移入2-1
pc0719,702,,産業-経済,内国貿易,品目別府県移入2-1
pc0720,703,,産業-経済,内国貿易,品目別府県移入2-2
pc0721,704,,産業-経済,内国貿易,品目別府県移入2-2
pc0722,705,,産業-経済,内国貿易,品目別府県移入2-2
pc0723,706,,産業-経済,内国貿易,品目別府県移入3
pc0724,707,,産業-経済,内国貿易,品目別府県移入3
pc0725,708,,産業-経済,内国貿易,品目別府県移入3
pc0726,709,,産業-経済,内国貿易,品目別府県移入3
pc0727,710,,産業-経済,内国貿易,品目別府県移入4-1
pc0728,711,,産業-経済,内国貿易,品目別府県移入4-1
pc0729,712,,産業-経済,内国貿易,品目別府県移入4-1
pc0730,713,,産業-経済,内国貿易,品目別府県移入4-2
pc0731,714,,産業-経済,内国貿易,品目別府県移入4-2
pc0732,715,,産業-経済,内国貿易,品目別府県移入4-2
pc0733,716,,産業-経済,内国貿易,品目別府県移入5-1
pc0734,717,,産業-経済,内国貿易,品目別府県移入5-1
pc0735,718,,産業-経済,内国貿易,品目別府県移入5-1
pc0736,719,,産業-経済,内国貿易,品目別府県移入5-1
pc0737,720,,産業-経済,内国貿易,品目別府県移入5-2
pc0738,721,,産業-経済,内国貿易,品目別府県移入5-2
pc0739,722,,産業-経済,内国貿易,品目別府県移入5-2
pc0740,723,,産業-経済,内国貿易,品目別府県移入5-2
pc0741,724,,産業-経済,内国貿易,品目別府県移入5-3
pc0742,725,,産業-経済,内国貿易,品目別府県移入5-3
pc0743,726,,産業-経済,内国貿易,品目別府県移入5-3
pc0744,727,,産業-経済,内国貿易,品目別府県移入5-3
pc0745,728,,産業-経済,内国貿易,品目別道内移出-海運1-1
pc0746,729,,産業-経済,内国貿易,品目別道内移出-海運1-1
pc0747,730,,産業-経済,内国貿易,品目別道内移出-海運1-1
pc0748,731,,産業-経済,内国貿易,品目別道内移出-海運1-1
pc0749,732,,産業-経済,内国貿易,品目別道内移出-海運1-1
pc0750,733,,産業-経済,内国貿易,品目別道内移出-海運1-2
pc0751,734,,産業-経済,内国貿易,品目別道内移出-海運1-2
pc0752,735,,産業-経済,内国貿易,品目別道内移出-海運1-2
pc0753,736,,産業-経済,内国貿易,品目別道内移出-海運1-2
pc0754,737,,産業-経済,内国貿易,品目別道内移出-海運1-2
pc0755,738,,産業-経済,内国貿易,品目別道内移出-海運2-1
pc0756,739,,産業-経済,内国貿易,品目別道内移出-海運2-1
pc0757,740,,産業-経済,内国貿易,品目別道内移出-海運2-1
pc0758,741,,産業-経済,内国貿易,品目別道内移出-海運2-2
pc0759,742,,産業-経済,内国貿易,品目別道内移出-海運2-2
pc0760,743,,産業-経済,内国貿易,品目別道内移出-海運2-2
pc0761,744,,産業-経済,内国貿易,品目別道内移出-海運3-1
pc0762,745,,産業-経済,内国貿易,品目別道内移出-海運3-1
pc0763,746,,産業-経済,内国貿易,品目別道内移出-海運3-1
pc0764,747,,産業-経済,内国貿易,品目別道内移出-海運3-1
pc0765,748,,産業-経済,内国貿易,品目別道内移出-海運3-2
pc0766,749,,産業-経済,内国貿易,品目別道内移出-海運3-2
pc0767,750,,産業-経済,内国貿易,品目別道内移出-海運3-2
pc0768,751,,産業-経済,内国貿易,品目別道内移出-海運3-2
pc0769,752,,産業-経済,内国貿易,品目別道内移出-海運3-3
pc0770,753,,産業-経済,内国貿易,品目別道内移出-海運3-3
pc0771,754,,産業-経済,内国貿易,品目別道内移出-海運3-3
pc0772,755,,産業-経済,内国貿易,品目別道内移出-海運3-3
pc0773,756,,産業-経済,内国貿易,品目別道内移入-海運1-1
pc0774,757,,産業-経済,内国貿易,品目別道内移入-海運1-1
pc0775,758,,産業-経済,内国貿易,品目別道内移入-海運1-1
pc0776,759,,産業-経済,内国貿易,品目別道内移入-海運1-1
pc0777,760,,産業-経済,内国貿易,品目別道内移入-海運1-1
pc0778,761,,産業-経済,内国貿易,品目別道内移入-海運1-2
pc0779,762,,産業-経済,内国貿易,品目別道内移入-海運1-2
pc0780,763,,産業-経済,内国貿易,品目別道内移入-海運1-2
pc0781,764,,産業-経済,内国貿易,品目別道内移入-海運1-2
pc0782,765,,産業-経済,内国貿易,品目別道内移入-海運1-2
pc0783,766,,産業-経済,内国貿易,品目別道内移入-海運2-1
pc0784,767,,産業-経済,内国貿易,品目別道内移入-海運2-1
pc0785,768,,産業-経済,内国貿易,品目別道内移入-海運2-1
pc0786,769,,産業-経済,内国貿易,品目別道内移入-海運2-2
pc0787,770,,産業-経済,内国貿易,品目別道内移入-海運2-2
pc0788,771,,産業-経済,内国貿易,品目別道内移入-海運2-2
pc0789,772,,産業-経済,内国貿易,品目別道内移入-海運3-1
pc0790,773,,産業-経済,内国貿易,品目別道内移入-海運3-1
pc0791,774,,産業-経済,内国貿易,品目別道内移入-海運3-1
pc0792,775,,産業-経済,内国貿易,品目別道内移入-海運3-1
pc0793,776,,産業-経済,内国貿易,品目別道内移入-海運3-2
pc0794,777,,産業-経済,内国貿易,品目別道内移入-海運3-2
pc0795,778,,産業-経済,内国貿易,品目別道内移入-海運3-2
pc0796,779,,産業-経済,内国貿易,品目別道内移入-海運3-2
pc0797,780,,産業-経済,内国貿易,品目別道内移入-海運3-3
pc0798,781,,産業-経済,内国貿易,品目別道内移入-海運3-3
pc0799,782,,産業-経済,内国貿易,品目別道内移入-海運3-3
pc0800,783,,産業-経済,内国貿易,品目別道内移入-海運3-3
pc0801,784,,産業-経済,内国貿易,品目別道内移出-陸運1-1
pc0802,785,,産業-経済,内国貿易,品目別道内移出-陸運1-1
pc0803,786,,産業-経済,内国貿易,品目別道内移出-陸運1-1
pc0804,787,,産業-経済,内国貿易,品目別道内移出-陸運1-1
pc0805,788,,産業-経済,内国貿易,品目別道内移出-陸運1-2
pc0806,789,,産業-経済,内国貿易,品目別道内移出-陸運1-2
pc0807,790,,産業-経済,内国貿易,品目別道内移出-陸運1-2
pc0808,791,,産業-経済,内国貿易,品目別道内移出-陸運1-2
pc0809,792,,産業-経済,内国貿易,品目別道内移出-陸運2-1
pc0810,793,,産業-経済,内国貿易,品目別道内移出-陸運2-1
pc0811,794,,産業-経済,内国貿易,品目別道内移出-陸運2-1
pc0812,795,,産業-経済,内国貿易,品目別道内移出-陸運2-1
pc0813,796,,産業-経済,内国貿易,品目別道内移出-陸運2-2
pc0814,797,,産業-経済,内国貿易,品目別道内移出-陸運2-2
pc0815,798,,産業-経済,内国貿易,品目別道内移出-陸運2-2
pc0816,799,,産業-経済,内国貿易,品目別道内移出-陸運2-2
pc0817,800,,産業-経済,内国貿易,品目別道内移出-陸運2-3
pc0818,801,,産業-経済,内国貿易,品目別道内移出-陸運2-3
pc0819,802,,産業-経済,内国貿易,品目別道内移出-陸運2-3
pc0820,803,,産業-経済,内国貿易,品目別道内移出-陸運2-3
pc0821,804,,産業-経済,内国貿易,品目別道内移入-陸運1-1
pc0822,805,,産業-経済,内国貿易,品目別道内移入-陸運1-1
pc0823,806,,産業-経済,内国貿易,品目別道内移入-陸運1-1
pc0824,807,,産業-経済,内国貿易,品目別道内移入-陸運1-1
pc0825,808,,産業-経済,内国貿易,品目別道内移入-陸運1-2
pc0826,809,,産業-経済,内国貿易,品目別道内移入-陸運1-2
pc0827,810,,産業-経済,内国貿易,品目別道内移入-陸運1-2
pc0828,811,,産業-経済,内国貿易,品目別道内移入-陸運1-2
pc0829,812,,産業-経済,内国貿易,品目別道内移入-陸運2-1
pc0830,813,,産業-経済,内国貿易,品目別道内移入-陸運2-1
pc0831,814,,産業-経済,内国貿易,品目別道内移入-陸運2-1
pc0832,815,,産業-経済,内国貿易,品目別道内移入-陸運2-1
pc0833,816,,産業-経済,内国貿易,品目別道内移入-陸運2-2
pc0834,817,,産業-経済,内国貿易,品目別道内移入-陸運2-2
pc0835,818,,産業-経済,内国貿易,品目別道内移入-陸運2-2
pc0836,819,,産業-経済,内国貿易,品目別道内移入-陸運2-2
pc0837,820,,産業-経済,内国貿易,品目別道内移入-陸運2-3
pc0838,821,,産業-経済,内国貿易,品目別道内移入-陸運2-3
pc0839,822,,産業-経済,内国貿易,品目別道内移入-陸運2-3
pc0840,823,,産業-経済,内国貿易,品目別道内移入-陸運2-3
pc0841,824,,産業-経済,内国貿易,品種別海上移出1-1
pc0842,825,,産業-経済,内国貿易,品種別海上移出1-1
pc0843,826,,産業-経済,内国貿易,品種別海上移出1-2
pc0844,827,,産業-経済,内国貿易,品種別海上移出1-2
pc0845,828,,産業-経済,内国貿易,品種別海上移出2
pc0846,829,,産業-経済,内国貿易,品種別海上移出2
pc0847,830,,産業-経済,内国貿易,品種別海上移入1-1
pc0848,831,,産業-経済,内国貿易,品種別海上移入1-1
pc0849,832,,産業-経済,内国貿易,品種別海上移入1-2
pc0850,833,,産業-経済,内国貿易,品種別海上移入1-2
pc0851,834,,産業-経済,内国貿易,品種別海上移入2
pc0852,835,,産業-経済,内国貿易,品種別海上移入2
pc0853,836,,産業-経済,内国貿易,主要水産物品目別仕向地別移出-鮮魚
pc0854,837,,産業-経済,内国貿易,主要水産物品目別仕向地別移出-鮮魚
pc0855,838,,産業-経済,内国貿易,主要水産物品目別仕向地別移出-塩鮭
pc0856,839,,産業-経済,内国貿易,主要水産物品目別仕向地別移出-塩鮭
pc0857,840,,産業-経済,内国貿易,主要水産物品目別仕向地別移出-塩鱒
pc0858,841,,産業-経済,内国貿易,主要水産物品目別仕向地別移出-塩鱒
pc0859,842,,産業-経済,内国貿易,主要水産物品目別仕向地別移出-塩鱈
pc0860,843,,産業-経済,内国貿易,主要水産物品目別仕向地別移出-塩鱈
pc0861,844,,産業-経済,内国貿易,主要水産物品目別仕向地別移出-筋子
pc0862,845,,産業-経済,内国貿易,主要水産物品目別仕向地別移出-筋子
pc0863,846,,産業-経済,内国貿易,主要水産物品目別仕向地別移出-塩魚類
pc0864,847,,産業-経済,内国貿易,主要水産物品目別仕向地別移出-塩魚類
pc0865,848,,産業-経済,内国貿易,主要水産物品目別仕向地別移出-身欠鰊-乾鰊
pc0866,849,,産業-経済,内国貿易,主要水産物品目別仕向地別移出-身欠鰊-乾鰊
pc0867,850,,産業-経済,内国貿易,主要水産物品目別仕向地別移出-鰊鯑
pc0868,851,,産業-経済,内国貿易,主要水産物品目別仕向地別移出-鰊鯑
pc0869,852,,産業-経済,内国貿易,主要水産物品目別仕向地別移出-千鱈
pc0870,853,,産業-経済,内国貿易,主要水産物品目別仕向地別移出-千鱈
pc0871,854,,産業-経済,内国貿易,主要水産物品目別仕向地別移出-千鯣
pc0872,855,,産業-経済,内国貿易,主要水産物品目別仕向地別移出-千鯣
pc0873,856,,産業-経済,内国貿易,主要水産物品目別仕向地別移出-貝柱
pc0874,857,,産業-経済,内国貿易,主要水産物品目別仕向地別移出-貝柱
pc0875,858,,産業-経済,内国貿易,主要水産物品目別仕向地別移出-千魚類
pc0876,859,,産業-経済,内国貿易,主要水産物品目別仕向地別移出-千魚類
pc0877,860,,産業-経済,内国貿易,主要水産物品目別仕向地別移出-長切昆布
pc0878,861,,産業-経済,内国貿易,主要水産物品目別仕向地別移出-長切昆布
pc0879,862,,産業-経済,内国貿易,主要水産物品目別仕向地別移出-元揃昆布
pc0880,863,,産業-経済,内国貿易,主要水産物品目別仕向地別移出-元揃昆布
pc0881,864,,産業-経済,内国貿易,主要水産物品目別仕向地別移出-折昆布
pc0882,865,,産業-経済,内国貿易,主要水産物品目別仕向地別移出-折昆布
pc0883,866,,産業-経済,内国貿易,主要水産物品目別仕向地別移出-雑昆布
pc0884,867,,産業-経済,内国貿易,主要水産物品目別仕向地別移出-雑昆布
pc0885,868,,産業-経済,内国貿易,主要水産物品目別仕向地別移出-鰊粕
pc0886,869,,産業-経済,内国貿易,主要水産物品目別仕向地別移出-鰊粕
pc0887,870,,産業-経済,内国貿易,主要水産物品目別仕向地別移出-鰮粕
pc0888,871,,産業-経済,内国貿易,主要水産物品目別仕向地別移出-鰮粕
pc0889,872,,産業-経済,内国貿易,主要水産物品目別仕向地別移出-魚油
pc0890,873,,産業-経済,内国貿易,主要水産物品目別仕向地別移出-魚油
pc0891,874,,産業-経済,外国貿易,函館港普通貿易-品目別輸出1-1
pc0892,875,,産業-経済,外国貿易,函館港普通貿易-品目別輸出1-1
pc0893,876,,産業-経済,外国貿易,函館港普通貿易-品目別輸出1-1
pc0894,877,,産業-経済,外国貿易,函館港普通貿易-品目別輸出1-1
pc0895,878,,産業-経済,外国貿易,函館港普通貿易-品目別輸出1-2
pc0896,879,,産業-経済,外国貿易,函館港普通貿易-品目別輸出1-2
pc0897,880,,産業-経済,外国貿易,函館港普通貿易-品目別輸出1-2
pc0898,881,,産業-経済,外国貿易,函館港普通貿易-品目別輸出1-2
pc0899,882,,産業-経済,外国貿易,函館港普通貿易-品目別輸出2-1
pc0900,883,,産業-経済,外国貿易,函館港普通貿易-品目別輸出2-1
pc0901,884,,産業-経済,外国貿易,函館港普通貿易-品目別輸出2-1
pc0902,885,,産業-経済,外国貿易,函館港普通貿易-品目別輸出2-1
pc0903,886,,産業-経済,外国貿易,函館港普通貿易-品目別輸出2-2
pc0904,887,,産業-経済,外国貿易,函館港普通貿易-品目別輸出2-2
pc0905,888,,産業-経済,外国貿易,函館港普通貿易-品目別輸出2-2
pc0906,889,,産業-経済,外国貿易,函館港普通貿易-品目別輸出2-2
pc0907,890,,産業-経済,外国貿易,函館港普通貿易-品目別輸出3-1
pc0908,891,,産業-経済,外国貿易,函館港普通貿易-品目別輸出3-1
pc0909,892,,産業-経済,外国貿易,函館港普通貿易-品目別輸出3-1
pc0910,893,,産業-経済,外国貿易,函館港普通貿易-品目別輸出3-1
pc0911,894,,産業-経済,外国貿易,函館港普通貿易-品目別輸出3-1
pc0912,895,,産業-経済,外国貿易,函館港普通貿易-品目別輸出3-1
pc0913,896,,産業-経済,外国貿易,函館港普通貿易-品目別輸出3-1
pc0914,897,,産業-経済,外国貿易,函館港普通貿易-品目別輸出3-1
pc0915,898,,産業-経済,外国貿易,函館港普通貿易-品目別輸出3-2
pc0916,899,,産業-経済,外国貿易,函館港普通貿易-品目別輸出3-2
pc0917,900,,産業-経済,外国貿易,函館港普通貿易-品目別輸出3-2
pc0918,901,,産業-経済,外国貿易,函館港普通貿易-品目別輸出3-2
pc0919,902,,産業-経済,外国貿易,函館港普通貿易-品目別輸出3-2
pc0920,903,,産業-経済,外国貿易,函館港普通貿易-品目別輸出3-2
pc0921,904,,産業-経済,外国貿易,函館港普通貿易-品目別輸出3-2
pc0922,905,,産業-経済,外国貿易,函館港普通貿易-品目別輸出3-2
pc0923,906,,産業-経済,外国貿易,函館港普通貿易-品目別輸出4-1
pc0924,907,,産業-経済,外国貿易,函館港普通貿易-品目別輸出4-1
pc0925,908,,産業-経済,外国貿易,函館港普通貿易-品目別輸出4-2
pc0926,909,,産業-経済,外国貿易,函館港普通貿易-品目別輸出4-2
pc0927,910,,産業-経済,外国貿易,函館港普通貿易-品目別輸出4-3
pc0928,911,,産業-経済,外国貿易,函館港普通貿易-品目別輸出4-3
pc0929,912,,産業-経済,外国貿易,函館港普通貿易-品目別輸出4-4
pc0930,913,,産業-経済,外国貿易,函館港普通貿易-品目別輸出4-4
pc0931,914,,産業-経済,外国貿易,函館港普通貿易-品目別輸出5-1
pc0932,915,,産業-経済,外国貿易,函館港普通貿易-品目別輸出5-1
pc0933,916,,産業-経済,外国貿易,函館港普通貿易-品目別輸出5-2
pc0934,917,,産業-経済,外国貿易,函館港普通貿易-品目別輸出5-2
pc0935,918,,産業-経済,外国貿易,函館港普通貿易-品目別輸出5-3
pc0936,919,,産業-経済,外国貿易,函館港普通貿易-品目別輸出5-3
pc0937,920,,産業-経済,外国貿易,函館港普通貿易-品目別輸出6
pc0938,921,,産業-経済,外国貿易,函館港普通貿易-品目別輸出6
pc0939,922,,産業-経済,外国貿易,函館港品目別輸出1
pc0940,923,,産業-経済,外国貿易,函館港品目別輸出1
pc0941,924,,産業-経済,外国貿易,函館港品目別輸出2
pc0942,925,,産業-経済,外国貿易,函館港品目別輸出2
pc0943,926,,産業-経済,外国貿易,函館港品目別輸出2
pc0944,927,,産業-経済,外国貿易,函館港品目別輸出2
pc0945,928,,産業-経済,外国貿易,函館港品目別輸出3
pc0946,929,,産業-経済,外国貿易,函館港品目別輸出3
pc0947,930,,産業-経済,外国貿易,函館港品目別輸出3
pc0948,931,,産業-経済,外国貿易,函館港品目別輸出3
pc0949,932,,産業-経済,外国貿易,函館港品目別輸出3
pc0950,933,,産業-経済,外国貿易,函館港品目別輸出3
pc0951,934,,産業-経済,外国貿易,函館港普通貿易-品目別輸入1
pc0952,935,,産業-経済,外国貿易,函館港普通貿易-品目別輸入1
pc0953,936,,産業-経済,外国貿易,函館港普通貿易-品目別輸入2-1
pc0954,937,,産業-経済,外国貿易,函館港普通貿易-品目別輸入2-1
pc0955,938,,産業-経済,外国貿易,函館港普通貿易-品目別輸入2-2
pc0956,939,,産業-経済,外国貿易,函館港普通貿易-品目別輸入2-2
pc0957,940,,産業-経済,外国貿易,函館港普通貿易-品目別輸入3-1
pc0958,941,,産業-経済,外国貿易,函館港普通貿易-品目別輸入3-1
pc0959,942,,産業-経済,外国貿易,函館港普通貿易-品目別輸入3-1
pc0960,943,,産業-経済,外国貿易,函館港普通貿易-品目別輸入3-1
pc0961,944,,産業-経済,外国貿易,函館港普通貿易-品目別輸入3-2
pc0962,945,,産業-経済,外国貿易,函館港普通貿易-品目別輸入3-2
pc0963,946,,産業-経済,外国貿易,函館港普通貿易-品目別輸入3-2
pc0964,947,,産業-経済,外国貿易,函館港普通貿易-品目別輸入3-2
pc0965,948,,産業-経済,外国貿易,函館港普通貿易-品目別輸入3-3
pc0966,949,,産業-経済,外国貿易,函館港普通貿易-品目別輸入3-3
pc0967,950,,産業-経済,外国貿易,函館港普通貿易-品目別輸入3-3
pc0968,951,,産業-経済,外国貿易,函館港普通貿易-品目別輸入3-3
pc0969,952,,産業-経済,外国貿易,函館港普通貿易-品目別輸入4
pc0970,953,,産業-経済,外国貿易,函館港普通貿易-品目別輸入4
pc0971,954,,産業-経済,外国貿易,函館港普通貿易-品目別輸入4
pc0972,955,,産業-経済,外国貿易,函館港普通貿易-品目別輸入4
pc0973,956,,産業-経済,外国貿易,函館港普通貿易-品目別輸入4
pc0974,957,,産業-経済,外国貿易,函館港普通貿易-品目別輸入4
pc0975,958,,産業-経済,外国貿易,函館港普通貿易-品目別輸入5-1
pc0976,959,,産業-経済,外国貿易,函館港普通貿易-品目別輸入5-1
pc0977,960,,産業-経済,外国貿易,函館港普通貿易-品目別輸入5-2
pc0978,961,,産業-経済,外国貿易,函館港普通貿易-品目別輸入5-2
pc0979,962,,産業-経済,外国貿易,函館港普通貿易-品目別輸入5-3
pc0980,963,,産業-経済,外国貿易,函館港普通貿易-品目別輸入5-3
pc0981,964,,産業-経済,外国貿易,函館港普通貿易-品目別輸入6-1
pc0982,965,,産業-経済,外国貿易,函館港普通貿易-品目別輸入6-1
pc0983,966,,産業-経済,外国貿易,函館港普通貿易-品目別輸入6-2
pc0984,967,,産業-経済,外国貿易,函館港普通貿易-品目別輸入6-2
pc0985,968,,産業-経済,外国貿易,函館港普通貿易-品目別輸入7
pc0986,969,,産業-経済,外国貿易,函館港普通貿易-品目別輸入7
pc0987,970,,産業-経済,外国貿易,函館港品目別輸入1
pc0988,971,,産業-経済,外国貿易,函館港品目別輸入1
pc0989,972,,産業-経済,外国貿易,函館港品目別輸入2
pc0990,973,,産業-経済,外国貿易,函館港品目別輸入2
pc0991,974,,産業-経済,外国貿易,函館港品目別輸入2
pc0992,975,,産業-経済,外国貿易,函館港品目別輸入2
pc0993,976,,産業-経済,外国貿易,函館港品目別輸入3
pc0994,977,,産業-経済,外国貿易,函館港品目別輸入3
pc0995,978,,産業-経済,外国貿易,函館港品目別輸入3
pc0996,979,,産業-経済,外国貿易,函館港品目別輸入3
pc0997,980,,産業-経済,外国貿易,函館港品目別輸入4
pc0998,981,,産業-経済,外国貿易,函館港品目別輸入4
pc0999,982,,産業-経済,外国貿易,函館港漁業貿易-品目別輸出1
pc1000,983,,産業-経済,外国貿易,函館港漁業貿易-品目別輸出1
pc1001,984,,産業-経済,外国貿易,函館港漁業貿易-品目別輸出2
pc1002,985,,産業-経済,外国貿易,函館港漁業貿易-品目別輸出2
pc1003,986,,産業-経済,外国貿易,函館港漁業貿易-品目別輸出3-1
pc1004,987,,産業-経済,外国貿易,函館港漁業貿易-品目別輸出3-1
pc1005,988,,産業-経済,外国貿易,函館港漁業貿易-品目別輸出3-2
pc1006,989,,産業-経済,外国貿易,函館港漁業貿易-品目別輸出3-2
pc1007,990,,産業-経済,外国貿易,函館港漁業貿易-品目別輸出3-3
pc1008,991,,産業-経済,外国貿易,函館港漁業貿易-品目別輸出3-3
pc1009,992,,産業-経済,外国貿易,函館港漁業貿易-品目別輸出4-1
pc1010,993,,産業-経済,外国貿易,函館港漁業貿易-品目別輸出4-1
pc1011,994,,産業-経済,外国貿易,函館港漁業貿易-品目別輸出4-2
pc1012,995,,産業-経済,外国貿易,函館港漁業貿易-品目別輸出4-2
pc1013,996,,産業-経済,外国貿易,函館港漁業貿易-品目別輸出4-3
pc1014,997,,産業-経済,外国貿易,函館港漁業貿易-品目別輸出4-3
pc1015,998,,産業-経済,外国貿易,函館港漁業貿易-品目別輸入1
pc1016,999,,産業-経済,外国貿易,函館港漁業貿易-品目別輸入1
pc1017,1000,,産業-経済,外国貿易,函館港漁業貿易-品目別輸入2-1
pc1018,1001,,産業-経済,外国貿易,函館港漁業貿易-品目別輸入2-1
pc1019,1002,,産業-経済,外国貿易,函館港漁業貿易-品目別輸入2-2
pc1020,1003,,産業-経済,外国貿易,函館港漁業貿易-品目別輸入2-2
pc1021,1004,,産業-経済,外国貿易,函館港漁業貿易-品目別輸入3
pc1022,1005,,産業-経済,外国貿易,函館港漁業貿易-品目別輸入3
pc1023,1006,,産業-経済,外国貿易,函館港国別輸出1
pc1024,1007,,産業-経済,外国貿易,函館港国別輸出1
pc1025,1008,,産業-経済,外国貿易,函館港国別輸出1
pc1026,1009,,産業-経済,外国貿易,函館港国別輸出1
pc1027,1010,,産業-経済,外国貿易,函館港国別輸出2
pc1028,1011,,産業-経済,外国貿易,函館港国別輸出2
pc1029,1012,,産業-経済,外国貿易,函館港国別輸出3
pc1030,1013,,産業-経済,外国貿易,函館港国別輸出4
pc1031,1014,,産業-経済,外国貿易,函館港国別輸入1
pc1032,1015,,産業-経済,外国貿易,函館港国別輸入1
pc1033,1016,,産業-経済,外国貿易,函館港国別輸入1
pc1034,1017,,産業-経済,外国貿易,函館港国別輸入1
pc1035,1018,,産業-経済,外国貿易,函館港国別輸入2
pc1036,1019,,産業-経済,外国貿易,函館港国別輸入2
pc1037,1020,,産業-経済,外国貿易,函館港国別輸入3
pc1038,1021,,産業-経済,外国貿易,函館港国別輸入4
pc1039,1022,,産業-経済,物価-賃金,明治16年卸売物価
pc1040,1023,,産業-経済,物価-賃金,卸売物価1
pc1041,1024,,産業-経済,物価-賃金,卸売物価2-1
pc1042,1025,,産業-経済,物価-賃金,卸売物価2-1
pc1043,1026,,産業-経済,物価-賃金,卸売物価2-2
pc1044,1027,,産業-経済,物価-賃金,卸売物価2-2
pc1045,1028,,産業-経済,物価-賃金,卸売物価2-3
pc1046,1029,,産業-経済,物価-賃金,卸売物価2-3
pc1047,1030,,産業-経済,物価-賃金,卸売物価3-1
pc1048,1031,,産業-経済,物価-賃金,卸売物価3-1
pc1049,1032,,産業-経済,物価-賃金,卸売物価3-2
pc1050,1033,,産業-経済,物価-賃金,卸売物価3-2
pc1051,1034,,産業-経済,物価-賃金,卸売物価3-3
pc1052,1035,,産業-経済,物価-賃金,卸売物価3-3
pc1053,1036,,産業-経済,物価-賃金,卸売物価3-4
pc1054,1037,,産業-経済,物価-賃金,卸売物価3-4
pc1055,1038,,産業-経済,物価-賃金,卸売物価3-5
pc1056,1039,,産業-経済,物価-賃金,卸売物価3-5
pc1057,1040,,産業-経済,物価-賃金,卸売物価3-6
pc1058,1041,,産業-経済,物価-賃金,卸売物価3-6
pc1059,1042,,産業-経済,物価-賃金,卸売物価3-7
pc1060,1043,,産業-経済,物価-賃金,卸売物価3-7
pc1061,1044,,産業-経済,物価-賃金,卸売物価3-8
pc1062,1045,,産業-経済,物価-賃金,卸売物価3-8
pc1063,1046,,産業-経済,物価-賃金,卸売物価3-9
pc1064,1047,,産業-経済,物価-賃金,卸売物価3-9
pc1065,1048,,産業-経済,物価-賃金,卸売物価4-1
pc1066,1049,,産業-経済,物価-賃金,卸売物価4-1
pc1067,1050,,産業-経済,物価-賃金,卸売物価4-2
pc1068,1051,,産業-経済,物価-賃金,卸売物価4-2
pc1069,1052,,産業-経済,物価-賃金,卸売物価4-3
pc1070,1053,,産業-経済,物価-賃金,卸売物価4-3
pc1071,1054,,産業-経済,物価-賃金,卸売物価4-4
pc1072,1055,,産業-経済,物価-賃金,卸売物価4-4
pc1073,1056,,産業-経済,物価-賃金,卸売物価4-5
pc1074,1057,,産業-経済,物価-賃金,卸売物価4-5
pc1075,1058,,産業-経済,物価-賃金,卸売物価4-6
pc1076,1059,,産業-経済,物価-賃金,卸売物価4-6
pc1077,1060,,産業-経済,物価-賃金,卸売物価4-7
pc1078,1061,,産業-経済,物価-賃金,卸売物価4-7
pc1079,1062,,産業-経済,物価-賃金,卸売物価4-8
pc1080,1063,,産業-経済,物価-賃金,卸売物価4-8
pc1081,1064,,産業-経済,物価-賃金,卸売物価指数1-1
pc1082,1065,,産業-経済,物価-賃金,卸売物価指数1-1
pc1083,1066,,産業-経済,物価-賃金,卸売物価指数1-2
pc1084,1067,,産業-経済,物価-賃金,卸売物価指数1-2
pc1085,1068,,産業-経済,物価-賃金,小売物価
pc1086,1069,,産業-経済,物価-賃金,小売物価
pc1087,1070,,産業-経済,物価-賃金,主要品目小売価額1-1
pc1088,1071,,産業-経済,物価-賃金,主要品目小売価額1-1
pc1089,1072,,産業-経済,物価-賃金,主要品目小売価額1-2
pc1090,1073,,産業-経済,物価-賃金,主要品目小売価額1-2
pc1091,1074,,産業-経済,物価-賃金,小売物価指数
pc1092,1075,,産業-経済,物価-賃金,小売物価指数
pc1093,1076,,産業-経済,物価-賃金,業種別賃金表1
pc1094,1077,,産業-経済,物価-賃金,業種別賃金表1
pc1095,1078,,産業-経済,物価-賃金,業種別賃金表2-1
pc1096,1079,,産業-経済,物価-賃金,業種別賃金表2-1
pc1097,1080,,産業-経済,物価-賃金,業種別賃金表2-1
pc1098,1081,,産業-経済,物価-賃金,業種別賃金表2-1
pc1099,1082,,産業-経済,物価-賃金,業種別賃金表2-2
pc1100,1083,,産業-経済,物価-賃金,業種別賃金表2-2
pc1101,1084,,産業-経済,物価-賃金,業種別賃金表2-2
pc1102,1085,,産業-経済,物価-賃金,業種別賃金表2-2
pc1103,1086,空白
pc1104,1087,章扉,社会-教育
pc1105,1088,,社会-教育,司法-警察,民事訴訟件数1_民事訴訟件数2
pc1106,1089,,社会-教育,司法-警察,民事訴訟件数1_民事訴訟件数2
pc1107,1090,,社会-教育,司法-警察,刑事訴訟件数1_刑事訴訟件数2_刑事訴訟件数3
pc1108,1091,,社会-教育,司法-警察,刑事訴訟件数1_刑事訴訟件数2_刑事訴訟件数3
pc1109,1092,,社会-教育,司法-警察,刑事訴訟件数1
pc1110,1093,,社会-教育,司法-警察,在監人員
pc1111,1094,,社会-教育,司法-警察,在監人員
pc1112,1095,,社会-教育,司法-警察,在監人員
pc1113,1096,,社会-教育,司法-警察,警察署及び警察職員
pc1114,1097,,社会-教育,司法-警察,警察署及び警察職員
pc1115,1098,,社会-教育,風俗,貸座敷数-芸娼妓数1
pc1116,1099,,社会-教育,風俗,貸座敷数-芸娼妓数2
pc1117,1100,,社会-教育,風俗,芸娼妓年齢別構成表
pc1118,1101,,社会-教育,風俗,芸娼妓年齢別構成表
pc1119,1102,,社会-教育,消防,火災件数1
pc1120,1103,,社会-教育,消防,火災件数2
pc1121,1104,,社会-教育,消防,消防組織(戦前1)_消防組織(戦前2)
pc1122,1105,,社会-教育,消防,消防組織(戦前1)_消防組織(戦前2)
pc1123,1106,,社会-教育,消防,消防組織(戦後)
pc1124,1107,,社会-教育,消防,消防組織(戦後)
pc1125,1108,,社会-教育,消防,大火小史
pc1126,1109,,社会-教育,消防,大火小史
pc1127,1110,,社会-教育,衛生,医療施設数及び医療従事者数(戦前)
pc1128,1111,,社会-教育,衛生,医療施設数及び医療従事者数(戦後)
pc1129,1112,,社会-教育,衛生,法定伝染病患者数及び死亡者数
pc1130,1113,,社会-教育,衛生,法定伝染病患者数及び死亡者数
pc1131,1114,,社会-教育,衛生,法定伝染病患者数及び死亡者数
pc1132,1115,,社会-教育,衛生,法定伝染病患者数及び死亡者数
pc1133,1116,,社会-教育,衛生,種痘人員1
pc1134,1117,,社会-教育,衛生,種痘人員2
pc1135,1118,,社会-教育,衛生,種痘人員2_痘そうの定期予防接種
pc1136,1119,,社会-教育,衛生,死因別死亡者数1
pc1137,1120,,社会-教育,衛生,死因別死亡者数2-1
pc1138,1121,,社会-教育,衛生,死因別死亡者数2-1
pc1139,1122,,社会-教育,衛生,死因別死亡者数2-1
pc1140,1123,,社会-教育,衛生,死因別死亡者数2-2_死因別死亡者数3
pc1141,1124,,社会-教育,衛生,死因別死亡者数2-2_死因別死亡者数3
pc1142,1125,,社会-教育,衛生,死因別死亡者数2-2_死因別死亡者数3
pc1143,1126,,社会-教育,衛生,年齢別死亡者数1_年齢別死亡者数3
pc1144,1127,,社会-教育,衛生,年齢別死亡者数2_年齢別死亡者数3
pc1145,1128,,社会-教育,衛生,年齢別死亡者数2_年齢別死亡者数3
pc1146,1130,,社会-教育,水道-電気-ガス,給水状況(戦前1)_給水状況(戦前2)
pc1147,1131,,社会-教育,水道-電気-ガス,給水状況(戦後)
pc1148,1132,,社会-教育,水道-電気-ガス,電灯-電力需要状況
pc1149,1133,,社会-教育,水道-電気-ガス,電灯-電力需要状況
pc1150,1134,,社会-教育,水道-電気-ガス,ガス供給状況
pc1151,1135,,社会-教育,水道-電気-ガス,ガス供給状況
pc1152,1136,,社会-教育,教育,学齢児童数-就学児童数-就学率
pc1153,1137,,社会-教育,教育,学齢児童数-就学児童数-就学率
pc1154,1138,,社会-教育,教育,幼稚園総覧1_幼稚園総覧2
pc1155,1139,,社会-教育,教育,幼稚園総覧1
pc1156,1140,,社会-教育,教育,小学校総覧1
pc1157,1141,,社会-教育,教育,小学校総覧1
pc1158,1142,,社会-教育,教育,小学校総覧1
pc1159,1143,,社会-教育,教育,小学校総覧1
pc1160,1144,,社会-教育,教育,小学校総覧2
pc1161,1145,,社会-教育,教育,各小学校別教員数-児童数1(公立)
pc1162,1146,,社会-教育,教育,各小学校別教員数-児童数1(公立)
pc1163,1147,,社会-教育,教育,各小学校別教員数-児童数1(公立)
pc1164,1148,,社会-教育,教育,各小学校別教員数-児童数1(公立)
pc1165,1149,,社会-教育,教育,各小学校別教員数-児童数1(公立)
pc1166,1150,,社会-教育,教育,各小学校別教員数-児童数1(公立)
pc1167,1151,,社会-教育,教育,各小学校別教員数-児童数1(公立)
pc1168,1152,,社会-教育,教育,各小学校別教員数-児童数1(公立)
pc1169,1153,,社会-教育,教育,各小学校別教員数-児童数1(公立)
pc1170,1154,,社会-教育,教育,各小学校別教員数-児童数1(公立)
pc1171,1155,,社会-教育,教育,各小学校別教員数-児童数1(公立)
pc1172,1156,,社会-教育,教育,各小学校別教員数-児童数1(公立)
pc1173,1157,,社会-教育,教育,各小学校別教員数-児童数1(公立)
pc1174,1158,,社会-教育,教育,各小学校別教員数-児童数1(公立)
pc1175,1159,,社会-教育,教育,各小学校別教員数-児童数1(公立)
pc1176,1160,,社会-教育,教育,各小学校別教員数-児童数1(私立)
pc1177,1161,,社会-教育,教育,各小学校別教員数-児童数1(私立)
pc1178,1162,,社会-教育,教育,各小学校別教員数-児童数1(私立)
pc1179,1163,,社会-教育,教育,各小学校別教員数-児童数1(私立)
pc1180,1164,,社会-教育,教育,各小学校別教員数-児童数1(私立)
pc1181,1165,,社会-教育,教育,各小学校別教員数-児童数1(私立)
pc1182,1166,,社会-教育,教育,各小学校別教員数-児童数2(市立)
pc1183,1167,,社会-教育,教育,各小学校別教員数-児童数2(市立)
pc1184,1168,,社会-教育,教育,各小学校別教員数-児童数2(市立)
pc1185,1169,,社会-教育,教育,各小学校別教員数-児童数2(市立)
pc1186,1170,,社会-教育,教育,各小学校別教員数-児童数2(市立)
pc1187,1171,,社会-教育,教育,各小学校別教員数-児童数2(市立)
pc1188,1172,,社会-教育,教育,各小学校別教員数-児童数2(市立)
pc1189,1173,,社会-教育,教育,各小学校別教員数-児童数2(市立)
pc1190,1174,,社会-教育,教育,各小学校別教員数-児童数2(市立)
pc1191,1175,,社会-教育,教育,各小学校別教員数-児童数2(市立)
pc1192,1176,,社会-教育,教育,各小学校別教員数-児童数2(市立)
pc1193,1177,,社会-教育,教育,各小学校別教員数-児童数2(市立)
pc1194,1178,,社会-教育,教育,各小学校別教員数-児童数2(市立)
pc1195,1179,,社会-教育,教育,各小学校別教員数-児童数2(市立)
pc1196,1180,,社会-教育,教育,中学校
pc1197,1181,,社会-教育,教育,中学校_高等女学校
pc1198,1182,,社会-教育,教育,実業学校_高等女学校
pc1199,1183,,社会-教育,教育,実業学校
pc1200,1184,,社会-教育,教育,実業学校
pc1201,1185,,社会-教育,教育,実業補習学校
pc1202,1186,,社会-教育,教育,実業補習学校_青年学校
pc1203,1187,,社会-教育,教育,高等水産学校-師範学校
pc1204,1188,,社会-教育,教育,私立各種学校(戦前)
pc1205,1189,,社会-教育,教育,私立各種学校(戦前)
pc1206,1190,,社会-教育,教育,私立各種学校(戦前)
pc1207,1191,,社会-教育,教育,私立各種学校(戦前)
pc1208,1192,,社会-教育,教育,私立各種学校(戦前)
pc1209,1193,,社会-教育,教育,私立各種学校(戦前)
pc1210,1194,,社会-教育,教育,中学校総覧
pc1211,1195,,社会-教育,教育,高校総覧
pc1212,1196,,社会-教育,教育,大学
pc1213,1197,,社会-教育,教育,短期大学-高等専門学校
pc1214,1198,,社会-教育,教育,盲-聾-養護学校
pc1215,1199,,社会-教育,教育,盲-聾-養護学校
pc1216,1200,,社会-教育,兵事,兵員数及び徴兵人員数
pc1217,1201,,社会-教育,兵事,兵員数及び徴兵人員数