page_number,table_name

58,気温-気圧-湿度a
59,気温-気圧-湿度b
60,風速-降水量-積雪量-日照時数a
61,風速-降水量-積雪量-日照時数b
62,天気日数-地震回数-霜雪期a
63,天気日数-地震回数-霜雪期b
64,地目別土地面積a
65,地目別土地面積b
66,地目別土地面積c
67,地目別土地面積d
68,民有地面積-地価a
69,民有地面積-地価b
70,土地評価額
70,有租地面積
71,明治42年-大正7年町別面積-道路
72,戸数-人口1-1a
73,戸数-人口1-1b
74,戸数-人口1-2a
75,戸数-人口1-2b
76,人口動態a
77,人口動態b
78,文化文政期町別戸口表a
78,文化文政期町別戸口表b
79,文化文政期町別戸口表a
79,文化文政期町別戸口表b
80,明治9年管内村町別戸口表1-1a
81,明治9年管内村町別戸口表1-1b
82,明治9年管内村町別戸口表1-2a
83,明治9年管内村町別戸口表1-2b
84,明治期町別戸口表a
85,明治期町別戸口表b
86,明治期町別戸口表c
87,明治期町別戸口表d
88,職業表1-1a
89,職業表1-1b
90,職業表1-2a
91,職業表1-2b
92,明治11年函館市中職業表1-1a
93,明治11年函館市中職業表1-1b
94,明治11年函館市中職業表1-2a
95,明治11年函館市中職業表1-2b
96,明治11年函館市中職業表1-3a
97,明治11年函館市中職業表1-3b
98,明治12年函館市中職業表1-1a
99,明治12年函館市中職業表1-1b
100,明治12年函館市中職業表1-2a
101,明治12年函館市中職業表1-2b
102,居留外国人戸口表1-1a
103,居留外国人戸口表1-1b
104,居留外国人戸口表1-2a
105,居留外国人戸口表1-2b
106,居留外国人職業表1
107,居留外国人職業表2
108,区内協議費収支決算1-1a
109,区内協議費収支決算1-1b
110,区内協議費収支決算1-2a
111,区内協議費収支決算1-2b
112,区費歳入決算1-1a
113,区費歳入決算1-1b
114,区費歳入決算1-1c
115,区費歳入決算1-1d
116,区費歳入決算1-1e
117,区費歳入決算1-2a
118,区費歳入決算1-2b
119,区費歳入決算1-2c
120,区費歳入決算1-2d
121,区費歳入決算1-2e
122,区費歳出経常部決算1-1a
123,区費歳出経常部決算1-1b
124,区費歳出経常部決算1-1c
125,区費歳出経常部決算1-1d
126,区費歳出経常部決算1-2a
127,区費歳出経常部決算1-2b
128,区費歳出経常部決算1-2c
129,区費歳出経常部決算1-2d
130,区費歳出臨時部決算1-1a
131,区費歳出臨時部決算1-1b
132,区費歳出臨時部決算1-1c
133,区費歳出臨時部決算1-1d
134,区費歳出臨時部決算1-2a
135,区費歳出臨時部決算1-2b
136,区費歳出臨時部決算1-2c
137,区費歳出臨時部決算1-2d
138,市歳入決算1-1a
139,市歳入決算1-1b
140,市歳入決算1-1c
141,市歳入決算1-1d
142,市歳入決算1-2a
143,市歳入決算1-2b
144,市歳入決算1-2c
145,市歳入決算1-2d
146,市歳入決算2-1a
147,市歳入決算2-1b
148,市歳入決算2-2a
149,市歳入決算2-2b
150,市歳入決算2-3a
151,市歳入決算2-3b
152,市歳入決算3-1a
153,市歳入決算3-1b
154,市歳入決算3-1c
155,市歳入決算3-2a
156,市歳入決算3-2b
157,市歳入決算3-2c
158,市歳入決算3-3a
159,市歳入決算3-3b
160,市歳入決算3-3c
161,市歳入決算3-4a
162,市歳入決算3-4b
163,市歳入決算3-4c
164,市歳入決算3-5a
165,市歳入決算3-5b
166,市歳入決算3-5c
167,市歳入決算4-1a
168,市歳入決算4-1b
169,市歳入決算4-1c
170,市歳入決算4-2a
171,市歳入決算4-2b
172,市歳入決算4-2c
173,市歳入決算4-3a
174,市歳入決算4-3b
175,市歳入決算4-3c
176,市歳出経常部決算1-1a
177,市歳出経常部決算1-1b
178,市歳出経常部決算1-1c
179,市歳出経常部決算1-2a
180,市歳出経常部決算1-2b
181,市歳出経常部決算1-2c
182,市歳出経常部決算1-3a
183,市歳出経常部決算1-3b
184,市歳出経常部決算1-3c
185,市歳出臨時部決算1-1a
186,市歳出臨時部決算1-1b
187,市歳出臨時部決算1-1c
188,市歳出臨時部決算1-2a
189,市歳出臨時部決算1-2b
190,市歳出臨時部決算1-2c
191,市歳出臨時部決算1-3a
192,市歳出臨時部決算1-3b
193,市歳出臨時部決算1-3c
194,市歳出経常部決算2-1a
195,市歳出経常部決算2-1b
196,市歳出経常部決算2-2a
197,市歳出経常部決算2-2b
198,市歳出経常部決算2-3a
199,市歳出経常部決算2-3b
200,市歳出経常部決算2-4a
201,市歳出経常部決算2-4b
202,市歳出臨時部決算2-1a
203,市歳出臨時部決算2-1b
204,市歳出臨時部決算2-2a
205,市歳出臨時部決算2-2b
206,市歳出臨時部決算2-3a
207,市歳出臨時部決算2-3b
208,市歳出決算3-1a
209,市歳出決算3-1b
210,市歳出決算3-1c
211,市歳出決算3-2a
212,市歳出決算3-2b
213,市歳出決算3-2c
214,市歳出決算3-3a
215,市歳出決算3-3b
216,市歳出決算3-3
217,市歳出決算3-4a
218,市歳出決算3-4b
219,市歳出決算3-4c
220,市歳出決算4-1a
221,市歳出決算4-1b
222,市歳出決算4-1c
223,市歳出決算4-2a
224,市歳出決算4-2b
225,市歳出決算4-2c
226,市歳出決算4-3a
227,市歳出決算4-3b
228,市歳出決算4-3c
229,市歳出決算4-4a
230,市歳出決算4-4b
231,市歳出決算4-4c
232,市歳出決算4-5a
233,市歳出決算4-5b
234,市歳出決算4-5c
235,市歳出決算4-6a
236,市歳出決算4-6b
237,市歳出決算4-6c
238,区-市特別会計歳入歳出決算-井戸新鑿修繕費
238,区-市特別会計歳入歳出決算-住吉小学校新築費
238,区-市特別会計歳入歳出決算-公立小学校地地平均費
238,区-市特別会計歳入歳出決算-学校建築費
238,区-市特別会計歳入歳出決算-宝小学校教場増築日
238,区-市特別会計歳入歳出決算-幸小学校新築費
238,区-市特別会計歳入歳出決算-行在所建築諸費
238,区-市特別会計歳入歳出決算-高砂、東川小学校改築費
239,公園費
239,共有火葬及葬儀場建築費
239,区-市特別会計歳入歳出決算-小学校補助金
239,区-市特別会計歳入歳出決算-窮民救護費
240,会社銀行年賦寄付金(弥生小学校建築費)
240,区内共有金1
241,会社銀行年賦寄付金(弥生小学校建築費)
241,区内共有金1
242,備荒貯蓄金
242,区内共有金2
243,備荒貯蓄金
243,区内共有金2
244,教育蓄積金-公立小学校費-函館女学校費a
245,教育蓄積金-公立小学校費-函館女学校費b
246,共有基本金a
247,共有基本金b
248,共有基本金c
249,私立小学校経費(参考)
250,育児費-育児特別基本金a
251,育児費-育児特別基本金b
252,函館水道増設工事費
252,函館水道費
252,水道副管調査費
252,水道起業蓄積金
252,赤川水源測量費
253,函館港改良工事
253,水道保存蓄積金
253,若松町海面埋立工事
254,上水道拡張費
254,温泉費
254,給水工事費
255,上水道拡張費
255,温泉費
255,給水工事費
256,水道費a
257,水道費b
258,水道費c
259,水道費d
260,水道事業費
261,復興事業費
261,結核予防並窮民治療事業資金
262,基本財産a
262,基本財産c
263,基本財産b
263,基本財産d
264,特別基本財産a
264,窮民救助費a
264,窮民救助費特別基本財産a
265,特別基本財産b
265,窮民救助費b
265,窮民救助費特別基本財産b
266,特別基本財c
266,窮民救助費c
267,特別基本財d
267,窮民救助費d
268,慈善事業資金
268,教育基本財産
268,社会事業資金
269,慈善事業資金
269,教育基本財産
269,社会事業資金
270,慈善事業資金
270,木島社会事業資金
270,社会事業資金
271,公益質屋費a
272,公益質屋費b
273,公益質屋費c
274,交通事業費1
274,交通事業資金
275,交通事業費2
276,区立病院維持蓄積金
276,区立病院費
277,区立病院維持蓄積金
277,区立病院費
278,函館病院費1a
279,函館病院費1b
280,函館病院費1c
281,函館病院費1d
282,函館病院費1e
283,函館病院費1f
284,函館病院費2-1a
285,函館病院費2-1b
286,函館病院費2-1
287,函館病院費2-2
288,函館病院費2-1a
289,函館病院費2-1
290,大森町有財産a
290,大森町有財産c
290,大森町有財産e
291,大森町有財産b
291,大森町有財産d
291,大森町有財産f
292,自転車競争事業費1a
292,自転車競争事業費2a
293,自転車競争事業費1b
293,自転車競争事業費2b
294,自転車競争事業費1c
294,自転車競争事業費2c
295,魚卸売市場事業費a
295,魚卸売市場事業費b
295,魚卸売市場事業費c
296,奨学資金a
296,奨学資金c
297,奨学資金b
297,奨学資金d
298,港湾事業費1a
299,港湾事業費1
300,港湾事業費2-1a
301,港湾事業費2-1b
302,港湾事業費2-1c
303,港湾事業費2-2a
304,港湾事業費2-2b
305,港湾事業費2-2c
306,と畜場費a
306,と畜場費c
307,と畜場費b
307,国民健康保険事業費1
308,国民健康保険事業費2a
309,国民健康保険事業費2b
310,国民健康保険事業費2c
311,下水道事業費a
312,下水道事業費b
313,下水道事業費c
314,中央卸売市場事業a
314,交通災害共済事業費a
314,育英資金a
315,中央卸売市場事業b
315,交通災害共済事業費b
315,育英資金b
316,企業会計水道事業1-1a
317,企業会計水道事業1-1b
318,企業会計水道事業1-1c
319,企業会計水道事業1-1d
320,企業会計水道事業1-1e
321,企業会計水道事業1-2a
322,企業会計水道事業1-2b
323,企業会計水道事業1-2c
324,企業会計水道事業1-2d
325,企業会計水道事業1-2e
326,企業会計温泉事業1-1a
327,企業会計温泉事業1-1b
328,企業会計温泉事業1-2a
329,企業会計温泉事業1-2b
330,企業会計交通事業1-1a
331,企業会計交通事業1-1b
332,企業会計交通事業1-1c
333,企業会計交通事業1-1d
334,企業会計交通事業1-1e
335,企業会計交通事業1-2a
336,企業会計交通事業1-2b
337,企業会計交通事業1-2c
338,企業会計交通事業1-2d
339,企業会計交通事業1-2e
340,企業会計病院事業1-1a
341,企業会計病院事業1-1b
342,企業会計病院事業1-1c
343,企業会計病院事業1-2a
344,企業会計病院事業1-2b
345,企業会計病院事業1-2c
346,企業会計病院事業1-3a
347,企業会計病院事業1-3b
348,企業会計病院事業1-3c
349,企業会計中央卸売市場事業
350,企業会計港湾埋立事業a
351,企業会計港湾埋立事業b
352,区税a
353,区税b
354,区税c
355,市税1a
355,市税1b
356,市税2a
356,市税2c
356,市税2e
356,市税2f
357,市税2b
357,市税2d
357,市税2f
357,市税2h
358,市税3a
358,市税3c
359,市税3b
359,市税3d
360,地方税a
361,地方税b
362,地方税c
363,地方税d
364,国税a
365,国税b
398,農業戸数-人口-耕地a
398,農業戸数-人口-耕地b
398,農業戸数-人口-耕地d
399,農業戸数-人口-耕地c
399,農業戸数-人口-耕地e
400,農家数-農家人口
401,経営耕地別面積
402,主要農作物作付面積(戦前)a
403,主要農作物作付面積(戦前)b
404,主要農作物作付面積(戦後)a
405,主要農作物作付面積(戦後)b
406,家畜-家舎
407,家畜飼養戸数-頭数
408,生売水産物数量a
409,生売水産物数量b
410,生売水産物金額a
411,生売水産物金額b
412,輸出生魚数量･金額a
412,輸出生魚数量･金額c
413,輸出生魚数量･金額b
414,製造水産物水量1-1a
415,製造水産物水量1-1b
416,製造水産物水量1-1c
417,製造水産物水量1-2a
418,製造水産物水量1-2b
419,製造水産物水量1-2c
420,製造水産物金額1-1a
421,製造水産物金額1-1b
422,製造水産物金額1-1c
423,製造水産物金額1-2a
424,製造水産物金額1-2b
425,製造水産物金額1-2c
426,水産製品生産量1-1a
427,水産製品生産量1-1b
428,水産製品生産量1-1c
429,水産製品生産量1-1d
430,水産製品生産量1-2a
431,水産製品生産量1-2b
432,水産製品生産量1-2c
433,水産製品生産量1-3a
434,水産製品生産量1-3b
435,水産製品生産量1-3c
436,水産製品生産量1-3d
437,水産製品生産量1-3e
438,水産製品生産金額1-1a
439,水産製品生産金額1-1b
440,水産製品生産金額1-1c
441,水産製品生産金額1-1d
442,水産製品生産金額1-2a
443,水産製品生産金額1-2b
444,水産製品生産金額1-2c
445,水産製品生産金額1-2d
446,水産製品生産金額1-3a
447,水産製品生産金額1-3b
448,水産製品生産金額1-3c
449,水産製品生産金額1-3d
450,魚種別漁獲量a
451,魚種別漁獲金額a
452,魚種別漁獲量b
453,魚種別漁獲量c
454,魚種別漁獲量d
455,魚種別漁獲量e
456,魚種別漁獲金額b
457,魚種別漁獲金額c
458,魚種別漁獲金額d
459,魚種別漁獲金額e
460,漁業別漁獲量a
461,漁業別漁獲金額a
462,漁業別漁獲量b
463,漁業別漁獲金額b
469,魚網a
470,漁網b
488,租借-経営鮭鱒漁区数-魚種別漁獲量
489,監視区別経営漁区数-魚種別漁獲量a
490,監視区別経営漁区数-魚種別漁獲量b
491,監視区別経営漁区数-魚種別漁獲量c
492,監視区別経営漁区数-魚種別漁獲量d
493,監視区別経営漁区数-魚種別漁獲量e
494,塩鮭鱒生産量
495,鮭鱒蟹缶詰生産量-金額a
496,使用船舶数-トン数
496,鮭鱒蟹缶詰生産量-金額b
497,使用船舶数
498,漁業塩産出国別使用量
499,府県別従業員数
499,職業別従業員数
500,府県別露領水産組合員数a
501,府県別露領水産組合員数b
506,監視区別-漁区別借区者異動-漁獲量-西南区a
507,監視区別-漁区別借区者異動-漁獲量-西南区b
508,監視区別-漁区別借区者異動-漁獲量-西南区c
509,監視区別-漁区別借区者異動-漁獲量-西南区d
510,監視区別-漁区別借区者異動-漁獲量-西南区e
511,監視区別-漁区別借区者異動-漁獲量-西南区f
512,監視区別-漁区別借区者異動-漁獲量-サガレン区a
513,監視区別-漁区別借区者異動-漁獲量-サガレン区b
514,監視区別-漁区別借区者異動-漁獲量-オホストスキーa
515,監視区別-漁区別借区者異動-漁獲量-オホストスキーb
516,監視区別-漁区別借区者異動-漁獲量-オホストスキーc
517,監視区別-漁区別借区者異動-漁獲量-オホストスキーd
518,監視区別-漁区別借区者異動-漁獲量-オホストスキーe
519,監視区別-漁区別借区者異動-漁獲量-オホストスキーf
520,監視区別-漁区別借区者異動-漁獲量-オホストスキーg
521,監視区別-漁区別借区者異動-漁獲量-オホストスキーh
522,監視区別-漁区別借区者異動-漁獲量-オホストスキーi
523,監視区別-漁区別借区者異動-漁獲量-オホストスキーj
524,監視区別-漁区別借区者異動-漁獲量-オホストスキーk
525,監視区別-漁区別借区者異動-漁獲量-ギジギンスキーa
526,監視区別-漁区別借区者異動-漁獲量-ギジギンスキーb
527,監視区別-漁区別借区者異動-漁獲量-ギジギンスキーc
528,監視区別-漁区別借区者異動-漁獲量-ギジギンスキーd
529,監視区別-漁区別借区者異動-漁獲量-西カムチャツカ区1a
530,監視区別-漁区別借区者異動-漁獲量-西カムチャツカ区1b
531,監視区別-漁区別借区者異動-漁獲量-西カムチャツカ区1c
532,監視区別-漁区別借区者異動-漁獲量-西カムチャツカ区1d
533,監視区別-漁区別借区者異動-漁獲量-西カムチャツカ区1e
534,監視区別-漁区別借区者異動-漁獲量-西カムチャツカ区1f
535,監視区別-漁区別借区者異動-漁獲量-西カムチャツカ区1g
536,監視区別-漁区別借区者異動-漁獲量-西カムチャツカ区1h
537,監視区別-漁区別借区者異動-漁獲量-西カムチャツカ区1i
538,監視区別-漁区別借区者異動-漁獲量-西カムチャツカ区1j
539,監視区別-漁区別借区者異動-漁獲量-西カムチャツカ区1k
540,監視区別-漁区別借区者異動-漁獲量-西カムチャツカ区1l
541,監視区別-漁区別借区者異動-漁獲量-西カムチャツカ区1m
542,監視区別-漁区別借区者異動-漁獲量-西カムチャツカ区2a
543,監視区別-漁区別借区者異動-漁獲量-西カムチャツカ区2b
544,監視区別-漁区別借区者異動-漁獲量-西カムチャツカ区2c
545,監視区別-漁区別借区者異動-漁獲量-西カムチャツカ区2d
546,監視区別-漁区別借区者異動-漁獲量-西カムチャツカ区2e
547,監視区別-漁区別借区者異動-漁獲量-西カムチャツカ区2f
548,監視区別-漁区別借区者異動-漁獲量-西カムチャツカ区2g
549,監視区別-漁区別借区者異動-漁獲量-西カムチャツカ区2h
550,監視区別-漁区別借区者異動-漁獲量-西カムチャツカ区2i
551,監視区別-漁区別借区者異動-漁獲量-西カムチャツカ区2j
552,監視区別-漁区別借区者異動-漁獲量-西カムチャツカ区2k
553,監視区別-漁区別借区者異動-漁獲量-西カムチャツカ区2l
554,監視区別-漁区別借区者異動-漁獲量-西カムチャツカ区2m
555,監視区別-漁区別借区者異動-漁獲量-西カムチャツカ区2n
556,監視区別-漁区別借区者異動-漁獲量-イーチンスキー区a
557,監視区別-漁区別借区者異動-漁獲量-イーチンスキー区b
558,監視区別-漁区別借区者異動-漁獲量-イーチンスキー区c
559,監視区別-漁区別借区者異動-漁獲量-イーチンスキー区d
560,監視区別-漁区別借区者異動-漁獲量-イーチンスキー区e
561,監視区別-漁区別借区者異動-漁獲量-イーチンスキー区f
562,監視区別-漁区別借区者異動-漁獲量-イーチンスキー区g
563,監視区別-漁区別借区者異動-漁獲量-イーチンスキー区h
564,監視区別-漁区別借区者異動-漁獲量-イーチンスキー区i
565,監視区別-漁区別借区者異動-漁獲量-イーチンスキー区j
566,監視区別-漁区別借区者異動-漁獲量-イーチンスキー区k
567,監視区別-漁区別借区者異動-漁獲量-イーチンスキー区l
568,監視区別-漁区別借区者異動-漁獲量-イーチンスキー区m
569,監視区別-漁区別借区者異動-漁獲量-イーチンスキー区n
570,監視区別-漁区別借区者異動-漁獲量-イーチンスキー区o
571,監視区別-漁区別借区者異動-漁獲量-チギリスキー区a
572,監視区別-漁区別借区者異動-漁獲量-チギリスキー区b
573,監視区別-漁区別借区者異動-漁獲量-チギリスキー区c
574,監視区別-漁区別借区者異動-漁獲量-東カムチャツカ区a
575,監視区別-漁区別借区者異動-漁獲量-東カムチャツカ区b
576,監視区別-漁区別借区者異動-漁獲量-東カムチャツカ区c
577,監視区別-漁区別借区者異動-漁獲量-東カムチャツカ区d
578,監視区別-漁区別借区者異動-漁獲量-東カムチャツカ区e
579,監視区別-漁区別借区者異動-漁獲量-カランギンスキー区a
580,監視区別-漁区別借区者異動-漁獲量-カランギンスキー区b
581,監視区別-漁区別借区者異動-漁獲量-カランギンスキー区c
582,監視区別-漁区別借区者異動-漁獲量-カランギンスキー区d
583,監視区別-漁区別借区者異動-漁獲量-カランギンスキー区e
584,監視区別-漁区別借区者異動-漁獲量-カランギンスキー区f
585,監視区別-漁区別借区者異動-漁獲量-カランギンスキー区g
586,監視区別-漁区別借区者異動-漁獲量-カランギンスキー区h
587,監視区別-漁区別借区者異動-漁獲量-カランギンスキー区i
588,監視区別-漁区別借区者異動-漁獲量-カランギンスキー区j
589,監視区別-漁区別借区者異動-漁獲量-カランギンスキー区k
590,監視区別-漁区別借区者異動-漁獲量-カランギンスキー区l
591,監視区別-漁区別借区者異動-漁獲量-カランギンスキー区m
592,監視区別-漁区別借区者異動-漁獲量-カランギンスキー区n
593,監視区別-漁区別借区者異動-漁獲量-カランギンスキー区o
594,監視区別-漁区別借区者異動-漁獲量-キチギンスキー区a
595,監視区別-漁区別借区者異動-漁獲量-キチギンスキー区b
596,監視区別-漁区別借区者異動-漁獲量-キチギンスキー区c
597,監視区別-漁区別借区者異動-漁獲量-キチギンスキー区d
598,監視区別-漁区別借区者異動-漁獲量-キチギンスキー区e
599,監視区別-漁区別借区者異動-漁獲量-キチギンスキー区f
600,監視区別-漁区別借区者異動-漁獲量-キチギンスキー区g
601,監視区別-漁区別借区者異動-漁獲量-オリュートル区a
602,監視区別-漁区別借区者異動-漁獲量-オリュートル区b
603,監視区別-漁区別借区者異動-漁獲量-オリュートル区c
604,監視区別-漁区別借区者異動-漁獲量-オリュートル区d
605,監視区別-漁区別借区者異動-漁獲量-オリュートル区e
606,産業(中分類)別事業所数-従業者数-製造品出荷額等a
607,産業(中分類)別事業所数-従業者数-製造品出荷額等b
608,産業(中分類)別事業所数-従業者数-製造品出荷額等c
609,産業(中分類)別事業所数-従業者数-製造品出荷額等d
610,産業(中分類)別事業所数-従業者数-製造品出荷額等e
611,産業(中分類)別事業所数-従業者数-製造品出荷額等f
619,日本銀行営業状況
620,普通銀行営業状況1a
620,普通銀行営業状況2a
620,普通銀行営業状況3a
621,普通銀行営業状況1b
621,普通銀行営業状況2b
621,普通銀行営業状況3b
622,普通銀行営業状況3c
623,普通銀行営業状況3d
624,日本銀行営業状況4c
624,日本銀行営業状況4e
624,普通銀行営業状況4a
625,日本銀行営業状況4b
625,日本銀行営業状況4d
625,日本銀行営業状況4f
626,金融機関主要勘定a
627,金融機関主要勘定b
628,金融機関主要勘定c
629,郵便貯金1
630,郵便貯金2
630,郵便貯金3a
631,郵便貯金3b
632,函館駅旅客-貨物運輸状況
633,国鉄別1日平均旅客-貨物運輸状況a
634,国鉄別1日平均旅客-貨物運輸状況b
635,国鉄別1日平均旅客-貨物運輸状況c
636,函館空港乗降客-貨物量状況
637,市電運行状況
638,市バス運行状況
639,函館バス運行状況
640,タクシー運行状況
640,在籍船舶2a
641,在籍船舶1
641,在籍船舶2b
642,内-外国航路入港商船数1
642,内-外国航路入港商船数2a
643,内-外国航路入港商船数2b
652,国別船種商船外国航路入港数a
653,国別船種商船外国航路入港数b
654,国別船種商船外国航路入港数c
655,青函連絡船乗降客数a
655,青函連絡船乗降客数b
656,フェリー運送状況
657,自動車保有台数
658,郵便
659,電信取扱数a
659,電信取扱数b
660,品目別府県移出1-1a
661,品目別府県移出1-1b
662,品目別府県移出1-1c
663,品目別府県移出1-2a
664,品目別府県移出1-2b
665,品目別府県移出1-2c
666,品目別府県移出2-1a
667,品目別府県移出2-1b
668,品目別府県移出2-1c
669,品目別府県移出2-2a
670,品目別府県移出2-2b
671,品目別府県移出2-2c
672,品目別府県移出3a
673,品目別府県移出3b
674,品目別府県移出3c
675,品目別府県移出3d
676,品目別府県移出4-1a
677,品目別府県移出4-1b
678,品目別府県移出4-1c
679,品目別府県移出4-2a
680,品目別府県移出4-2b
681,品目別府県移出4-2c
682,品目別府県移出5-1a
683,品目別府県移出5-1b
684,品目別府県移出5-1c
685,品目別府県移出5-1d
686,品目別府県移出5-2a
687,品目別府県移出5-2b
688,品目別府県移出5-2c
689,品目別府県移出5-2d
690,品目別府県移出5-3a
691,品目別府県移出5-3b
692,品目別府県移出5-3c
693,品目別府県移出5-3d
694,品目別府県移入1-1a
695,品目別府県移入1-1b
696,品目別府県移入1-1c
697,品目別府県移入1-2a
698,品目別府県移入1-2b
699,品目別府県移入1-2c
700,品目別府県移入2-1a
701,品目別府県移入2-1b
702,品目別府県移入2-1c
703,品目別府県移入2-2a
704,品目別府県移入2-2b
705,品目別府県移入2-2c
706,品目別府県移入3a
707,品目別府県移入3b
708,品目別府県移入3c
709,品目別府県移入3d
710,品目別府県移入4-1a
711,品目別府県移入4-1b
712,品目別府県移入4-1c
713,品目別府県移入4-2a
714,品目別府県移入4-2b
715,品目別府県移入4-2c
716,品目別府県移入5-1a
717,品目別府県移入5-1b
718,品目別府県移入5-1c
719,品目別府県移入5-1d
720,品目別府県移入5-2a
721,品目別府県移入5-2b
722,品目別府県移入5-2c
723,品目別府県移入5-2d
724,品目別府県移入5-3a
725,品目別府県移入5-3b
726,品目別府県移入5-3c
727,品目別府県移入5-3d
728,品目別道内移出-海運1-1a
729,品目別道内移出-海運1-1b
730,品目別道内移出-海運1-1c
731,品目別道内移出-海運1-1d
732,品目別道内移出-海運1-1e
733,品目別道内移出-海運1-2a
734,品目別道内移出-海運1-2b
735,品目別道内移出-海運1-2c
736,品目別道内移出-海運1-2d
737,品目別道内移出-海運1-2e
738,品目別道内移出-海運2-1a
739,品目別道内移出-海運2-1b
740,品目別道内移出-海運2-1c
741,品目別道内移出-海運2-2a
742,品目別道内移出-海運2-2b
743,品目別道内移出-海運2-2c
744,品目別道内移出-海運3-1a
745,品目別道内移出-海運3-1b
746,品目別道内移出-海運3-1c
747,品目別道内移出-海運3-1d
748,品目別道内移出-海運3-2a
749,品目別道内移出-海運3-2b
750,品目別道内移出-海運3-2c
751,品目別道内移出-海運3-2d
752,品目別道内移出-海運3-3a
753,品目別道内移出-海運3-3b
754,品目別道内移出-海運3-3c
755,品目別道内移出-海運3-3d
756,品目別道内移入-海運1-1a
757,品目別道内移入-海運1-1b
758,品目別道内移入-海運1-1c
759,品目別道内移入-海運1-1d
760,品目別道内移入-海運1-1e
761,品目別道内移入-海運1-2a
762,品目別道内移入-海運1-2b
763,品目別道内移入-海運1-2c
764,品目別道内移入-海運1-2d
765,品目別道内移入-海運1-2e
766,品目別道内移入-海運2-1a
767,品目別道内移入-海運2-1b
768,品目別道内移入-海運2-1c
769,品目別道内移入-海運2-2a
770,品目別道内移入-海運2-2b
771,品目別道内移入-海運2-2c
772,品目別道内移入-海運3-1a
773,品目別道内移入-海運3-1b
774,品目別道内移入-海運3-1c
775,品目別道内移入-海運3-1d
776,品目別道内移入-海運3-2a
777,品目別道内移入-海運3-2b
778,品目別道内移入-海運3-2c
779,品目別道内移入-海運3-2d
780,品目別道内移入-海運3-3a
781,品目別道内移入-海運3-3b
782,品目別道内移入-海運3-3c
783,品目別道内移入-海運3-3d
784,品目別道内移出-陸運1-1a
785,品目別道内移出-陸運1-1b
786,品目別道内移出-陸運1-1c
787,品目別道内移出-陸運1-1d
788,品目別道内移出-陸運1-2a
789,品目別道内移出-陸運1-2b
790,品目別道内移出-陸運1-2c
791,品目別道内移出-陸運1-2d
792,品目別道内移出-陸運2-1a
793,品目別道内移出-陸運2-1b
794,品目別道内移出-陸運2-1c
795,品目別道内移出-陸運2-1d
796,品目別道内移出-陸運2-2a
797,品目別道内移出-陸運2-2b
798,品目別道内移出-陸運2-2c
799,品目別道内移出-陸運2-2d
800,品目別道内移出-陸運2-3a
801,品目別道内移出-陸運2-3b
802,品目別道内移出-陸運2-3c
803,品目別道内移出-陸運2-3d
804,品目別道内移入-陸運1-1a
805,品目別道内移入-陸運1-1b
806,品目別道内移入-陸運1-1c
807,品目別道内移入-陸運1-1d
808,品目別道内移入-陸運1-2a
809,品目別道内移入-陸運1-2b
810,品目別道内移入-陸運1-2c
811,品目別道内移入-陸運1-2d
812,品目別道内移入-陸運2-1a
813,品目別道内移入-陸運2-1b
814,品目別道内移入-陸運2-1c
815,品目別道内移入-陸運2-1d
816,品目別道内移入-陸運2-2a
817,品目別道内移入-陸運2-2b
818,品目別道内移入-陸運2-2c
819,品目別道内移入-陸運2-2d
820,品目別道内移入-陸運2-3a
821,品目別道内移入-陸運2-3b
822,品目別道内移入-陸運2-3c
823,品目別道内移入-陸運2-3d
824,品種別海上移出1-1a
825,品種別海上移出1-1b
826,品種別海上移出1-2a
827,品種別海上移出1-2b
828,品種別海上移出2a
829,品種別海上移出2b
830,品種別海上移入1-1a
831,品種別海上移入1-1b
832,品種別海上移入1-2a
833,品種別海上移入1-2b
834,品種別海上移入2a
835,品種別海上移入2b
836,主要水産物品目別仕向地別移出-鮮魚a
837,主要水産物品目別仕向地別移出-鮮魚b
838,主要水産物品目別仕向地別移出-塩鮭a
839,主要水産物品目別仕向地別移出-塩鮭b
840,主要水産物品目別仕向地別移出-塩鱒a
841,主要水産物品目別仕向地別移出-塩鱒b
842,主要水産物品目別仕向地別移出-塩鱈a
843,主要水産物品目別仕向地別移出-塩鱈b
844,主要水産物品目別仕向地別移出-筋子a
845,主要水産物品目別仕向地別移出-筋子b
846,主要水産物品目別仕向地別移出-塩魚類a
847,主要水産物品目別仕向地別移出-塩魚類b
848,主要水産物品目別仕向地別移出-身欠鰊-乾鰊a
849,主要水産物品目別仕向地別移出-身欠鰊-乾鰊b
850,主要水産物品目別仕向地別移出-鰊鯑a
851,主要水産物品目別仕向地別移出-鰊鯑b
852,主要水産物品目別仕向地別移出-千鱈a
853,主要水産物品目別仕向地別移出-千鱈b
854,主要水産物品目別仕向地別移出-千鯣a
855,主要水産物品目別仕向地別移出-千鯣b
856,主要水産物品目別仕向地別移出-貝柱a
857,主要水産物品目別仕向地別移出-貝柱b
858,主要水産物品目別仕向地別移出-千魚類a
859,主要水産物品目別仕向地別移出-千魚類b
860,主要水産物品目別仕向地別移出-長切昆布a
861,主要水産物品目別仕向地別移出-長切昆布b
862,主要水産物品目別仕向地別移出-元揃昆布a
863,主要水産物品目別仕向地別移出-元揃昆布b
864,主要水産物品目別仕向地別移出-折昆布a
865,主要水産物品目別仕向地別移出-折昆布b
866,主要水産物品目別仕向地別移出-雑昆布a
867,主要水産物品目別仕向地別移出-雑昆布b
868,主要水産物品目別仕向地別移出-鰊粕a
869,主要水産物品目別仕向地別移出-鰊粕b
870,主要水産物品目別仕向地別移出-鰮粕a
871,主要水産物品目別仕向地別移出-鰮粕b
872,主要水産物品目別仕向地別移出-魚油a
873,主要水産物品目別仕向地別移出-魚油b
874,函館港普通貿易-品目別輸出1-1a
875,函館港普通貿易-品目別輸出1-1b
876,函館港普通貿易-品目別輸出1-1c
877,函館港普通貿易-品目別輸出1-1d
878,函館港普通貿易-品目別輸出1-2a
879,函館港普通貿易-品目別輸出1-2b
880,函館港普通貿易-品目別輸出1-2c
881,函館港普通貿易-品目別輸出1-2d
882,函館港普通貿易-品目別輸出2-1a
883,函館港普通貿易-品目別輸出2-1b
884,函館港普通貿易-品目別輸出2-1c
885,函館港普通貿易-品目別輸出2-1d
886,函館港普通貿易-品目別輸出2-2a
887,函館港普通貿易-品目別輸出2-2b
888,函館港普通貿易-品目別輸出2-2c
889,函館港普通貿易-品目別輸出2-2d
890,函館港普通貿易-品目別輸出3-1a
891,函館港普通貿易-品目別輸出3-1b
892,函館港普通貿易-品目別輸出3-1c
893,函館港普通貿易-品目別輸出3-1d
894,函館港普通貿易-品目別輸出3-1e
895,函館港普通貿易-品目別輸出3-1f
896,函館港普通貿易-品目別輸出3-1g
897,函館港普通貿易-品目別輸出3-1h
898,函館港普通貿易-品目別輸出3-2a
899,函館港普通貿易-品目別輸出3-2b
900,函館港普通貿易-品目別輸出3-2c
901,函館港普通貿易-品目別輸出3-2d
902,函館港普通貿易-品目別輸出3-2e
903,函館港普通貿易-品目別輸出3-2f
904,函館港普通貿易-品目別輸出3-2g
905,函館港普通貿易-品目別輸出3-2h
906,函館港普通貿易-品目別輸出4-1a
907,函館港普通貿易-品目別輸出4-1b
908,函館港普通貿易-品目別輸出4-2a
909,函館港普通貿易-品目別輸出4-2b
910,函館港普通貿易-品目別輸出4-3a
911,函館港普通貿易-品目別輸出4-3b
912,函館港普通貿易-品目別輸出4-4a
913,函館港普通貿易-品目別輸出4-4b
914,函館港普通貿易-品目別輸出5-1a
915,函館港普通貿易-品目別輸出5-1b
916,函館港普通貿易-品目別輸出5-2a
917,函館港普通貿易-品目別輸出5-2b
918,函館港普通貿易-品目別輸出5-3a
919,函館港普通貿易-品目別輸出5-3b
920,函館港普通貿易-品目別輸出6a
921,函館港普通貿易-品目別輸出6b
922,函館港品目別輸出1a
923,函館港品目別輸出1b
924,函館港品目別輸出2a
925,函館港品目別輸出2b
926,函館港品目別輸出2c
927,函館港品目別輸出2d
928,函館港品目別輸出3a
929,函館港品目別輸出3b
930,函館港品目別輸出3c
931,函館港品目別輸出3d
932,函館港品目別輸出3e
933,函館港品目別輸出3f
934,函館港普通貿易-品目別輸入1a
935,函館港普通貿易-品目別輸入1b
936,函館港普通貿易-品目別輸入2-1a
937,函館港普通貿易-品目別輸入2-1b
938,函館港普通貿易-品目別輸入2-2a
939,函館港普通貿易-品目別輸入2-2b
940,函館港普通貿易-品目別輸入3-1a
941,函館港普通貿易-品目別輸入3-1b
942,函館港普通貿易-品目別輸入3-1c
943,函館港普通貿易-品目別輸入3-1d
944,函館港普通貿易-品目別輸入3-2a
945,函館港普通貿易-品目別輸入3-2b
946,函館港普通貿易-品目別輸入3-2c
947,函館港普通貿易-品目別輸入3-2d
948,函館港普通貿易-品目別輸入3-3a
949,函館港普通貿易-品目別輸入3-3b
950,函館港普通貿易-品目別輸入3-3c
951,函館港普通貿易-品目別輸入3-3d
952,函館港普通貿易-品目別輸入4a
953,函館港普通貿易-品目別輸入4b
954,函館港普通貿易-品目別輸入4c
955,函館港普通貿易-品目別輸入4d
956,函館港普通貿易-品目別輸入4e
957,函館港普通貿易-品目別輸入4f
958,函館港普通貿易-品目別輸入5-1a
959,函館港普通貿易-品目別輸入5-1b
960,函館港普通貿易-品目別輸入5-2a
961,函館港普通貿易-品目別輸入5-2b
962,函館港普通貿易-品目別輸入5-3a
963,函館港普通貿易-品目別輸入5-3b
964,函館港普通貿易-品目別輸入6-1a
965,函館港普通貿易-品目別輸入6-1b
966,函館港普通貿易-品目別輸入6-2a
967,函館港普通貿易-品目別輸入6-2b
968,函館港普通貿易-品目別輸入7a
969,函館港普通貿易-品目別輸入7b
970,函館港品目別輸入1a
971,函館港品目別輸入1b
972,函館港品目別輸入2a
973,函館港品目別輸入2b
974,函館港品目別輸入2c
975,函館港品目別輸入2d
976,函館港品目別輸入3a
977,函館港品目別輸入3b
978,函館港品目別輸入3c
979,函館港品目別輸入3d
980,函館港品目別輸入4a
981,函館港品目別輸入4b
982,函館港漁業貿易-品目別輸出1a
983,函館港漁業貿易-品目別輸出1b
984,函館港漁業貿易-品目別輸出2a
984,函館港漁業貿易-品目別輸出2c
985,函館港漁業貿易-品目別輸出2b
985,函館港漁業貿易-品目別輸出2d
986,函館港漁業貿易-品目別輸出3-1a
987,函館港漁業貿易-品目別輸出3-1b
988,函館港漁業貿易-品目別輸出3-2a
989,函館港漁業貿易-品目別輸出3-2b
990,函館港漁業貿易-品目別輸出3-3a
991,函館港漁業貿易-品目別輸出3-3b
992,函館港漁業貿易-品目別輸出4-1a
993,函館港漁業貿易-品目別輸出4-1b
994,函館港漁業貿易-品目別輸出4-2a
995,函館港漁業貿易-品目別輸出4-2b
996,函館港漁業貿易-品目別輸出4-3a
997,函館港漁業貿易-品目別輸出4-3b
998,函館港漁業貿易-品目別輸入1a
998,函館港漁業貿易-品目別輸入1c
998,函館港漁業貿易-品目別輸入1e
999,函館港漁業貿易-品目別輸入1b
999,函館港漁業貿易-品目別輸入1d
999,函館港漁業貿易-品目別輸入1f
1000,函館港漁業貿易-品目別輸入2-1a
1001,函館港漁業貿易-品目別輸入2-1b
1002,函館港漁業貿易-品目別輸入2-2a
1003,函館港漁業貿易-品目別輸入2-2b
1004,函館港漁業貿易-品目別輸入3a
1005,函館港漁業貿易-品目別輸入3b
1006,函館港国別輸出1a
1006,函館港国別輸出1c
1007,函館港国別輸出1b
1007,函館港国別輸出1d
1008,函館港国別輸出1e
1008,函館港国別輸出1g
1009,函館港国別輸出1f
1009,函館港国別輸出1h
1010,函館港国別輸出2a
1011,函館港国別輸出2b
1012,函館港国別輸出3
1013,函館港国別輸出4
1014,函館港国別輸入1a
1014,函館港国別輸入1c
1015,函館港国別輸入1b
1015,函館港国別輸入1d
1016,函館港国別輸入1e
1016,函館港国別輸入1g
1017,函館港国別輸入1f
1018,函館港国別輸入2a
1019,函館港国別輸入2b
1020,函館港国別輸入3
1021,函館港国別輸入4
1022,明治16年卸売物価
1023,卸売物価1
1024,卸売物価2-1a
1025,卸売物価2-1b
1026,卸売物価2-2a
1027,卸売物価2-2b
1028,卸売物価2-3a
1029,卸売物価2-3b
1030,卸売物価3-1a
1031,卸売物価3-1b
1032,卸売物価3-2a
1033,卸売物価3-2b
1034,卸売物価3-3a
1035,卸売物価3-3b
1036,卸売物価3-4a
1037,卸売物価3-4b
1038,卸売物価3-5a
1039,卸売物価3-5b
1040,卸売物価3-6a
1041,卸売物価3-6b
1042,卸売物価3-7a
1043,卸売物価3-7b
1044,卸売物価3-8a
1045,卸売物価3-8b
1046,卸売物価3-9a
1047,卸売物価3-9b
1048,卸売物価4-1a
1049,卸売物価4-1b
1050,卸売物価4-2a
1051,卸売物価4-2b
1052,卸売物価4-3a
1053,卸売物価4-3b
1054,卸売物価4-4a
1055,卸売物価4-4b
1056,卸売物価4-5a
1057,卸売物価4-5b
1058,卸売物価4-6a
1059,卸売物価4-6b
1060,卸売物価4-7a
1061,卸売物価4-7b
1062,卸売物価4-8a
1063,卸売物価4-8b
1064,卸売物価指数1-1a
1065,卸売物価指数1-1b
1066,卸売物価指数1-2a
1067,卸売物価指数1-2b
1068,小売物価a
1069,小売物価b
1070,主要品目小売価額1-1a
1071,主要品目小売価額1-1b
1072,主要品目小売価額1-2a
1073,主要品目小売価額1-2b
1074,小売物価指数a
1075,小売物価指数b
1076,業種別賃金表1a
1077,業種別賃金表1b
1078,業種別賃金表2-1a
1079,業種別賃金表2-1b
1080,業種別賃金表2-1c
1081,業種別賃金表2-1d
1082,業種別賃金表2-2a
1083,業種別賃金表2-2b
1084,業種別賃金表2-2
1085,業種別賃金表2-2
1088,民事訴訟件数1a
1088,民事訴訟件数2a
1089,民事訴訟件数1b
1089,民事訴訟件数2b
1090,刑事訴訟件数1a
1090,刑事訴訟件数2a
1090,刑事訴訟件数3a
1091,刑事訴訟件数1b
1091,刑事訴訟件数2b
1091,刑事訴訟件数3b
1092,刑事訴訟件数1c
1093,在監人員a
1094,在監人員b
1095,在監人員c
1096,警察署及び警察職員a
1097,警察署及び警察職員b
1098,貸座敷数-芸娼妓数1
1099,貸座敷数-芸娼妓数2
1100,芸娼妓年齢別構成表a
1101,芸娼妓年齢別構成表b
1102,火災件数1
1103,火災件数2
1104,消防組織(戦前1)a
1104,消防組織(戦前2)a
1105,消防組織(戦前2)b
1106,消防組織(戦後)a
1107,消防組織(戦後)b
1108,大火小史a
1109,大火小史b
1110,医療施設数及び医療従事者数(戦前)
1111,医療施設数及び医療従事者数(戦後)
1112,法定伝染病患者数及び死亡者数a
1113,法定伝染病患者数及び死亡者数b
1114,法定伝染病患者数及び死亡者数c
1115,法定伝染病患者数及び死亡者数d
1116,種痘人員1
1117,種痘人員2a
1118,痘そうの定期予防接種
1118,種痘人員2b
1119,死因別死亡者数1a
1119,死因別死亡者数1b
1120,死因別死亡者数2-1a
1121,死因別死亡者数2-1b
1122,死因別死亡者数2-1c
1123,死因別死亡者数2-2a
1123,死因別死亡者数3a
1124,死因別死亡者数2-2b
1124,死因別死亡者数3b
1125,死因別死亡者数2-2c
1125,死因別死亡者数3c
1126,年齢別死亡者数1
1126,年齢別死亡者数3a
1127,年齢別死亡者数2a
1127,年齢別死亡者数3b
1128,年齢別死亡者数2b
1128,年齢別死亡者数3c
1130,給水状況(戦前1)
1130,給水状況(戦前2)
1131,給水状況(戦後)
1132,電灯-電力需要状況a
1133,電灯-電力需要状況b
1134,ガス供給状況a
1135,ガス供給状況b
1136,学齢児童数-就学児童数-就学率a
1137,学齢児童数-就学児童数-就学率b
1138,幼稚園総覧1a
1138,幼稚園総覧2
1139,幼稚園総覧1b
1140,小学校総覧1a
1141,小学校総覧1b
1142,小学校総覧1c
1143,小学校総覧1d
1144,小学校総覧2
1145,各小学校別教員数-児童数1(公立)-内澗学校
1145,各小学校別教員数-児童数1(公立)-函館女子小学校
1145,各小学校別教員数-児童数1(公立)-常磐学校
1145,各小学校別教員数-児童数1(公立)-松蔭学校
1145,各小学校別教員数-児童数1(公立)-第一公立女学校
1145,各小学校別教員数-児童数1(公立)-附属小学校
1146,各小学校別教員数-児童数1(公立)-住吉尋常小学校-宝尋常高等小学校-東川尋常小学校a
1147,各小学校別教員数-児童数1(公立)-住吉尋常小学校-宝尋常高等小学校-東川尋常小学校b
1148,各小学校別教員数-児童数1(公立)-弥生国民学校-弥生高等小学校-弥生女子尋常小学校a
1149,各小学校別教員数-児童数1(公立)-弥生国民学校-弥生高等小学校-弥生女子尋常小学校b
1150,各小学校別教員数-児童数1(公立)-高砂尋常小学校-幸国民学校-函館女子尋常高等小学校a
1151,各小学校別教員数-児童数1(公立)-高砂尋常小学校-幸国民学校-函館女子尋常高等小学校b
1152,各小学校別教員数-児童数1(公立)-亀田尋常高等小学校-附属国民学校-若松国民学校a
1153,各小学校別教員数-児童数1(公立)-亀田尋常高等小学校-附属国民学校-若松国民学校b
1154,各小学校別教員数-児童数1(公立)-新川国民学校-第二東川尋常小学校
1155,各小学校別教員数-児童数1(公立)-松風国民学校-巴国民学校-常磐国民学校
1156,各小学校別教員数-児童数1(公立)-中島国民学校-高盛国民学校-青柳国民学校
1156,各小学校別教員数-児童数1(公立)-谷地頭国民学校-万年橋国民学校-大森尋常高等学校
1158,各小学校別教員数-児童数1(公立)-湯川国民学校-亀尾国民学校-寅沢国民学校
1158,各小学校別教員数-児童数1(公立)-的場国民学校-大森国民学校-東川国民学校
1159,各小学校別教員数-児童数1(公立)-蛾眉野国民学校-鱒川国民学校-八幡国民学校
1160,各小学校別教員数-児童数1(私立)-愛陶舎
1160,各小学校別教員数-児童数1(私立)-森学校
1160,各小学校別教員数-児童数1(私立)-沢学校
1160,各小学校別教員数-児童数1(私立)-浅井学校
1160,各小学校別教員数-児童数1(私立)-淳風学校
1160,各小学校別教員数-児童数1(私立)-藤村学校
1160,各小学校別教員数-児童数1(私立)-辻学校
1161,各小学校別教員数-児童数1(私立)-大森尋常小学校
1161,各小学校別教員数-児童数1(私立)-山内小学校
1161,各小学校別教員数-児童数1(私立)-濱野学校
1161,各小学校別教員数-児童数1(私立)-豊川学校
1162,各小学校別教員数-児童数1(私立)-鶴岡尋常小学校-若山尋常小学校-一貫尋常小学校a
1163,各小学校別教員数-児童数1(私立)-鶴岡尋常小学校-若山尋常小学校-一貫尋常小学校b
1164,各小学校別教員数-児童数1(私立)-古川尋常小学校-堀川尋常高等小学校-六和女学校-大谷女子小学校
1165,各小学校別教員数-児童数1(私立)-元町女子尋常高等小学校-吉祥尋常小学校-恵似尋常小学校
1166,各小学校別教員数-児童数2(市立)-弥生小学校-東川小学校-青柳小学校
1167,各小学校別教員数-児童数2(市立)-常磐小学校-幸小学校-大森小学校
1168,各小学校別教員数-児童数2(市立)-新川小学校-松風小学校-若松小学校
1169,各小学校別教員数-児童数2(市立)-巴小学校-高盛小学校-千代ヶ岱小校
1170,各小学校別教員数-児童数2(市立)-中島小学校-柏野小学校-万年橋小学校
1171,各小学校別教員数-児童数2(市立)-八幡小学校-湯川小学校-亀尾小学
1172,各小学校別教員数-児童数2(市立)-鱒川小学校-蛾眉野小学校-港小学校
1173,各小学校別教員数-児童数2(市立)-千代田小学校-駒場小学校-谷地頭小学校
1174,各小学校別教員数-児童数2(市立)-金堀小学校-日吉が丘小学校-石崎小学校
1175,各小学校別教員数-児童数2(市立)-宇賀小学校-銭亀沢小学校-上湯川小学校
1175,各小学校別教員数-児童数2(市立)-西小学校-深堀小学校-東小学校
1176,各小学校別教員数-児童数2(市立)-亀田小学校-桔梗小学校-赤川小学校
1176,各小学校別教員数-児童数2(市立)-鍛神小学校-鍛神小学校東山分校-昭和小学校
1177,各小学校別教員数-児童数2(市立)-中の沢小学校-本通小学校-中央小学校
1177,各小学校別教員数-児童数2(市立)-北日吉小学校-高丘小学校-北昭和小学校
1178,各小学校別教員数-児童数2(国立-私立)-北海道師範大学附属函館小学校-函館三育小学校a
1178,各小学校別教員数-児童数2(市立)-北美原小学校
1178,各小学校別教員数-児童数2(市立)-東山小学校-中部小学校-旭岡小学校
1179,各小学校別教員数-児童数2(国立-私立)-北海道師範大学附属函館小学校-函館三育小学校b
1180,中学校-函館中学校a
1180,中学校-函館市立中学校
1180,中学校-函館高等女子学校a
1181,中学校-函館中学校b
1181,中学校-函館高等女子学校b
1182,実業学校-函館商業学校a
1182,実業学校-函館商船学校a
1183,実業学校-函館商業学校b
1183,実業学校-函館商船学校b
1184,実業学校-函館工業学校
1185,実業補習学校-函館商業補習学校-夜間
1185,実業補習学校-函館女子商業学校-夜間
1185,実業補習学校-函館工業補習学校-夜間
1185,実業補習学校-弥生商工補習学校-夜間
1185,実業補習学校-高砂女子実業補習学校-夜間
1186,実業補習学校-函館商工実習学校-夜間
1186,青年学校-統計表
1187,高等水産学校-師範学校-函館師範学校
1187,高等水産学校-師範学校-函館高等水産学校
1187,高等水産学校-師範学校-北海道函館師範学校
1188,私立各種学校(戦前)-遺愛女学校-聖保禄女学校-聖保禄高等女学校a
1189,私立各種学校(戦前)-遺愛女学校-聖保禄女学校-聖保禄高等女学校b
1190,私立各種学校(戦前)-函館盲啞院-大谷高等女学校-吉祥女学校a
1190,私立各種学校(戦前)-正教学校-靖和学校-函館土人学校
1191,私立各種学校(戦前)-函館盲啞院-大谷高等女学校-吉祥女学校b
1192,私立各種学校(戦前)-実践女学校-実践高等女学校
1193,私立各種学校(戦前)-大妻女子高等技芸学校-昭和女子高等技芸学校-函館経理学校
1194,中学校総覧
1195,高校総覧
1196,大学-函館大学
1196,大学-北海道大学水産学部
1196,大学-北海道教育大学函館分校
1197,短期大学-高等専門学校-函館工業高等専門大学
1197,短期大学-高等専門学校-函館短期大学-函館大谷短期大学
1198,盲-聾-養護学校-函館盲学校-函館聾学校a
1199,盲-聾-養護学校-函館盲学校-函館聾学校b
1199,盲-聾-養護学校-函館盲学校-北海道教育大学教育学部附属養護学校(精神薄弱)
1200,兵員数及び徴兵人員数a
1201,兵員数及び徴兵人員数b