domain_id,page_id,table_id,page_number
DMN-01,PAG-0001,,
DMN-01,PAG-0002,,
DMN-01,PAG-0003,,
DMN-01,PAG-0004,,
DMN-01,PAG-0005,,
DMN-01,PAG-0006,,
DMN-01,PAG-0007,,
DMN-01,PAG-0008,,
DMN-01,PAG-0009,,
DMN-01,PAG-0010,,
DMN-01,PAG-0011,,i
DMN-01,PAG-0012,,ii
DMN-01,PAG-0013,,iii
DMN-01,PAG-0014,,iv
DMN-01,PAG-0015,,v
DMN-01,PAG-0016,,vi
DMN-01,PAG-0017,,vii
DMN-01,PAG-0018,,viii
DMN-02,PAG-0019,,1
DMN-02,PAG-0020,,2
DMN-02,PAG-0021,,3
DMN-02,PAG-0022,,4
DMN-02,PAG-0023,,5
DMN-02,PAG-0024,,6
DMN-02,PAG-0025,,7
DMN-02,PAG-0026,,8
DMN-02,PAG-0027,,9
DMN-02,PAG-0028,,10
DMN-02,PAG-0029,,11
DMN-02,PAG-0030,,12
DMN-02,PAG-0031,,13
DMN-02,PAG-0032,,14
DMN-02,PAG-0033,,15
DMN-02,PAG-0034,,16
DMN-02,PAG-0035,,17
DMN-02,PAG-0036,,18
DMN-02,PAG-0037,,19
DMN-02,PAG-0038,,20
DMN-02,PAG-0039,,21
DMN-02,PAG-0040,,22
DMN-02,PAG-0041,,23
DMN-02,PAG-0042,,24
DMN-02,PAG-0043,,25
DMN-02,PAG-0044,,26
DMN-02,PAG-0045,,27
DMN-02,PAG-0046,,28
DMN-02,PAG-0047,,29
DMN-02,PAG-0048,,30
DMN-02,PAG-0049,,31
DMN-02,PAG-0050,,32
DMN-02,PAG-0051,,33
DMN-02,PAG-0052,,34
DMN-02,PAG-0053,,35
DMN-02,PAG-0054,,36
DMN-02,PAG-0055,,37
DMN-02,PAG-0056,,38
DMN-02,PAG-0057,,39
DMN-02,PAG-0058,,40
DMN-02,PAG-0059,,41
DMN-02,PAG-0060,,42
DMN-02,PAG-0061,,43
DMN-02,PAG-0062,,44
DMN-02,PAG-0063,,45
DMN-02,PAG-0064,,46
DMN-02,PAG-0065,,47
DMN-02,PAG-0066,,48
DMN-02,PAG-0067,,49
DMN-02,PAG-0068,,50
DMN-02,PAG-0069,,51
DMN-02,PAG-0070,,52
DMN-02,PAG-0071,,53
DMN-02,PAG-0072,,54
DMN-02,PAG-0073,,55
DMN-02,PAG-0074,,56
DMN-03,PAG-0075,,57
DMN-03,PAG-0076,TBL-0001,58
DMN-03,PAG-0077,TBL-0001,59
DMN-03,PAG-0078,TBL-0002,60
DMN-03,PAG-0079,TBL-0002,61
DMN-03,PAG-0080,TBL-0003,62
DMN-03,PAG-0081,TBL-0003,63
DMN-04,PAG-0082,TBL-0004,64
DMN-04,PAG-0083,TBL-0004,65
DMN-04,PAG-0084,TBL-0004,66
DMN-04,PAG-0085,TBL-0004,67
DMN-04,PAG-0086,TBL-0005,68
DMN-04,PAG-0087,TBL-0005,69
DMN-04,PAG-0088,TBL-0006,70
DMN-04,PAG-0088,TBL-0007,70
DMN-04,PAG-0089,TBL-0008,71
DMN-05,PAG-0090,TBL-0009,72
DMN-05,PAG-0091,TBL-0009,73
DMN-05,PAG-0092,TBL-0010,74
DMN-05,PAG-0093,TBL-0010,75
DMN-05,PAG-0094,TBL-0011,76
DMN-05,PAG-0095,TBL-0011,77
DMN-05,PAG-0096,TBL-0012,78
DMN-05,PAG-0097,TBL-0012,79
DMN-05,PAG-0098,TBL-0013,80
DMN-05,PAG-0099,TBL-0013,81
DMN-05,PAG-0100,TBL-0014,82
DMN-05,PAG-0101,TBL-0014,83
DMN-05,PAG-0102,TBL-0015,84
DMN-05,PAG-0103,TBL-0015,85
DMN-05,PAG-0104,TBL-0015,86
DMN-05,PAG-0105,TBL-0015,87
DMN-05,PAG-0106,TBL-0016,88
DMN-05,PAG-0107,TBL-0016,89
DMN-05,PAG-0108,TBL-0017,90
DMN-05,PAG-0109,TBL-0017,91
DMN-05,PAG-0110,TBL-0018,92
DMN-05,PAG-0111,TBL-0018,93
DMN-05,PAG-0112,TBL-0019,94
DMN-05,PAG-0113,TBL-0019,95
DMN-05,PAG-0114,TBL-0020,96
DMN-05,PAG-0115,TBL-0020,97
DMN-05,PAG-0116,TBL-0021,98
DMN-05,PAG-0117,TBL-0021,99
DMN-05,PAG-0118,TBL-0022,100
DMN-05,PAG-0119,TBL-0022,101
DMN-05,PAG-0120,TBL-0023,102
DMN-05,PAG-0121,TBL-0023,103
DMN-05,PAG-0122,TBL-0024,104
DMN-05,PAG-0123,TBL-0024,105
DMN-05,PAG-0124,TBL-0025,106
DMN-05,PAG-0125,TBL-0026,107
DMN-06,PAG-0126,TBL-0027,108
DMN-06,PAG-0127,TBL-0027,109
DMN-06,PAG-0128,TBL-0028,110
DMN-06,PAG-0129,TBL-0028,111
DMN-06,PAG-0130,TBL-0029,112
DMN-06,PAG-0131,TBL-0029,113
DMN-06,PAG-0132,TBL-0029,114
DMN-06,PAG-0133,TBL-0029,115
DMN-06,PAG-0134,TBL-0029,116
DMN-06,PAG-0135,TBL-0030,117
DMN-06,PAG-0136,TBL-0030,118
DMN-06,PAG-0137,TBL-0030,119
DMN-06,PAG-0138,TBL-0030,120
DMN-06,PAG-0139,TBL-0030,121
DMN-06,PAG-0140,TBL-0031,122
DMN-06,PAG-0141,TBL-0031,123
DMN-06,PAG-0142,TBL-0031,124
DMN-06,PAG-0143,TBL-0031,125
DMN-06,PAG-0144,TBL-0032,126
DMN-06,PAG-0145,TBL-0032,127
DMN-06,PAG-0146,TBL-0032,128
DMN-06,PAG-0147,TBL-0032,129
DMN-06,PAG-0148,TBL-0033,130
DMN-06,PAG-0149,TBL-0033,131
DMN-06,PAG-0150,TBL-0033,132
DMN-06,PAG-0151,TBL-0033,133
DMN-06,PAG-0152,TBL-0034,134
DMN-06,PAG-0153,TBL-0034,135
DMN-06,PAG-0154,TBL-0034,136
DMN-06,PAG-0155,TBL-0034,137
DMN-06,PAG-0156,TBL-0035,138
DMN-06,PAG-0157,TBL-0035,139
DMN-06,PAG-0158,TBL-0035,140
DMN-06,PAG-0159,TBL-0035,141
DMN-06,PAG-0160,TBL-0036,142
DMN-06,PAG-0161,TBL-0036,143
DMN-06,PAG-0162,TBL-0036,144
DMN-06,PAG-0163,TBL-0036,145
DMN-06,PAG-0164,TBL-0037,146
DMN-06,PAG-0165,TBL-0037,147
DMN-06,PAG-0166,TBL-0038,148
DMN-06,PAG-0167,TBL-0038,149
DMN-06,PAG-0168,TBL-0039,150
DMN-06,PAG-0169,TBL-0039,151
DMN-06,PAG-0170,TBL-0040,152
DMN-06,PAG-0171,TBL-0040,153
DMN-06,PAG-0172,TBL-0040,154
DMN-06,PAG-0173,TBL-0041,155
DMN-06,PAG-0174,TBL-0041,156
DMN-06,PAG-0175,TBL-0041,157
DMN-06,PAG-0176,TBL-0042,158
DMN-06,PAG-0177,TBL-0042,159
DMN-06,PAG-0178,TBL-0042,160
DMN-06,PAG-0179,TBL-0043,161
DMN-06,PAG-0180,TBL-0043,162
DMN-06,PAG-0181,TBL-0043,163
DMN-06,PAG-0182,TBL-0044,164
DMN-06,PAG-0183,TBL-0044,165
DMN-06,PAG-0184,TBL-0044,166
DMN-06,PAG-0185,TBL-0045,167
DMN-06,PAG-0186,TBL-0045,168
DMN-06,PAG-0187,TBL-0045,169
DMN-06,PAG-0188,TBL-0046,170
DMN-06,PAG-0189,TBL-0046,171
DMN-06,PAG-0190,TBL-0046,172
DMN-06,PAG-0191,TBL-0047,173
DMN-06,PAG-0192,TBL-0047,174
DMN-06,PAG-0193,TBL-0047,175
DMN-06,PAG-0194,TBL-0048,176
DMN-06,PAG-0195,TBL-0048,177
DMN-06,PAG-0196,TBL-0048,178
DMN-06,PAG-0197,TBL-0049,179
DMN-06,PAG-0198,TBL-0049,180
DMN-06,PAG-0199,TBL-0049,181
DMN-06,PAG-0200,TBL-0050,182
DMN-06,PAG-0201,TBL-0050,183
DMN-06,PAG-0202,TBL-0050,184
DMN-06,PAG-0203,TBL-0051,185
DMN-06,PAG-0204,TBL-0051,186
DMN-06,PAG-0205,TBL-0051,187
DMN-06,PAG-0206,TBL-0052,188
DMN-06,PAG-0207,TBL-0052,189
DMN-06,PAG-0208,TBL-0052,190
DMN-06,PAG-0209,TBL-0053,191
DMN-06,PAG-0210,TBL-0053,192
DMN-06,PAG-0211,TBL-0053,193
DMN-06,PAG-0212,TBL-0054,194
DMN-06,PAG-0213,TBL-0054,195
DMN-06,PAG-0214,TBL-0055,196
DMN-06,PAG-0215,TBL-0055,197
DMN-06,PAG-0216,TBL-0056,198
DMN-06,PAG-0217,TBL-0056,199
DMN-06,PAG-0218,TBL-0057,200
DMN-06,PAG-0219,TBL-0057,201
DMN-06,PAG-0220,TBL-0058,202
DMN-06,PAG-0221,TBL-0058,203
DMN-06,PAG-0222,TBL-0059,204
DMN-06,PAG-0223,TBL-0059,205
DMN-06,PAG-0224,TBL-0060,206
DMN-06,PAG-0225,TBL-0060,207
DMN-06,PAG-0226,TBL-0061,208
DMN-06,PAG-0227,TBL-0061,209
DMN-06,PAG-0228,TBL-0061,210
DMN-06,PAG-0229,TBL-0062,211
DMN-06,PAG-0230,TBL-0062,212
DMN-06,PAG-0231,TBL-0062,213
DMN-06,PAG-0232,TBL-0063,214
DMN-06,PAG-0233,TBL-0063,215
DMN-06,PAG-0234,TBL-0063,216
DMN-06,PAG-0235,TBL-0064,217
DMN-06,PAG-0236,TBL-0064,218
DMN-06,PAG-0237,TBL-0064,219
DMN-06,PAG-0238,TBL-0065,220
DMN-06,PAG-0239,TBL-0065,221
DMN-06,PAG-0240,TBL-0065,222
DMN-06,PAG-0241,TBL-0066,223
DMN-06,PAG-0242,TBL-0066,224
DMN-06,PAG-0243,TBL-0066,225
DMN-06,PAG-0244,TBL-0067,226
DMN-06,PAG-0245,TBL-0067,227
DMN-06,PAG-0246,TBL-0067,228
DMN-06,PAG-0247,TBL-0068,229
DMN-06,PAG-0248,TBL-0068,230
DMN-06,PAG-0249,TBL-0068,231
DMN-06,PAG-0250,TBL-0069,232
DMN-06,PAG-0251,TBL-0069,233
DMN-06,PAG-0252,TBL-0069,234
DMN-06,PAG-0253,TBL-0070,235
DMN-06,PAG-0254,TBL-0070,236
DMN-06,PAG-0255,TBL-0070,237
DMN-06,PAG-0256,TBL-0071-01,238
DMN-06,PAG-0256,TBL-0071-02,238
DMN-06,PAG-0256,TBL-0071-03,238
DMN-06,PAG-0256,TBL-0071-04,238
DMN-06,PAG-0256,TBL-0071-05,238
DMN-06,PAG-0256,TBL-0071-06,238
DMN-06,PAG-0256,TBL-0071-07,238
DMN-06,PAG-0256,TBL-0071-08,238
DMN-06,PAG-0257,TBL-0071-09,239
DMN-06,PAG-0257,TBL-0071-10,239
DMN-06,PAG-0257,TBL-0071-11,239
DMN-06,PAG-0257,TBL-0071-12,239
DMN-06,PAG-0258,TBL-0072,240
DMN-06,PAG-0258,TBL-0073,240
DMN-06,PAG-0259,TBL-0072,241
DMN-06,PAG-0259,TBL-0073,241
DMN-06,PAG-0260,TBL-0074,242
DMN-06,PAG-0260,TBL-0075,242
DMN-06,PAG-0261,TBL-0074,243
DMN-06,PAG-0261,TBL-0075,243
DMN-06,PAG-0262,TBL-0076,244
DMN-06,PAG-0263,TBL-0076,245
DMN-06,PAG-0264,TBL-0077,246
DMN-06,PAG-0265,TBL-0077,247
DMN-06,PAG-0266,TBL-0077,248
DMN-06,PAG-0267,TBL-0078,249
DMN-06,PAG-0268,TBL-0079,250
DMN-06,PAG-0269,TBL-0079,251
DMN-06,PAG-0270,TBL-0080,252
DMN-06,PAG-0270,TBL-0081,252
DMN-06,PAG-0270,TBL-0082,252
DMN-06,PAG-0270,TBL-0083,252
DMN-06,PAG-0270,TBL-0084,252
DMN-06,PAG-0271,TBL-0085,253
DMN-06,PAG-0271,TBL-0086,253
DMN-06,PAG-0271,TBL-0087,253
DMN-06,PAG-0272,TBL-0088,254
DMN-06,PAG-0272,TBL-0089,254
DMN-06,PAG-0272,TBL-0090,254
DMN-06,PAG-0273,TBL-0088,255
DMN-06,PAG-0273,TBL-0089,255
DMN-06,PAG-0273,TBL-0090,255
DMN-06,PAG-0274,TBL-0091,256
DMN-06,PAG-0275,TBL-0091,257
DMN-06,PAG-0276,TBL-0091,258
DMN-06,PAG-0277,TBL-0091,259
DMN-06,PAG-0278,TBL-0092,260
DMN-06,PAG-0279,TBL-0093,261
DMN-06,PAG-0279,TBL-0094,261
DMN-06,PAG-0280,TBL-0095,262
DMN-06,PAG-0281,TBL-0095,263
DMN-06,PAG-0282,TBL-0096,264
DMN-06,PAG-0282,TBL-0097,264
DMN-06,PAG-0282,TBL-0098,264
DMN-06,PAG-0283,TBL-0096,265
DMN-06,PAG-0283,TBL-0097,265
DMN-06,PAG-0283,TBL-0098,265
DMN-06,PAG-0284,TBL-0096,266
DMN-06,PAG-0284,TBL-0097,266
DMN-06,PAG-0285,TBL-0096,267
DMN-06,PAG-0285,TBL-0097,267
DMN-06,PAG-0286,TBL-0099,268
DMN-06,PAG-0286,TBL-0100,268
DMN-06,PAG-0287,TBL-0099,269
DMN-06,PAG-0287,TBL-0100,269
DMN-06,PAG-0288,TBL-0099,270
DMN-06,PAG-0288,TBL-0100,270
DMN-06,PAG-0288,TBL-0101,270
DMN-06,PAG-0289,TBL-0102,271
DMN-06,PAG-0290,TBL-0102,272
DMN-06,PAG-0291,TBL-0102,273
DMN-06,PAG-0292,TBL-0103,274
DMN-06,PAG-0292,TBL-0104,274
DMN-06,PAG-0293,TBL-0105,275
DMN-06,PAG-0294,TBL-0106,276
DMN-06,PAG-0294,TBL-0107,276
DMN-06,PAG-0295,TBL-0106,277
DMN-06,PAG-0295,TBL-0107,277
DMN-06,PAG-0296,TBL-0108,278
DMN-06,PAG-0297,TBL-0108,279
DMN-06,PAG-0298,TBL-0108,280
DMN-06,PAG-0299,TBL-0108,281
DMN-06,PAG-0300,TBL-0108,282
DMN-06,PAG-0301,TBL-0108,283
DMN-06,PAG-0302,TBL-0109,284
DMN-06,PAG-0303,TBL-0109,285
DMN-06,PAG-0304,TBL-0109,286
DMN-06,PAG-0305,TBL-0110,287
DMN-06,PAG-0306,TBL-0110,288
DMN-06,PAG-0307,TBL-0110,289
DMN-06,PAG-0308,TBL-0111,290
DMN-06,PAG-0309,TBL-0111,291
DMN-06,PAG-0310,TBL-0112,292
DMN-06,PAG-0310,TBL-0113,292
DMN-06,PAG-0311,TBL-0112,293
DMN-06,PAG-0311,TBL-0113,293
DMN-06,PAG-0312,TBL-0112,294
DMN-06,PAG-0312,TBL-0113,294
DMN-06,PAG-0313,TBL-0114,295
DMN-06,PAG-0314,TBL-0115,296
DMN-06,PAG-0315,TBL-0115,297
DMN-06,PAG-0316,TBL-0116,298
DMN-06,PAG-0317,TBL-0116,299
DMN-06,PAG-0318,TBL-0117,300
DMN-06,PAG-0319,TBL-0117,301
DMN-06,PAG-0320,TBL-0117,302
DMN-06,PAG-0321,TBL-0118,303
DMN-06,PAG-0322,TBL-0118,304
DMN-06,PAG-0323,TBL-0118,305
DMN-06,PAG-0324,TBL-0119,306
DMN-06,PAG-0325,TBL-0119,307
DMN-06,PAG-0325,TBL-0120,307
DMN-06,PAG-0326,TBL-0121,308
DMN-06,PAG-0327,TBL-0121,309
DMN-06,PAG-0328,TBL-0121,310
DMN-06,PAG-0329,TBL-0122,311
DMN-06,PAG-0330,TBL-0122,312
DMN-06,PAG-0331,TBL-0122,313
DMN-06,PAG-0332,TBL-0123,314
DMN-06,PAG-0332,TBL-0124,314
DMN-06,PAG-0332,TBL-0125,314
DMN-06,PAG-0333,TBL-0123,315
DMN-06,PAG-0333,TBL-0124,315
DMN-06,PAG-0333,TBL-0126,315
DMN-06,PAG-0334,TBL-0127,316
DMN-06,PAG-0335,TBL-0127,317
DMN-06,PAG-0336,TBL-0127,318
DMN-06,PAG-0337,TBL-0127,319
DMN-06,PAG-0338,TBL-0127,320
DMN-06,PAG-0339,TBL-0128,321
DMN-06,PAG-0340,TBL-0128,322
DMN-06,PAG-0341,TBL-0128,323
DMN-06,PAG-0342,TBL-0128,324
DMN-06,PAG-0343,TBL-0128,325
DMN-06,PAG-0344,TBL-0129,326
DMN-06,PAG-0345,TBL-0129,327
DMN-06,PAG-0346,TBL-0130,328
DMN-06,PAG-0347,TBL-0130,329
DMN-06,PAG-0348,TBL-0131,330
DMN-06,PAG-0349,TBL-0131,331
DMN-06,PAG-0350,TBL-0131,332
DMN-06,PAG-0351,TBL-0131,333
DMN-06,PAG-0352,TBL-0131,334
DMN-06,PAG-0353,TBL-0132,335
DMN-06,PAG-0354,TBL-0132,336
DMN-06,PAG-0355,TBL-0132,337
DMN-06,PAG-0356,TBL-0132,338
DMN-06,PAG-0357,TBL-0132,339
DMN-06,PAG-0358,TBL-0133,340
DMN-06,PAG-0359,TBL-0133,341
DMN-06,PAG-0360,TBL-0133,342
DMN-06,PAG-0361,TBL-0134,343
DMN-06,PAG-0362,TBL-0134,344
DMN-06,PAG-0363,TBL-0134,345
DMN-06,PAG-0364,TBL-0135,346
DMN-06,PAG-0365,TBL-0135,347
DMN-06,PAG-0366,TBL-0135,348
DMN-06,PAG-0367,TBL-0136,349
DMN-06,PAG-0368,TBL-0137,350
DMN-06,PAG-0369,TBL-0137,351
DMN-06,PAG-0370,TBL-0138,352
DMN-06,PAG-0371,TBL-0138,353
DMN-06,PAG-0372,TBL-0138,354
DMN-06,PAG-0373,TBL-0139,355
DMN-06,PAG-0374,TBL-0140,356
DMN-06,PAG-0375,TBL-0140,357
DMN-06,PAG-0376,TBL-0141,358
DMN-06,PAG-0377,TBL-0141,359
DMN-06,PAG-0378,TBL-0142,360
DMN-06,PAG-0379,TBL-0142,361
DMN-06,PAG-0380,TBL-0142,362
DMN-06,PAG-0381,TBL-0142,363
DMN-06,PAG-0382,TBL-0143,364
DMN-06,PAG-0383,TBL-0143,365
DMN-07,PAG-0384,TBL-0144,366
DMN-07,PAG-0385,TBL-0144,367
DMN-07,PAG-0386,TBL-0144,368
DMN-07,PAG-0387,TBL-0144,369
DMN-07,PAG-0388,TBL-0144,370
DMN-07,PAG-0389,TBL-0144,371
DMN-07,PAG-0390,TBL-0144,372
DMN-07,PAG-0391,TBL-0144,373
DMN-07,PAG-0392,TBL-0144,374
DMN-07,PAG-0393,TBL-0144,375
DMN-07,PAG-0394,TBL-0144,376
DMN-07,PAG-0395,TBL-0144,377
DMN-07,PAG-0396,TBL-0144,378
DMN-07,PAG-0397,TBL-0145,379
DMN-07,PAG-0398,TBL-0145,380
DMN-07,PAG-0399,TBL-0145,381
DMN-07,PAG-0400,TBL-0145,382
DMN-07,PAG-0401,TBL-0145,383
DMN-07,PAG-0402,TBL-0145,384
DMN-07,PAG-0403,TBL-0146,385
DMN-07,PAG-0404,TBL-0147,386
DMN-07,PAG-0405,TBL-0147,387
DMN-07,PAG-0406,TBL-0147,388
DMN-07,PAG-0407,TBL-0148,389
DMN-07,PAG-0408,TBL-0149,390
DMN-07,PAG-0409,TBL-0149,391
DMN-07,PAG-0410,TBL-0149,392
DMN-07,PAG-0411,TBL-0150,393
DMN-07,PAG-0412,TBL-0151,394
DMN-07,PAG-0413,TBL-0151,395
DMN-07,PAG-0414,,396
DMN-08,PAG-0415,,397
DMN-08,PAG-0416,TBL-0152,398
DMN-08,PAG-0417,TBL-0152,399
DMN-08,PAG-0418,TBL-0153,400
DMN-08,PAG-0419,TBL-0154,401
DMN-08,PAG-0420,TBL-0155,402
DMN-08,PAG-0421,TBL-0155,403
DMN-08,PAG-0422,TBL-0156,404
DMN-08,PAG-0423,TBL-0156,405
DMN-08,PAG-0424,TBL-0157,406
DMN-08,PAG-0425,TBL-0158,407
DMN-09,PAG-0426,TBL-0159,408
DMN-09,PAG-0427,TBL-0159,409
DMN-09,PAG-0428,TBL-0160,410
DMN-09,PAG-0429,TBL-0160,411
DMN-09,PAG-0430,TBL-0161,412
DMN-09,PAG-0431,TBL-0161,413
DMN-09,PAG-0432,TBL-0162,414
DMN-09,PAG-0433,TBL-0162,415
DMN-09,PAG-0434,TBL-0162,416
DMN-09,PAG-0435,TBL-0163,417
DMN-09,PAG-0436,TBL-0163,418
DMN-09,PAG-0437,TBL-0163,419
DMN-09,PAG-0438,TBL-0164,420
DMN-09,PAG-0439,TBL-0164,421
DMN-09,PAG-0440,TBL-0164,422
DMN-09,PAG-0441,TBL-0165,423
DMN-09,PAG-0442,TBL-0165,424
DMN-09,PAG-0443,TBL-0165,425
DMN-09,PAG-0444,TBL-0166,426
DMN-09,PAG-0445,TBL-0166,427
DMN-09,PAG-0446,TBL-0166,428
DMN-09,PAG-0447,TBL-0166,429
DMN-09,PAG-0448,TBL-0167,430
DMN-09,PAG-0449,TBL-0167,431
DMN-09,PAG-0450,TBL-0167,432
DMN-09,PAG-0451,TBL-0167,433
DMN-09,PAG-0452,TBL-0168,434
DMN-09,PAG-0453,TBL-0168,435
DMN-09,PAG-0454,TBL-0168,436
DMN-09,PAG-0455,TBL-0168,437
DMN-09,PAG-0456,TBL-0169,438
DMN-09,PAG-0457,TBL-0169,439
DMN-09,PAG-0458,TBL-0169,440
DMN-09,PAG-0459,TBL-0169,441
DMN-09,PAG-0460,TBL-0170,442
DMN-09,PAG-0461,TBL-0170,443
DMN-09,PAG-0462,TBL-0170,444
DMN-09,PAG-0463,TBL-0170,445
DMN-09,PAG-0464,TBL-0171,446
DMN-09,PAG-0465,TBL-0171,447
DMN-09,PAG-0466,TBL-0171,448
DMN-09,PAG-0467,TBL-0171,449
DMN-09,PAG-0468,TBL-0172,450
DMN-09,PAG-0469,TBL-0173,451
DMN-09,PAG-0470,TBL-0172,452
DMN-09,PAG-0471,TBL-0172,453
DMN-09,PAG-0472,TBL-0172,454
DMN-09,PAG-0473,TBL-0172,455
DMN-09,PAG-0474,TBL-0173,456
DMN-09,PAG-0475,TBL-0173,457
DMN-09,PAG-0476,TBL-0173,458
DMN-09,PAG-0477,TBL-0173,459
DMN-09,PAG-0478,TBL-0174,460
DMN-09,PAG-0479,TBL-0175,461
DMN-09,PAG-0480,TBL-0174,462
DMN-09,PAG-0481,TBL-0175,463
DMN-09,PAG-0482,TBL-0174,464
DMN-09,PAG-0483,TBL-0174,465
DMN-09,PAG-0484,TBL-0175,466
DMN-09,PAG-0485,TBL-0175,467
DMN-09,PAG-0486,TBL-0176,468
DMN-09,PAG-0487,TBL-0177,469
DMN-09,PAG-0487,TBL-0178,469
DMN-09,PAG-0488,TBL-0177,470
DMN-09,PAG-0488,TBL-0178,470
DMN-09,PAG-0489,TBL-0179,471
DMN-09,PAG-0490,TBL-0180,472
DMN-09,PAG-0491,TBL-0180,473
DMN-09,PAG-0492,TBL-0180,474
DMN-09,PAG-0493,TBL-0180,475
DMN-09,PAG-0494,TBL-0181,476
DMN-09,PAG-0495,TBL-0181,477
DMN-09,PAG-0496,TBL-0181,478
DMN-09,PAG-0497,TBL-0181,479
DMN-09,PAG-0498,TBL-0182,480
DMN-09,PAG-0499,TBL-0182,481
DMN-09,PAG-0500,TBL-0182,482
DMN-09,PAG-0501,TBL-0182,483
DMN-09,PAG-0502,TBL-0183,484
DMN-09,PAG-0503,TBL-0183,485
DMN-09,PAG-0504,TBL-0183,486
DMN-09,PAG-0505,TBL-0183,487
DMN-10,PAG-0506,TBL-0184,488
DMN-10,PAG-0507,TBL-0185-01,489
DMN-10,PAG-0507,TBL-0185-02,489
DMN-10,PAG-0508,TBL-0185-03,490
DMN-10,PAG-0508,TBL-0185-04,490
DMN-10,PAG-0509,TBL-0185-05,491
DMN-10,PAG-0509,TBL-0185-06,491
DMN-10,PAG-0510,TBL-0185-07,492
DMN-10,PAG-0510,TBL-0185-08,492
DMN-10,PAG-0511,TBL-0185-09,493
DMN-10,PAG-0512,TBL-0186,494
DMN-10,PAG-0513,TBL-0187,495
DMN-10,PAG-0514,TBL-0187,496
DMN-10,PAG-0514,TBL-0188,496
DMN-10,PAG-0515,TBL-0189,497
DMN-10,PAG-0516,TBL-0190,498
DMN-10,PAG-0517,TBL-0191,499
DMN-10,PAG-0517,TBL-0192,499
DMN-10,PAG-0518,TBL-0193,500
DMN-10,PAG-0519,TBL-0193,501
DMN-10,PAG-0520,TBL-0194-01,502
DMN-10,PAG-0521,TBL-0194-02,503
DMN-10,PAG-0522,TBL-0194-02,504
DMN-10,PAG-0523,,505
DMN-10,PAG-0524,TBL-0195-01,506
DMN-10,PAG-0525,TBL-0195-01,507
DMN-10,PAG-0526,TBL-0195-01,508
DMN-10,PAG-0527,TBL-0195-01,509
DMN-10,PAG-0528,TBL-0195-01,510
DMN-10,PAG-0529,TBL-0195-01,511
DMN-10,PAG-0530,TBL-0195-02,512
DMN-10,PAG-0531,TBL-0195-02,513
DMN-10,PAG-0532,TBL-0195-03,514
DMN-10,PAG-0533,TBL-0195-03,515
DMN-10,PAG-0534,TBL-0195-03,516
DMN-10,PAG-0535,TBL-0195-03,517
DMN-10,PAG-0536,TBL-0195-03,518
DMN-10,PAG-0537,TBL-0195-03,519
DMN-10,PAG-0538,TBL-0195-03,520
DMN-10,PAG-0539,TBL-0195-03,521
DMN-10,PAG-0540,TBL-0195-03,522
DMN-10,PAG-0541,TBL-0195-03,523
DMN-10,PAG-0542,TBL-0195-03,524
DMN-10,PAG-0543,TBL-0195-04,525
DMN-10,PAG-0544,TBL-0195-04,526
DMN-10,PAG-0545,TBL-0195-04,527
DMN-10,PAG-0546,TBL-0195-04,528
DMN-10,PAG-0547,TBL-0195-05,529
DMN-10,PAG-0548,TBL-0195-05,530
DMN-10,PAG-0549,TBL-0195-05,531
DMN-10,PAG-0550,TBL-0195-05,532
DMN-10,PAG-0551,TBL-0195-05,533
DMN-10,PAG-0552,TBL-0195-05,534
DMN-10,PAG-0553,TBL-0195-05,535
DMN-10,PAG-0554,TBL-0195-05,536
DMN-10,PAG-0555,TBL-0195-05,537
DMN-10,PAG-0556,TBL-0195-05,538
DMN-10,PAG-0557,TBL-0195-05,539
DMN-10,PAG-0558,TBL-0195-05,540
DMN-10,PAG-0559,TBL-0195-05,541
DMN-10,PAG-0560,TBL-0195-06,542
DMN-10,PAG-0561,TBL-0195-06,543
DMN-10,PAG-0562,TBL-0195-06,544
DMN-10,PAG-0563,TBL-0195-06,545
DMN-10,PAG-0564,TBL-0195-06,546
DMN-10,PAG-0565,TBL-0195-06,547
DMN-10,PAG-0566,TBL-0195-06,548
DMN-10,PAG-0567,TBL-0195-06,549
DMN-10,PAG-0568,TBL-0195-06,550
DMN-10,PAG-0569,TBL-0195-06,551
DMN-10,PAG-0570,TBL-0195-06,552
DMN-10,PAG-0571,TBL-0195-06,553
DMN-10,PAG-0572,TBL-0195-06,554
DMN-10,PAG-0573,TBL-0195-06,555
DMN-10,PAG-0574,TBL-0195-07,556
DMN-10,PAG-0575,TBL-0195-07,557
DMN-10,PAG-0576,TBL-0195-07,558
DMN-10,PAG-0577,TBL-0195-07,559
DMN-10,PAG-0578,TBL-0195-07,560
DMN-10,PAG-0579,TBL-0195-07,561
DMN-10,PAG-0580,TBL-0195-07,562
DMN-10,PAG-0581,TBL-0195-07,563
DMN-10,PAG-0582,TBL-0195-07,564
DMN-10,PAG-0583,TBL-0195-07,565
DMN-10,PAG-0584,TBL-0195-07,566
DMN-10,PAG-0585,TBL-0195-07,567
DMN-10,PAG-0586,TBL-0195-07,568
DMN-10,PAG-0587,TBL-0195-07,569
DMN-10,PAG-0588,TBL-0195-07,570
DMN-10,PAG-0589,TBL-0195-08,571
DMN-10,PAG-0590,TBL-0195-08,572
DMN-10,PAG-0591,TBL-0195-08,573
DMN-10,PAG-0592,TBL-0195-09,574
DMN-10,PAG-0593,TBL-0195-09,575
DMN-10,PAG-0594,TBL-0195-09,576
DMN-10,PAG-0595,TBL-0195-09,577
DMN-10,PAG-0596,TBL-0195-09,578
DMN-10,PAG-0597,TBL-0195-10,579
DMN-10,PAG-0598,TBL-0195-10,580
DMN-10,PAG-0599,TBL-0195-10,581
DMN-10,PAG-0600,TBL-0195-10,582
DMN-10,PAG-0601,TBL-0195-10,583
DMN-10,PAG-0602,TBL-0195-10,584
DMN-10,PAG-0603,TBL-0195-10,585
DMN-10,PAG-0604,TBL-0195-10,586
DMN-10,PAG-0605,TBL-0195-10,587
DMN-10,PAG-0606,TBL-0195-10,588
DMN-10,PAG-0607,TBL-0195-10,589
DMN-10,PAG-0608,TBL-0195-10,590
DMN-10,PAG-0609,TBL-0195-10,591
DMN-10,PAG-0610,TBL-0195-10,592
DMN-10,PAG-0611,TBL-0195-10,593
DMN-10,PAG-0612,TBL-0195-11,594
DMN-10,PAG-0613,TBL-0195-11,595
DMN-10,PAG-0614,TBL-0195-11,596
DMN-10,PAG-0615,TBL-0195-11,597
DMN-10,PAG-0616,TBL-0195-11,598
DMN-10,PAG-0617,TBL-0195-11,599
DMN-10,PAG-0618,TBL-0195-11,600
DMN-10,PAG-0619,TBL-0195-12,601
DMN-10,PAG-0620,TBL-0195-12,602
DMN-10,PAG-0621,TBL-0195-12,603
DMN-10,PAG-0622,TBL-0195-12,604
DMN-10,PAG-0623,TBL-0195-12,605
DMN-11,PAG-0624,TBL-0196,606
DMN-11,PAG-0625,TBL-0196,607
DMN-11,PAG-0626,TBL-0196,608
DMN-11,PAG-0627,TBL-0196,609
DMN-11,PAG-0628,TBL-0196,610
DMN-11,PAG-0629,TBL-0196,611
DMN-12,PAG-0630,TBL-0197,612
DMN-12,PAG-0631,TBL-0197,613
DMN-12,PAG-0632,TBL-0197,614
DMN-12,PAG-0633,TBL-0197,615
DMN-13,PAG-0634,TBL-0198,616
DMN-13,PAG-0635,TBL-0198,617
DMN-13,PAG-0636,TBL-0198,618
DMN-13,PAG-0637,TBL-0199,619
DMN-13,PAG-0638,TBL-0200,620
DMN-13,PAG-0638,TBL-0201,620
DMN-13,PAG-0638,TBL-0202,620
DMN-13,PAG-0639,TBL-0200,621
DMN-13,PAG-0639,TBL-0201,621
DMN-13,PAG-0639,TBL-0202,621
DMN-13,PAG-0640,TBL-0202,622
DMN-13,PAG-0641,TBL-0202,623
DMN-13,PAG-0642,TBL-0203,624
DMN-13,PAG-0643,TBL-0203,625
DMN-13,PAG-0644,TBL-0204,626
DMN-13,PAG-0645,TBL-0204,627
DMN-13,PAG-0646,TBL-0204,628
DMN-13,PAG-0647,TBL-0205,629
DMN-13,PAG-0648,TBL-0206,630
DMN-13,PAG-0648,TBL-0207,630
DMN-13,PAG-0649,TBL-0207,631
DMN-14,PAG-0650,TBL-0208,632
DMN-14,PAG-0651,TBL-0209,633
DMN-14,PAG-0652,TBL-0209,634
DMN-14,PAG-0653,TBL-0209,635
DMN-14,PAG-0654,TBL-0210,636
DMN-14,PAG-0655,TBL-0211,637
DMN-14,PAG-0656,TBL-0212,638
DMN-14,PAG-0657,TBL-0213,639
DMN-14,PAG-0658,TBL-0214,640
DMN-14,PAG-0658,TBL-0216,640
DMN-14,PAG-0659,TBL-0215,641
DMN-14,PAG-0659,TBL-0216,641
DMN-14,PAG-0660,TBL-0217,642
DMN-14,PAG-0660,TBL-0218,642
DMN-14,PAG-0661,TBL-0218,643
DMN-14,PAG-0662,TBL-0219,644
DMN-14,PAG-0663,TBL-0219,645
DMN-14,PAG-0664,TBL-0219,646
DMN-14,PAG-0665,TBL-0219,647
DMN-14,PAG-0666,TBL-0220,648
DMN-14,PAG-0667,TBL-0220,649
DMN-14,PAG-0668,TBL-0220,650
DMN-14,PAG-0669,TBL-0220,651
DMN-14,PAG-0670,TBL-0221,652
DMN-14,PAG-0671,TBL-0221,653
DMN-14,PAG-0672,TBL-0221,654
DMN-14,PAG-0673,TBL-0222,655
DMN-14,PAG-0674,TBL-0223,656
DMN-14,PAG-0675,TBL-0224,657
DMN-14,PAG-0676,TBL-0225,658
DMN-14,PAG-0677,TBL-0226,659
DMN-15,PAG-0678,TBL-0227,660
DMN-15,PAG-0679,TBL-0227,661
DMN-15,PAG-0680,TBL-0227,662
DMN-15,PAG-0681,TBL-0228,663
DMN-15,PAG-0682,TBL-0228,664
DMN-15,PAG-0683,TBL-0228,665
DMN-15,PAG-0684,TBL-0229,666
DMN-15,PAG-0685,TBL-0229,667
DMN-15,PAG-0686,TBL-0229,668
DMN-15,PAG-0687,TBL-0230,669
DMN-15,PAG-0688,TBL-0230,670
DMN-15,PAG-0689,TBL-0230,671
DMN-15,PAG-0690,TBL-0231,672
DMN-15,PAG-0691,TBL-0231,673
DMN-15,PAG-0692,TBL-0231,674
DMN-15,PAG-0693,TBL-0231,675
DMN-15,PAG-0694,TBL-0232,676
DMN-15,PAG-0695,TBL-0232,677
DMN-15,PAG-0696,TBL-0232,678
DMN-15,PAG-0697,TBL-0233,679
DMN-15,PAG-0698,TBL-0233,680
DMN-15,PAG-0699,TBL-0233,681
DMN-15,PAG-0700,TBL-0234,682
DMN-15,PAG-0701,TBL-0234,683
DMN-15,PAG-0702,TBL-0234,684
DMN-15,PAG-0703,TBL-0234,685
DMN-15,PAG-0704,TBL-0235,686
DMN-15,PAG-0705,TBL-0235,687
DMN-15,PAG-0706,TBL-0235,688
DMN-15,PAG-0707,TBL-0235,689
DMN-15,PAG-0708,TBL-0236,690
DMN-15,PAG-0709,TBL-0236,691
DMN-15,PAG-0710,TBL-0236,692
DMN-15,PAG-0711,TBL-0236,693
DMN-15,PAG-0712,TBL-0237,694
DMN-15,PAG-0713,TBL-0237,695
DMN-15,PAG-0714,TBL-0237,696
DMN-15,PAG-0715,TBL-0238,697
DMN-15,PAG-0716,TBL-0238,698
DMN-15,PAG-0717,TBL-0238,699
DMN-15,PAG-0718,TBL-0239,700
DMN-15,PAG-0719,TBL-0239,701
DMN-15,PAG-0720,TBL-0239,702
DMN-15,PAG-0721,TBL-0240,703
DMN-15,PAG-0722,TBL-0240,704
DMN-15,PAG-0723,TBL-0240,705
DMN-15,PAG-0724,TBL-0241,706
DMN-15,PAG-0725,TBL-0241,707
DMN-15,PAG-0726,TBL-0241,708
DMN-15,PAG-0727,TBL-0241,709
DMN-15,PAG-0728,TBL-0242,710
DMN-15,PAG-0729,TBL-0242,711
DMN-15,PAG-0730,TBL-0242,712
DMN-15,PAG-0731,TBL-0243,713
DMN-15,PAG-0732,TBL-0243,714
DMN-15,PAG-0733,TBL-0243,715
DMN-15,PAG-0734,TBL-0244,716
DMN-15,PAG-0735,TBL-0244,717
DMN-15,PAG-0736,TBL-0244,718
DMN-15,PAG-0737,TBL-0244,719
DMN-15,PAG-0738,TBL-0245,720
DMN-15,PAG-0739,TBL-0245,721
DMN-15,PAG-0740,TBL-0245,722
DMN-15,PAG-0741,TBL-0245,723
DMN-15,PAG-0742,TBL-0246,724
DMN-15,PAG-0743,TBL-0246,725
DMN-15,PAG-0744,TBL-0246,726
DMN-15,PAG-0745,TBL-0246,727
DMN-15,PAG-0746,TBL-0247,728
DMN-15,PAG-0747,TBL-0247,729
DMN-15,PAG-0748,TBL-0247,730
DMN-15,PAG-0749,TBL-0247,731
DMN-15,PAG-0750,TBL-0247,732
DMN-15,PAG-0751,TBL-0248,733
DMN-15,PAG-0752,TBL-0248,734
DMN-15,PAG-0753,TBL-0248,735
DMN-15,PAG-0754,TBL-0248,736
DMN-15,PAG-0755,TBL-0248,737
DMN-15,PAG-0756,TBL-0249,738
DMN-15,PAG-0757,TBL-0249,739
DMN-15,PAG-0758,TBL-0249,740
DMN-15,PAG-0759,TBL-0250,741
DMN-15,PAG-0760,TBL-0250,742
DMN-15,PAG-0761,TBL-0250,743
DMN-15,PAG-0762,TBL-0251,744
DMN-15,PAG-0763,TBL-0251,745
DMN-15,PAG-0764,TBL-0251,746
DMN-15,PAG-0765,TBL-0251,747
DMN-15,PAG-0766,TBL-0252,748
DMN-15,PAG-0767,TBL-0252,749
DMN-15,PAG-0768,TBL-0252,750
DMN-15,PAG-0769,TBL-0252,751
DMN-15,PAG-0770,TBL-0253,752
DMN-15,PAG-0771,TBL-0253,753
DMN-15,PAG-0772,TBL-0253,754
DMN-15,PAG-0773,TBL-0253,755
DMN-15,PAG-0774,TBL-0254,756
DMN-15,PAG-0775,TBL-0254,757
DMN-15,PAG-0776,TBL-0254,758
DMN-15,PAG-0777,TBL-0254,759
DMN-15,PAG-0778,TBL-0254,760
DMN-15,PAG-0779,TBL-0255,761
DMN-15,PAG-0780,TBL-0255,762
DMN-15,PAG-0781,TBL-0255,763
DMN-15,PAG-0782,TBL-0255,764
DMN-15,PAG-0783,TBL-0255,765
DMN-15,PAG-0784,TBL-0256,766
DMN-15,PAG-0785,TBL-0256,767
DMN-15,PAG-0786,TBL-0256,768
DMN-15,PAG-0787,TBL-0257,769
DMN-15,PAG-0788,TBL-0257,770
DMN-15,PAG-0789,TBL-0257,771
DMN-15,PAG-0790,TBL-0258,772
DMN-15,PAG-0791,TBL-0258,773
DMN-15,PAG-0792,TBL-0258,774
DMN-15,PAG-0793,TBL-0258,775
DMN-15,PAG-0794,TBL-0259,776
DMN-15,PAG-0795,TBL-0259,777
DMN-15,PAG-0796,TBL-0259,778
DMN-15,PAG-0797,TBL-0259,779
DMN-15,PAG-0798,TBL-0260,780
DMN-15,PAG-0799,TBL-0260,781
DMN-15,PAG-0800,TBL-0260,782
DMN-15,PAG-0801,TBL-0260,783
DMN-15,PAG-0802,TBL-0261,784
DMN-15,PAG-0803,TBL-0261,785
DMN-15,PAG-0804,TBL-0261,786
DMN-15,PAG-0805,TBL-0261,787
DMN-15,PAG-0806,TBL-0262,788
DMN-15,PAG-0807,TBL-0262,789
DMN-15,PAG-0808,TBL-0262,790
DMN-15,PAG-0809,TBL-0262,791
DMN-15,PAG-0810,TBL-0263,792
DMN-15,PAG-0811,TBL-0263,793
DMN-15,PAG-0812,TBL-0263,794
DMN-15,PAG-0813,TBL-0263,795
DMN-15,PAG-0814,TBL-0264,796
DMN-15,PAG-0815,TBL-0264,797
DMN-15,PAG-0816,TBL-0264,798
DMN-15,PAG-0817,TBL-0264,799
DMN-15,PAG-0818,TBL-0265,800
DMN-15,PAG-0819,TBL-0265,801
DMN-15,PAG-0820,TBL-0265,802
DMN-15,PAG-0821,TBL-0265,803
DMN-15,PAG-0822,TBL-0266,804
DMN-15,PAG-0823,TBL-0266,805
DMN-15,PAG-0824,TBL-0266,806
DMN-15,PAG-0825,TBL-0266,807
DMN-15,PAG-0826,TBL-0267,808
DMN-15,PAG-0827,TBL-0267,809
DMN-15,PAG-0828,TBL-0267,810
DMN-15,PAG-0829,TBL-0267,811
DMN-15,PAG-0830,TBL-0268,812
DMN-15,PAG-0831,TBL-0268,813
DMN-15,PAG-0832,TBL-0268,814
DMN-15,PAG-0833,TBL-0268,815
DMN-15,PAG-0834,TBL-0269,816
DMN-15,PAG-0835,TBL-0269,817
DMN-15,PAG-0836,TBL-0269,818
DMN-15,PAG-0837,TBL-0269,819
DMN-15,PAG-0838,TBL-0270,820
DMN-15,PAG-0839,TBL-0270,821
DMN-15,PAG-0840,TBL-0270,822
DMN-15,PAG-0841,TBL-0270,823
DMN-15,PAG-0842,TBL-0271,824
DMN-15,PAG-0843,TBL-0271,825
DMN-15,PAG-0844,TBL-0272,826
DMN-15,PAG-0845,TBL-0272,827
DMN-15,PAG-0846,TBL-0273,828
DMN-15,PAG-0847,TBL-0273,829
DMN-15,PAG-0848,TBL-0274,830
DMN-15,PAG-0849,TBL-0274,831
DMN-15,PAG-0850,TBL-0275,832
DMN-15,PAG-0851,TBL-0275,833
DMN-15,PAG-0852,TBL-0276,834
DMN-15,PAG-0853,TBL-0276,835
DMN-15,PAG-0854,TBL-0277-01,836
DMN-15,PAG-0855,TBL-0277-01,837
DMN-15,PAG-0856,TBL-0277-02,838
DMN-15,PAG-0857,TBL-0277-02,839
DMN-15,PAG-0858,TBL-0277-03,840
DMN-15,PAG-0859,TBL-0277-03,841
DMN-15,PAG-0860,TBL-0277-04,842
DMN-15,PAG-0861,TBL-0277-04,843
DMN-15,PAG-0862,TBL-0277-05,844
DMN-15,PAG-0863,TBL-0277-05,845
DMN-15,PAG-0864,TBL-0277-06,846
DMN-15,PAG-0865,TBL-0277-06,847
DMN-15,PAG-0866,TBL-0277-07,848
DMN-15,PAG-0867,TBL-0277-07,849
DMN-15,PAG-0868,TBL-0277-08,850
DMN-15,PAG-0869,TBL-0277-08,851
DMN-15,PAG-0870,TBL-0277-09,852
DMN-15,PAG-0871,TBL-0277-09,853
DMN-15,PAG-0872,TBL-0277-10,854
DMN-15,PAG-0873,TBL-0277-10,855
DMN-15,PAG-0874,TBL-0277-11,856
DMN-15,PAG-0875,TBL-0277-11,857
DMN-15,PAG-0876,TBL-0277-12,858
DMN-15,PAG-0877,TBL-0277-12,859
DMN-15,PAG-0878,TBL-0277-13,860
DMN-15,PAG-0879,TBL-0277-13,861
DMN-15,PAG-0880,TBL-0277-14,862
DMN-15,PAG-0881,TBL-0277-14,863
DMN-15,PAG-0882,TBL-0277-15,864
DMN-15,PAG-0883,TBL-0277-15,865
DMN-15,PAG-0884,TBL-0277-16,866
DMN-15,PAG-0885,TBL-0277-16,867
DMN-15,PAG-0886,TBL-0277-17,868
DMN-15,PAG-0887,TBL-0277-17,869
DMN-15,PAG-0888,TBL-0277-18,870
DMN-15,PAG-0889,TBL-0277-18,871
DMN-15,PAG-0890,TBL-0277-19,872
DMN-15,PAG-0891,TBL-0277-19,873
DMN-16,PAG-0892,TBL-0278,874
DMN-16,PAG-0893,TBL-0278,875
DMN-16,PAG-0894,TBL-0278,876
DMN-16,PAG-0895,TBL-0278,877
DMN-16,PAG-0896,TBL-0279,878
DMN-16,PAG-0897,TBL-0279,879
DMN-16,PAG-0898,TBL-0279,880
DMN-16,PAG-0899,TBL-0279,881
DMN-16,PAG-0900,TBL-0279,882
DMN-16,PAG-0901,TBL-0279,883
DMN-16,PAG-0902,TBL-0279,884
DMN-16,PAG-0903,TBL-0279,885
DMN-16,PAG-0904,TBL-0280,886
DMN-16,PAG-0905,TBL-0280,887
DMN-16,PAG-0906,TBL-0280,888
DMN-16,PAG-0907,TBL-0280,889
DMN-16,PAG-0908,TBL-0281,890
DMN-16,PAG-0909,TBL-0281,891
DMN-16,PAG-0910,TBL-0281,892
DMN-16,PAG-0911,TBL-0281,893
DMN-16,PAG-0912,TBL-0281,894
DMN-16,PAG-0913,TBL-0281,895
DMN-16,PAG-0914,TBL-0281,896
DMN-16,PAG-0915,TBL-0281,897
DMN-16,PAG-0916,TBL-0282,898
DMN-16,PAG-0917,TBL-0282,899
DMN-16,PAG-0918,TBL-0282,900
DMN-16,PAG-0919,TBL-0282,901
DMN-16,PAG-0920,TBL-0282,902
DMN-16,PAG-0921,TBL-0282,903
DMN-16,PAG-0922,TBL-0282,904
DMN-16,PAG-0923,TBL-0282,905
DMN-16,PAG-0924,TBL-0283,906
DMN-16,PAG-0925,TBL-0283,907
DMN-16,PAG-0926,TBL-0284,908
DMN-16,PAG-0927,TBL-0284,909
DMN-16,PAG-0928,TBL-0285,910
DMN-16,PAG-0929,TBL-0285,911
DMN-16,PAG-0930,TBL-0286,912
DMN-16,PAG-0931,TBL-0286,913
DMN-16,PAG-0932,TBL-0287,914
DMN-16,PAG-0933,TBL-0287,915
DMN-16,PAG-0934,TBL-0288,916
DMN-16,PAG-0935,TBL-0288,917
DMN-16,PAG-0936,TBL-0289,918
DMN-16,PAG-0937,TBL-0289,919
DMN-16,PAG-0938,TBL-0290,920
DMN-16,PAG-0939,TBL-0290,921
DMN-16,PAG-0940,TBL-0291,922
DMN-16,PAG-0941,TBL-0291,923
DMN-16,PAG-0942,TBL-0292,924
DMN-16,PAG-0943,TBL-0292,925
DMN-16,PAG-0944,TBL-0292,926
DMN-16,PAG-0945,TBL-0292,927
DMN-16,PAG-0946,TBL-0293,928
DMN-16,PAG-0947,TBL-0293,929
DMN-16,PAG-0948,TBL-0293,930
DMN-16,PAG-0949,TBL-0293,931
DMN-16,PAG-0950,TBL-0293,932
DMN-16,PAG-0951,TBL-0293,933
DMN-16,PAG-0952,TBL-0294,934
DMN-16,PAG-0953,TBL-0294,935
DMN-16,PAG-0954,TBL-0295,936
DMN-16,PAG-0955,TBL-0295,937
DMN-16,PAG-0956,TBL-0296,938
DMN-16,PAG-0957,TBL-0296,939
DMN-16,PAG-0958,TBL-0297,940
DMN-16,PAG-0959,TBL-0297,941
DMN-16,PAG-0960,TBL-0297,942
DMN-16,PAG-0961,TBL-0297,943
DMN-16,PAG-0962,TBL-0298,944
DMN-16,PAG-0963,TBL-0298,945
DMN-16,PAG-0964,TBL-0298,946
DMN-16,PAG-0965,TBL-0298,947
DMN-16,PAG-0966,TBL-0299,948
DMN-16,PAG-0967,TBL-0299,949
DMN-16,PAG-0968,TBL-0299,950
DMN-16,PAG-0969,TBL-0299,951
DMN-16,PAG-0970,TBL-0300,952
DMN-16,PAG-0971,TBL-0300,953
DMN-16,PAG-0972,TBL-0300,954
DMN-16,PAG-0973,TBL-0300,955
DMN-16,PAG-0974,TBL-0300,956
DMN-16,PAG-0975,TBL-0300,957
DMN-16,PAG-0976,TBL-0301,958
DMN-16,PAG-0977,TBL-0301,959
DMN-16,PAG-0978,TBL-0302,960
DMN-16,PAG-0979,TBL-0302,961
DMN-16,PAG-0980,TBL-0303,962
DMN-16,PAG-0981,TBL-0303,963
DMN-16,PAG-0982,TBL-0304,964
DMN-16,PAG-0983,TBL-0304,965
DMN-16,PAG-0984,TBL-0305,966
DMN-16,PAG-0985,TBL-0305,967
DMN-16,PAG-0986,TBL-0306,968
DMN-16,PAG-0987,TBL-0306,969
DMN-16,PAG-0988,TBL-0307,970
DMN-16,PAG-0989,TBL-0307,971
DMN-16,PAG-0990,TBL-0308,972
DMN-16,PAG-0991,TBL-0308,973
DMN-16,PAG-0992,TBL-0308,974
DMN-16,PAG-0993,TBL-0308,975
DMN-16,PAG-0994,TBL-0309,976
DMN-16,PAG-0995,TBL-0309,977
DMN-16,PAG-0996,TBL-0309,978
DMN-16,PAG-0997,TBL-0309,979
DMN-16,PAG-0998,TBL-0310,980
DMN-16,PAG-0999,TBL-0310,981
DMN-16,PAG-1000,TBL-0311,982
DMN-16,PAG-1001,TBL-0311,983
DMN-16,PAG-1002,TBL-0312,984
DMN-16,PAG-1002,TBL-0312,984
DMN-16,PAG-1003,TBL-0312,985
DMN-16,PAG-1003,TBL-0312,985
DMN-16,PAG-1004,TBL-0313,986
DMN-16,PAG-1005,TBL-0313,987
DMN-16,PAG-1006,TBL-0314,988
DMN-16,PAG-1007,TBL-0314,989
DMN-16,PAG-1008,TBL-0315,990
DMN-16,PAG-1009,TBL-0315,991
DMN-16,PAG-1010,TBL-0316,992
DMN-16,PAG-1011,TBL-0316,993
DMN-16,PAG-1012,TBL-0317,994
DMN-16,PAG-1013,TBL-0317,995
DMN-16,PAG-1014,TBL-0318,996
DMN-16,PAG-1015,TBL-0318,997
DMN-16,PAG-1016,TBL-0319,998
DMN-16,PAG-1017,TBL-0319,999
DMN-16,PAG-1018,TBL-0320,1000
DMN-16,PAG-1019,TBL-0320,1001
DMN-16,PAG-1020,TBL-0321,1002
DMN-16,PAG-1021,TBL-0321,1003
DMN-16,PAG-1022,TBL-0322,1004
DMN-16,PAG-1023,TBL-0322,1005
DMN-16,PAG-1024,TBL-0323,1006
DMN-16,PAG-1025,TBL-0323,1007
DMN-16,PAG-1026,TBL-0323,1008
DMN-16,PAG-1027,TBL-0323,1009
DMN-16,PAG-1028,TBL-0324,1010
DMN-16,PAG-1029,TBL-0324,1011
DMN-16,PAG-1030,TBL-0325,1012
DMN-16,PAG-1031,TBL-0326,1013
DMN-16,PAG-1032,TBL-0327,1014
DMN-16,PAG-1033,TBL-0327,1015
DMN-16,PAG-1034,TBL-0327,1016
DMN-16,PAG-1035,TBL-0327,1017
DMN-16,PAG-1036,TBL-0328,1018
DMN-16,PAG-1037,TBL-0328,1019
DMN-16,PAG-1038,TBL-0329,1020
DMN-16,PAG-1039,TBL-0330,1021
DMN-17,PAG-1040,TBL-0331,1022
DMN-17,PAG-1041,TBL-0332,1023
DMN-17,PAG-1042,TBL-0333,1024
DMN-17,PAG-1043,TBL-0333,1025
DMN-17,PAG-1044,TBL-0334,1026
DMN-17,PAG-1045,TBL-0334,1027
DMN-17,PAG-1046,TBL-0335,1028
DMN-17,PAG-1047,TBL-0335,1029
DMN-17,PAG-1048,TBL-0336,1030
DMN-17,PAG-1049,TBL-0336,1031
DMN-17,PAG-1050,TBL-0337,1032
DMN-17,PAG-1051,TBL-0337,1033
DMN-17,PAG-1052,TBL-0338,1034
DMN-17,PAG-1053,TBL-0338,1035
DMN-17,PAG-1054,TBL-0339,1036
DMN-17,PAG-1055,TBL-0339,1037
DMN-17,PAG-1056,TBL-0340,1038
DMN-17,PAG-1057,TBL-0340,1039
DMN-17,PAG-1058,TBL-0341,1040
DMN-17,PAG-1059,TBL-0341,1041
DMN-17,PAG-1060,TBL-0342,1042
DMN-17,PAG-1061,TBL-0342,1043
DMN-17,PAG-1062,TBL-0343,1044
DMN-17,PAG-1063,TBL-0343,1045
DMN-17,PAG-1064,TBL-0344,1046
DMN-17,PAG-1065,TBL-0344,1047
DMN-17,PAG-1066,TBL-0345,1048
DMN-17,PAG-1067,TBL-0345,1049
DMN-17,PAG-1068,TBL-0346,1050
DMN-17,PAG-1069,TBL-0346,1051
DMN-17,PAG-1070,TBL-0347,1052
DMN-17,PAG-1071,TBL-0347,1053
DMN-17,PAG-1072,TBL-0348,1054
DMN-17,PAG-1073,TBL-0348,1055
DMN-17,PAG-1074,TBL-0349,1056
DMN-17,PAG-1075,TBL-0349,1057
DMN-17,PAG-1076,TBL-0350,1058
DMN-17,PAG-1077,TBL-0350,1059
DMN-17,PAG-1078,TBL-0351,1060
DMN-17,PAG-1079,TBL-0351,1061
DMN-17,PAG-1080,TBL-0352,1062
DMN-17,PAG-1081,TBL-0352,1063
DMN-17,PAG-1082,TBL-0353,1064
DMN-17,PAG-1083,TBL-0353,1065
DMN-17,PAG-1084,TBL-0354,1066
DMN-17,PAG-1085,TBL-0354,1067
DMN-17,PAG-1086,TBL-0355,1068
DMN-17,PAG-1087,TBL-0355,1069
DMN-17,PAG-1088,TBL-0356,1070
DMN-17,PAG-1089,TBL-0356,1071
DMN-17,PAG-1090,TBL-0357,1072
DMN-17,PAG-1091,TBL-0357,1073
DMN-17,PAG-1092,TBL-0358,1074
DMN-17,PAG-1093,TBL-0358,1075
DMN-17,PAG-1094,TBL-0359,1076
DMN-17,PAG-1095,TBL-0359,1077
DMN-17,PAG-1096,TBL-0360,1078
DMN-17,PAG-1097,TBL-0360,1079
DMN-17,PAG-1098,TBL-0361,1080
DMN-17,PAG-1099,TBL-0361,1081
DMN-17,PAG-1100,TBL-0362,1082
DMN-17,PAG-1101,TBL-0362,1083
DMN-17,PAG-1102,TBL-0362,1084
DMN-17,PAG-1103,TBL-0362,1085
DMN-17,PAG-1104,,1086
DMN-18,PAG-1105,,1087
DMN-18,PAG-1106,TBL-0363,1088
DMN-18,PAG-1106,TBL-0364,1088
DMN-18,PAG-1107,TBL-0363,1089
DMN-18,PAG-1107,TBL-0364,1089
DMN-18,PAG-1108,TBL-0365,1090
DMN-18,PAG-1108,TBL-0366,1090
DMN-18,PAG-1108,TBL-0367,1090
DMN-18,PAG-1109,TBL-0365,1091
DMN-18,PAG-1109,TBL-0366,1091
DMN-18,PAG-1109,TBL-0367,1091
DMN-18,PAG-1110,TBL-0365,1092
DMN-18,PAG-1111,TBL-0366,1093
DMN-18,PAG-1112,TBL-0366,1094
DMN-18,PAG-1113,TBL-0366,1095
DMN-18,PAG-1114,TBL-0367,1096
DMN-18,PAG-1115,TBL-0367,1097
DMN-19,PAG-1116,TBL-0368,1098
DMN-19,PAG-1117,TBL-0369,1099
DMN-19,PAG-1118,TBL-0370,1100
DMN-19,PAG-1119,TBL-0370,1101
DMN-20,PAG-1120,TBL-0371,1102
DMN-20,PAG-1121,TBL-0371,1103
DMN-20,PAG-1122,TBL-0372,1104
DMN-20,PAG-1122,TBL-0373,1104
DMN-20,PAG-1123,TBL-0372,1105
DMN-20,PAG-1123,TBL-0373,1105
DMN-20,PAG-1124,TBL-0374,1106
DMN-20,PAG-1125,TBL-0375,1107
DMN-20,PAG-1126,TBL-0376,1108
DMN-20,PAG-1127,TBL-0376,1109
DMN-21,PAG-1128,TBL-0377,1110
DMN-21,PAG-1129,TBL-0378,1111
DMN-21,PAG-1130,TBL-0379,1112
DMN-21,PAG-1131,TBL-0379,1113
DMN-21,PAG-1132,TBL-0379,1114
DMN-21,PAG-1133,TBL-0379,1115
DMN-21,PAG-1134,TBL-0380,1116
DMN-21,PAG-1135,TBL-0381,1117
DMN-21,PAG-1136,TBL-0381,1118
DMN-21,PAG-1136,TBL-0382,1118
DMN-21,PAG-1137,TBL-0383,1119
DMN-21,PAG-1138,TBL-0384,1120
DMN-21,PAG-1139,TBL-0384,1121
DMN-21,PAG-1140,TBL-0384,1122
DMN-21,PAG-1141,TBL-0385,1123
DMN-21,PAG-1141,TBL-0386,1123
DMN-21,PAG-1142,TBL-0385,1124
DMN-21,PAG-1142,TBL-0386,1124
DMN-21,PAG-1143,TBL-0385,1125
DMN-21,PAG-1143,TBL-0386,1125
DMN-21,PAG-1144,TBL-0387,1126
DMN-21,PAG-1144,TBL-0389,1126
DMN-21,PAG-1145,TBL-0388,1127
DMN-21,PAG-1145,TBL-0389,1127
DMN-21,PAG-1146,TBL-0388,1128
DMN-21,PAG-1146,TBL-0389,1128
DMN-22,PAG-1147,TBL-0390,1130
DMN-22,PAG-1147,TBL-0391,1130
DMN-22,PAG-1148,TBL-0392,1131
DMN-22,PAG-1149,TBL-0393,1132
DMN-22,PAG-1150,TBL-0393,1133
DMN-22,PAG-1151,TBL-0394,1134
DMN-22,PAG-1152,TBL-0394,1135
DMN-23,PAG-1153,TBL-0395,1136
DMN-23,PAG-1154,TBL-0395,1137
DMN-23,PAG-1155,TBL-0396,1138
DMN-23,PAG-1155,TBL-0397,1138
DMN-23,PAG-1156,TBL-0396,1139
DMN-23,PAG-1157,TBL-0397,1140
DMN-23,PAG-1158,TBL-0397,1141
DMN-23,PAG-1159,TBL-0397,1142
DMN-23,PAG-1160,TBL-0397,1143
DMN-23,PAG-1161,TBL-0398,1144
DMN-23,PAG-1162,TBL-0399-01,1145
DMN-23,PAG-1162,TBL-0399-02,1145
DMN-23,PAG-1162,TBL-0399-03,1145
DMN-23,PAG-1162,TBL-0399-04,1145
DMN-23,PAG-1162,TBL-0399-05,1145
DMN-23,PAG-1162,TBL-0399-06,1145
DMN-23,PAG-1163,TBL-0399-07,1146
DMN-23,PAG-1163,TBL-0399-08,1146
DMN-23,PAG-1163,TBL-0399-09,1146
DMN-23,PAG-1164,TBL-0399-07,1147
DMN-23,PAG-1164,TBL-0399-08,1147
DMN-23,PAG-1164,TBL-0399-09,1147
DMN-23,PAG-1165,TBL-0399-10,1148
DMN-23,PAG-1165,TBL-0399-11,1148
DMN-23,PAG-1165,TBL-0399-12,1148
DMN-23,PAG-1166,TBL-0399-10,1149
DMN-23,PAG-1166,TBL-0399-11,1149
DMN-23,PAG-1166,TBL-0399-12,1149
DMN-23,PAG-1167,TBL-0399-13,1150
DMN-23,PAG-1167,TBL-0399-14,1150
DMN-23,PAG-1167,TBL-0399-15,1150
DMN-23,PAG-1168,TBL-0399-13,1151
DMN-23,PAG-1168,TBL-0399-14,1151
DMN-23,PAG-1168,TBL-0399-15,1151
DMN-23,PAG-1169,TBL-0399-16,1152
DMN-23,PAG-1169,TBL-0399-17,1152
DMN-23,PAG-1169,TBL-0399-18,1152
DMN-23,PAG-1170,TBL-0399-16,1153
DMN-23,PAG-1170,TBL-0399-17,1153
DMN-23,PAG-1170,TBL-0399-18,1153
DMN-23,PAG-1171,TBL-0399-19,1154
DMN-23,PAG-1171,TBL-0399-20,1154
DMN-23,PAG-1171,TBL-0399-21,1154
DMN-23,PAG-1172,TBL-0399-22,1155
DMN-23,PAG-1172,TBL-0399-23,1155
DMN-23,PAG-1172,TBL-0399-24,1155
DMN-23,PAG-1173,TBL-0399-25,1156
DMN-23,PAG-1173,TBL-0399-26,1156
DMN-23,PAG-1173,TBL-0399-27,1156
DMN-23,PAG-1173,TBL-0399-28,1156
DMN-23,PAG-1173,TBL-0399-29,1156
DMN-23,PAG-1173,TBL-0399-30,1156
DMN-23,PAG-1174,TBL-0399-28,1157
DMN-23,PAG-1174,TBL-0399-29,1157
DMN-23,PAG-1174,TBL-0399-30,1157
DMN-23,PAG-1174,TBL-0399-31,1157
DMN-23,PAG-1174,TBL-0399-32,1157
DMN-23,PAG-1174,TBL-0399-33,1157
DMN-23,PAG-1175,TBL-0399-34,1158
DMN-23,PAG-1175,TBL-0399-35,1158
DMN-23,PAG-1175,TBL-0399-36,1158
DMN-23,PAG-1175,TBL-0399-37,1158
DMN-23,PAG-1175,TBL-0399-38,1158
DMN-23,PAG-1175,TBL-0399-39,1158
DMN-23,PAG-1176,TBL-0399-40,1159
DMN-23,PAG-1176,TBL-0399-41,1159
DMN-23,PAG-1176,TBL-0399-42,1159
DMN-23,PAG-1177,TBL-0400-01,1160
DMN-23,PAG-1177,TBL-0400-02,1160
DMN-23,PAG-1177,TBL-0400-03,1160
DMN-23,PAG-1177,TBL-0400-04,1160
DMN-23,PAG-1177,TBL-0400-05,1160
DMN-23,PAG-1177,TBL-0400-06,1160
DMN-23,PAG-1177,TBL-0400-07,1160
DMN-23,PAG-1177,TBL-0400-08,1160
DMN-23,PAG-1178,TBL-0400-09,1161
DMN-23,PAG-1178,TBL-0400-10,1161
DMN-23,PAG-1178,TBL-0400-11,1161
DMN-23,PAG-1178,TBL-0400-12,1161
DMN-23,PAG-1179,TBL-0400-13,1162
DMN-23,PAG-1179,TBL-0400-14,1162
DMN-23,PAG-1179,TBL-0400-15,1162
DMN-23,PAG-1180,TBL-0400-13,1163
DMN-23,PAG-1180,TBL-0400-14,1163
DMN-23,PAG-1180,TBL-0400-15,1163
DMN-23,PAG-1181,TBL-0400-16,1164
DMN-23,PAG-1181,TBL-0400-17,1164
DMN-23,PAG-1181,TBL-0400-18,1164
DMN-23,PAG-1182,TBL-0400-19,1165
DMN-23,PAG-1182,TBL-0400-20,1165
DMN-23,PAG-1182,TBL-0400-21,1165
DMN-23,PAG-1183,TBL-0401-01,1166
DMN-23,PAG-1183,TBL-0401-02,1166
DMN-23,PAG-1183,TBL-0401-03,1166
DMN-23,PAG-1184,TBL-0401-04,1167
DMN-23,PAG-1184,TBL-0401-05,1167
DMN-23,PAG-1184,TBL-0401-06,1167
DMN-23,PAG-1185,TBL-0401-07,1168
DMN-23,PAG-1185,TBL-0401-08,1168
DMN-23,PAG-1185,TBL-0401-09,1168
DMN-23,PAG-1186,TBL-0401-10,1169
DMN-23,PAG-1186,TBL-0401-11,1169
DMN-23,PAG-1186,TBL-0401-12,1169
DMN-23,PAG-1187,TBL-0401-13,1170
DMN-23,PAG-1187,TBL-0401-14,1170
DMN-23,PAG-1187,TBL-0401-15,1170
DMN-23,PAG-1188,TBL-0401-16,1171
DMN-23,PAG-1188,TBL-0401-17,1171
DMN-23,PAG-1188,TBL-0401-18,1171
DMN-23,PAG-1189,TBL-0401-19,1172
DMN-23,PAG-1189,TBL-0401-20,1172
DMN-23,PAG-1189,TBL-0401-21,1172
DMN-23,PAG-1190,TBL-0401-22,1173
DMN-23,PAG-1190,TBL-0401-23,1173
DMN-23,PAG-1190,TBL-0401-24,1173
DMN-23,PAG-1191,TBL-0401-25,1174
DMN-23,PAG-1191,TBL-0401-26,1174
DMN-23,PAG-1191,TBL-0401-27,1174
DMN-23,PAG-1192,TBL-0401-28,1175
DMN-23,PAG-1192,TBL-0401-29,1175
DMN-23,PAG-1192,TBL-0401-30,1175
DMN-23,PAG-1192,TBL-0401-31,1175
DMN-23,PAG-1192,TBL-0401-32,1175
DMN-23,PAG-1192,TBL-0401-33,1175
DMN-23,PAG-1193,TBL-0401-34,1176
DMN-23,PAG-1193,TBL-0401-35,1176
DMN-23,PAG-1193,TBL-0401-36,1176
DMN-23,PAG-1193,TBL-0401-37,1176
DMN-23,PAG-1193,TBL-0401-38,1176
DMN-23,PAG-1193,TBL-0401-39,1176
DMN-23,PAG-1194,TBL-0401-40,1177
DMN-23,PAG-1194,TBL-0401-41,1177
DMN-23,PAG-1194,TBL-0401-42,1177
DMN-23,PAG-1194,TBL-0401-43,1177
DMN-23,PAG-1194,TBL-0401-44,1177
DMN-23,PAG-1194,TBL-0401-45,1177
DMN-23,PAG-1195,TBL-0401-46,1178
DMN-23,PAG-1195,TBL-0401-47,1178
DMN-23,PAG-1195,TBL-0401-48,1178
DMN-23,PAG-1195,TBL-0401-49,1178
DMN-23,PAG-1195,TBL-0402-01,1178
DMN-23,PAG-1195,TBL-0402-02,1178
DMN-23,PAG-1196,TBL-0402-01,1179
DMN-23,PAG-1196,TBL-0402-02,1179
DMN-23,PAG-1197,TBL-0403-01,1180
DMN-23,PAG-1197,TBL-0403-02,1180
DMN-23,PAG-1197,TBL-0403-03,1180
DMN-23,PAG-1198,TBL-0403-01,1181
DMN-23,PAG-1198,TBL-0403-03,1181
DMN-23,PAG-1199,TBL-0404-01,1182
DMN-23,PAG-1199,TBL-0404-02,1182
DMN-23,PAG-1200,TBL-0404-01,1183
DMN-23,PAG-1200,TBL-0404-02,1183
DMN-23,PAG-1201,TBL-0404-03,1184
DMN-23,PAG-1201,TBL-0404-04,1184
DMN-23,PAG-1202,TBL-0405-01,1185
DMN-23,PAG-1202,TBL-0405-02,1185
DMN-23,PAG-1202,TBL-0405-03,1185
DMN-23,PAG-1202,TBL-0405-04,1185
DMN-23,PAG-1202,TBL-0405-05,1185
DMN-23,PAG-1203,TBL-0405-06,1186
DMN-23,PAG-1203,TBL-0406,1186
DMN-23,PAG-1204,TBL-0407-01,1187
DMN-23,PAG-1204,TBL-0407-02,1187
DMN-23,PAG-1204,TBL-0407-03,1187
DMN-23,PAG-1205,TBL-0408-01,1188
DMN-23,PAG-1205,TBL-0408-02,1188
DMN-23,PAG-1205,TBL-0408-03,1188
DMN-23,PAG-1206,TBL-0408-01,1189
DMN-23,PAG-1206,TBL-0408-02,1189
DMN-23,PAG-1206,TBL-0408-03,1189
DMN-23,PAG-1207,TBL-0408-04,1190
DMN-23,PAG-1207,TBL-0408-05,1190
DMN-23,PAG-1207,TBL-0408-06,1190
DMN-23,PAG-1207,TBL-0408-07,1190
DMN-23,PAG-1207,TBL-0408-08,1190
DMN-23,PAG-1207,TBL-0408-09,1190
DMN-23,PAG-1208,TBL-0408-07,1191
DMN-23,PAG-1208,TBL-0408-08,1191
DMN-23,PAG-1208,TBL-0408-09,1191
DMN-23,PAG-1209,TBL-0408-10,1192
DMN-23,PAG-1209,TBL-0408-11,1192
DMN-23,PAG-1210,TBL-0408-12,1193
DMN-23,PAG-1210,TBL-0408-13,1193
DMN-23,PAG-1210,TBL-0408-14,1193
DMN-23,PAG-1211,TBL-0409,1194
DMN-23,PAG-1212,TBL-0410,1195
DMN-23,PAG-1213,TBL-0411-01,1196
DMN-23,PAG-1213,TBL-0411-02,1196
DMN-23,PAG-1213,TBL-0411-03,1196
DMN-23,PAG-1214,TBL-0412-01,1197
DMN-23,PAG-1214,TBL-0412-02,1197
DMN-23,PAG-1214,TBL-0412-03,1197
DMN-23,PAG-1215,TBL-0413-01,1198
DMN-23,PAG-1215,TBL-0413-02,1198
DMN-23,PAG-1216,TBL-0413-01,1199
DMN-23,PAG-1216,TBL-0413-02,1199
DMN-23,PAG-1216,TBL-0413-03,1199
DMN-24,PAG-1217,TBL-0414,1200
DMN-24,PAG-1218,TBL-0414,1201