table_id,page_number,part,table_name
TBL-0001,58,気象,気温-気圧-湿度a
TBL-0002,59,気象,気温-気圧-湿度b
TBL-0003,60,気象,風速-降水量-積雪量-日照時数a
TBL-0004,61,気象,風速-降水量-積雪量-日照時数b
TBL-0005,62,気象,天気日数-地震回数-霜雪期a
TBL-0006,63,気象,天気日数-地震回数-霜雪期b
TBL-0007,64,気象,地目別土地面積a
TBL-0008,65,気象,地目別土地面積b
TBL-0009,66,気象,地目別土地面積c
TBL-0010,67,気象,地目別土地面積d
TBL-0011,68,気象,民有地面積-地価a
TBL-0012,69,気象,民有地面積-地価b
TBL-0013,70,気象,土地評価額
TBL-0014,70,気象,有租地面積
TBL-0015,71,気象,明治42年-大正7年町別面積-道路
TBL-0016,72,人口,戸数-人口1-1a
TBL-0017,73,人口,戸数-人口1-1b
TBL-0018,74,人口,戸数-人口1-2a
TBL-0019,75,人口,戸数-人口1-2b
TBL-0020,76,人口,人口動態a
TBL-0021,77,人口,人口動態b
TBL-0022,78,人口,文化文政期町別戸口表a
TBL-0023,78,人口,文化文政期町別戸口表b
TBL-0024,79,人口,文化文政期町別戸口表a
TBL-0025,79,人口,文化文政期町別戸口表b
TBL-0026,80,人口,明治9年管内村町別戸口表1-1a
TBL-0027,81,人口,明治9年管内村町別戸口表1-1b
TBL-0028,82,人口,明治9年管内村町別戸口表1-2a
TBL-0029,83,人口,明治9年管内村町別戸口表1-2b
TBL-0030,84,人口,明治期町別戸口表a
TBL-0031,85,人口,明治期町別戸口表b
TBL-0032,86,人口,明治期町別戸口表c
TBL-0033,87,人口,明治期町別戸口表d
TBL-0034,88,人口,職業表1-1a
TBL-0035,89,人口,職業表1-1b
TBL-0036,90,人口,職業表1-2a
TBL-0037,91,人口,職業表1-2b
TBL-0038,92,人口,明治11年函館市中職業表1-1a
TBL-0039,93,人口,明治11年函館市中職業表1-1b
TBL-0040,94,人口,明治11年函館市中職業表1-2a
TBL-0041,95,人口,明治11年函館市中職業表1-2b
TBL-0042,96,人口,明治11年函館市中職業表1-3a
TBL-0043,97,人口,明治11年函館市中職業表1-3b
TBL-0044,98,人口,明治12年函館市中職業表1-1a
TBL-0045,99,人口,明治12年函館市中職業表1-1b
TBL-0046,100,人口,明治12年函館市中職業表1-2a
TBL-0047,101,人口,明治12年函館市中職業表1-2b
TBL-0048,102,人口,居留外国人戸口表1-1a
TBL-0049,103,人口,居留外国人戸口表1-1b
TBL-0050,104,人口,居留外国人戸口表1-2a
TBL-0051,105,人口,居留外国人戸口表1-2b
TBL-0052,106,人口,居留外国人職業表1
TBL-0053,107,人口,居留外国人職業表2
TBL-0054,108,財政,区内協議費収支決算1-1a
TBL-0055,109,財政,区内協議費収支決算1-1b
TBL-0056,110,財政,区内協議費収支決算1-2a
TBL-0057,111,財政,区内協議費収支決算1-2b
TBL-0058,112,財政,区費歳入決算1-1a
TBL-0059,113,財政,区費歳入決算1-1b
TBL-0060,114,財政,区費歳入決算1-1c
TBL-0061,115,財政,区費歳入決算1-1d
TBL-0062,116,財政,区費歳入決算1-1e
TBL-0063,117,財政,区費歳入決算1-2a
TBL-0064,118,財政,区費歳入決算1-2b
TBL-0065,119,財政,区費歳入決算1-2c
TBL-0066,120,財政,区費歳入決算1-2d
TBL-0067,121,財政,区費歳入決算1-2e
TBL-0068,122,財政,区費歳出経常部決算1-1a
TBL-0069,123,財政,区費歳出経常部決算1-1b
TBL-0070,124,財政,区費歳出経常部決算1-1c
TBL-0071,125,財政,区費歳出経常部決算1-1d
TBL-0072,126,財政,区費歳出経常部決算1-2a
TBL-0073,127,財政,区費歳出経常部決算1-2b
TBL-0074,128,財政,区費歳出経常部決算1-2c
TBL-0075,129,財政,区費歳出経常部決算1-2d
TBL-0076,130,財政,区費歳出臨時部決算1-1a
TBL-0077,131,財政,区費歳出臨時部決算1-1b
TBL-0078,132,財政,区費歳出臨時部決算1-1c
TBL-0079,133,財政,区費歳出臨時部決算1-1d
TBL-0080,134,財政,区費歳出臨時部決算1-2a
TBL-0081,135,財政,区費歳出臨時部決算1-2b
TBL-0082,136,財政,区費歳出臨時部決算1-2c
TBL-0083,137,財政,区費歳出臨時部決算1-2d
TBL-0084,138,財政,市歳入決算1-1a
TBL-0085,139,財政,市歳入決算1-1b
TBL-0086,140,財政,市歳入決算1-1c
TBL-0087,141,財政,市歳入決算1-1d
TBL-0088,142,財政,市歳入決算1-2a
TBL-0089,143,財政,市歳入決算1-2b
TBL-0090,144,財政,市歳入決算1-2c
TBL-0091,145,財政,市歳入決算1-2d
TBL-0092,146,財政,市歳入決算2-1a
TBL-0093,147,財政,市歳入決算2-1b
TBL-0094,148,財政,市歳入決算2-2a
TBL-0095,149,財政,市歳入決算2-2b
TBL-0096,150,財政,市歳入決算2-3a
TBL-0097,151,財政,市歳入決算2-3b
TBL-0098,152,財政,市歳入決算3-1a
TBL-0099,153,財政,市歳入決算3-1b
TBL-0100,154,財政,市歳入決算3-1c
TBL-0101,155,財政,市歳入決算3-2a
TBL-0102,156,財政,市歳入決算3-2b
TBL-0103,157,財政,市歳入決算3-2c
TBL-0104,158,財政,市歳入決算3-3a
TBL-0105,159,財政,市歳入決算3-3b
TBL-0106,160,財政,市歳入決算3-3c
TBL-0107,161,財政,市歳入決算3-4a
TBL-0108,162,財政,市歳入決算3-4b
TBL-0109,163,財政,市歳入決算3-4c
TBL-0110,164,財政,市歳入決算3-5a
TBL-0111,165,財政,市歳入決算3-5b
TBL-0112,166,財政,市歳入決算3-5c
TBL-0113,167,財政,市歳入決算4-1a
TBL-0114,168,財政,市歳入決算4-1b
TBL-0115,169,財政,市歳入決算4-1c
TBL-0116,170,財政,市歳入決算4-2a
TBL-0117,171,財政,市歳入決算4-2b
TBL-0118,172,財政,市歳入決算4-2c
TBL-0119,173,財政,市歳入決算4-3a
TBL-0120,174,財政,市歳入決算4-3b
TBL-0121,175,財政,市歳入決算4-3c
TBL-0122,176,財政,市歳出経常部決算1-1a
TBL-0123,177,財政,市歳出経常部決算1-1b
TBL-0124,178,財政,市歳出経常部決算1-1c
TBL-0125,179,財政,市歳出経常部決算1-2a
TBL-0126,180,財政,市歳出経常部決算1-2b
TBL-0127,181,財政,市歳出経常部決算1-2c
TBL-0128,182,財政,市歳出経常部決算1-3a
TBL-0129,183,財政,市歳出経常部決算1-3b
TBL-0130,184,財政,市歳出経常部決算1-3c
TBL-0131,185,財政,市歳出臨時部決算1-1a
TBL-0132,186,財政,市歳出臨時部決算1-1b
TBL-0133,187,財政,市歳出臨時部決算1-1c
TBL-0134,188,財政,市歳出臨時部決算1-2a
TBL-0135,189,財政,市歳出臨時部決算1-2b
TBL-0136,190,財政,市歳出臨時部決算1-2c
TBL-0137,191,財政,市歳出臨時部決算1-3a
TBL-0138,192,財政,市歳出臨時部決算1-3b
TBL-0139,193,財政,市歳出臨時部決算1-3c
TBL-0140,194,財政,市歳出経常部決算2-1a
TBL-0141,195,財政,市歳出経常部決算2-1b
TBL-0142,196,財政,市歳出経常部決算2-2a
TBL-0143,197,財政,市歳出経常部決算2-2b
TBL-0144,198,財政,市歳出経常部決算2-3a
TBL-0145,199,財政,市歳出経常部決算2-3b
TBL-0146,200,財政,市歳出経常部決算2-4a
TBL-0147,201,財政,市歳出経常部決算2-4b
TBL-0148,202,財政,市歳出臨時部決算2-1a
TBL-0149,203,財政,市歳出臨時部決算2-1b
TBL-0150,204,財政,市歳出臨時部決算2-2a
TBL-0151,205,財政,市歳出臨時部決算2-2b
TBL-0152,206,財政,市歳出臨時部決算2-3a
TBL-0153,207,財政,市歳出臨時部決算2-3b
TBL-0154,208,財政,市歳出決算3-1a
TBL-0155,209,財政,市歳出決算3-1b
TBL-0156,210,財政,市歳出決算3-1c
TBL-0157,211,財政,市歳出決算3-2a
TBL-0158,212,財政,市歳出決算3-2b
TBL-0159,213,財政,市歳出決算3-2c
TBL-0160,214,財政,市歳出決算3-3a
TBL-0161,215,財政,市歳出決算3-3b
TBL-0162,216,財政,市歳出決算3-3
TBL-0163,217,財政,市歳出決算3-4a
TBL-0164,218,財政,市歳出決算3-4b
TBL-0165,219,財政,市歳出決算3-4c
TBL-0166,220,財政,市歳出決算4-1a
TBL-0167,221,財政,市歳出決算4-1b
TBL-0168,222,財政,市歳出決算4-1c
TBL-0169,223,財政,市歳出決算4-2a
TBL-0170,224,財政,市歳出決算4-2b
TBL-0171,225,財政,市歳出決算4-2c
TBL-0172,226,財政,市歳出決算4-3a
TBL-0173,227,財政,市歳出決算4-3b
TBL-0174,228,財政,市歳出決算4-3c
TBL-0175,229,財政,市歳出決算4-4a
TBL-0176,230,財政,市歳出決算4-4b
TBL-0177,231,財政,市歳出決算4-4c
TBL-0178,232,財政,市歳出決算4-5a
TBL-0179,233,財政,市歳出決算4-5b
TBL-0180,234,財政,市歳出決算4-5c
TBL-0181,235,財政,市歳出決算4-6a
TBL-0182,236,財政,市歳出決算4-6b
TBL-0183,237,財政,市歳出決算4-6c
TBL-0184,238,財政,区-市特別会計歳入歳出決算-井戸新鑿修繕費
TBL-0185,238,財政,区-市特別会計歳入歳出決算-住吉小学校新築費
TBL-0186,238,財政,区-市特別会計歳入歳出決算-公立小学校地地平均費
TBL-0187,238,財政,区-市特別会計歳入歳出決算-学校建築費
TBL-0188,238,財政,区-市特別会計歳入歳出決算-宝小学校教場増築日
TBL-0189,238,財政,区-市特別会計歳入歳出決算-幸小学校新築費
TBL-0190,238,財政,区-市特別会計歳入歳出決算-行在所建築諸費
TBL-0191,238,財政,区-市特別会計歳入歳出決算-高砂、東川小学校改築費
TBL-0192,239,財政,公園費
TBL-0193,239,財政,共有火葬及葬儀場建築費
TBL-0194,239,財政,区-市特別会計歳入歳出決算-小学校補助金
TBL-0195,239,財政,区-市特別会計歳入歳出決算-窮民救護費
TBL-0196,240,財政,会社銀行年賦寄付金(弥生小学校建築費)
TBL-0197,240,財政,区内共有金1
TBL-0198,241,財政,会社銀行年賦寄付金(弥生小学校建築費)
TBL-0199,241,財政,区内共有金1
TBL-0200,242,財政,備荒貯蓄金
TBL-0201,242,財政,区内共有金2
TBL-0202,243,財政,備荒貯蓄金
TBL-0203,243,財政,区内共有金2
TBL-0204,244,財政,教育蓄積金-公立小学校費-函館女学校費a
TBL-0205,245,財政,教育蓄積金-公立小学校費-函館女学校費b
TBL-0206,246,財政,共有基本金a
TBL-0207,247,財政,共有基本金b
TBL-0208,248,財政,共有基本金c
TBL-0209,249,財政,私立小学校経費(参考)
TBL-0210,250,財政,育児費-育児特別基本金a
TBL-0211,251,財政,育児費-育児特別基本金b
TBL-0212,252,財政,函館水道増設工事費
TBL-0213,252,財政,函館水道費
TBL-0214,252,財政,水道副管調査費
TBL-0215,252,財政,水道起業蓄積金
TBL-0216,252,財政,赤川水源測量費
TBL-0217,253,財政,函館港改良工事
TBL-0218,253,財政,水道保存蓄積金
TBL-0219,253,財政,若松町海面埋立工事
TBL-0220,254,財政,上水道拡張費
TBL-0221,254,財政,温泉費
TBL-0222,254,財政,給水工事費
TBL-0223,255,財政,上水道拡張費
TBL-0224,255,財政,温泉費
TBL-0225,255,財政,給水工事費
TBL-0226,256,財政,水道費a
TBL-0227,257,財政,水道費b
TBL-0228,258,財政,水道費c
TBL-0229,259,財政,水道費d
TBL-0230,260,財政,水道事業費
TBL-0231,261,財政,復興事業費
TBL-0232,261,財政,結核予防並窮民治療事業資金
TBL-0233,262,財政,基本財産a
TBL-0234,262,財政,基本財産c
TBL-0235,263,財政,基本財産b
TBL-0236,263,財政,基本財産d
TBL-0237,264,財政,特別基本財産a
TBL-0238,264,財政,窮民救助費a
TBL-0239,264,財政,窮民救助費特別基本財産a
TBL-0240,265,財政,特別基本財産b
TBL-0241,265,財政,窮民救助費b
TBL-0242,265,財政,窮民救助費特別基本財産b
TBL-0243,266,財政,特別基本財c
TBL-0244,266,財政,窮民救助費c
TBL-0245,267,財政,特別基本財d
TBL-0246,267,財政,窮民救助費d
TBL-0247,268,財政,慈善事業資金
TBL-0248,268,財政,教育基本財産
TBL-0249,268,財政,社会事業資金
TBL-0250,269,財政,慈善事業資金
TBL-0251,269,財政,教育基本財産
TBL-0252,269,財政,社会事業資金
TBL-0253,270,財政,慈善事業資金
TBL-0254,270,財政,木島社会事業資金
TBL-0255,270,財政,社会事業資金
TBL-0256,271,財政,公益質屋費a
TBL-0257,272,財政,公益質屋費b
TBL-0258,273,財政,公益質屋費c
TBL-0259,274,財政,交通事業費1
TBL-0260,274,財政,交通事業資金
TBL-0261,275,財政,交通事業費2
TBL-0262,276,財政,区立病院維持蓄積金
TBL-0263,276,財政,区立病院費
TBL-0264,277,財政,区立病院維持蓄積金
TBL-0265,277,財政,区立病院費
TBL-0266,278,財政,函館病院費1a
TBL-0267,279,財政,函館病院費1b
TBL-0268,280,財政,函館病院費1c
TBL-0269,281,財政,函館病院費1d
TBL-0270,282,財政,函館病院費1e
TBL-0271,283,財政,函館病院費1f
TBL-0272,284,財政,函館病院費2-1a
TBL-0273,285,財政,函館病院費2-1b
TBL-0274,286,財政,函館病院費2-1
TBL-0275,287,財政,函館病院費2-2
TBL-0276,288,財政,函館病院費2-1a
TBL-0277,289,財政,函館病院費2-1
TBL-0278,290,財政,大森町有財産a
TBL-0279,290,財政,大森町有財産c
TBL-0280,290,財政,大森町有財産e
TBL-0281,291,財政,大森町有財産b
TBL-0282,291,財政,大森町有財産d
TBL-0283,291,財政,大森町有財産f
TBL-0284,292,財政,自転車競争事業費1a
TBL-0285,292,財政,自転車競争事業費2a
TBL-0286,293,財政,自転車競争事業費1b
TBL-0287,293,財政,自転車競争事業費2b
TBL-0288,294,財政,自転車競争事業費1c
TBL-0289,294,財政,自転車競争事業費2c
TBL-0290,295,財政,魚卸売市場事業費a
TBL-0291,295,財政,魚卸売市場事業費b
TBL-0292,295,財政,魚卸売市場事業費c
TBL-0293,296,財政,奨学資金a
TBL-0294,296,財政,奨学資金c
TBL-0295,297,財政,奨学資金b
TBL-0296,297,財政,奨学資金d
TBL-0297,298,財政,港湾事業費1a
TBL-0298,299,財政,港湾事業費1
TBL-0299,300,財政,港湾事業費2-1a
TBL-0300,301,財政,港湾事業費2-1b
TBL-0301,302,財政,港湾事業費2-1c
TBL-0302,303,財政,港湾事業費2-2a
TBL-0303,304,財政,港湾事業費2-2b
TBL-0304,305,財政,港湾事業費2-2c
TBL-0305,306,財政,と畜場費a
TBL-0306,306,財政,と畜場費c
TBL-0307,307,財政,と畜場費b
TBL-0308,307,財政,国民健康保険事業費1
TBL-0309,308,財政,国民健康保険事業費2a
TBL-0310,309,財政,国民健康保険事業費2b
TBL-0311,310,財政,国民健康保険事業費2c
TBL-0312,311,財政,下水道事業費a
TBL-0313,312,財政,下水道事業費b
TBL-0314,313,財政,下水道事業費c
TBL-0315,314,財政,中央卸売市場事業a
TBL-0316,314,財政,交通災害共済事業費a
TBL-0317,314,財政,育英資金a
TBL-0318,315,財政,中央卸売市場事業b
TBL-0319,315,財政,交通災害共済事業費b
TBL-0320,315,財政,育英資金b
TBL-0321,316,財政,企業会計水道事業1-1a
TBL-0322,317,財政,企業会計水道事業1-1b
TBL-0323,318,財政,企業会計水道事業1-1c
TBL-0324,319,財政,企業会計水道事業1-1d
TBL-0325,320,財政,企業会計水道事業1-1e
TBL-0326,321,財政,企業会計水道事業1-2a
TBL-0327,322,財政,企業会計水道事業1-2b
TBL-0328,323,財政,企業会計水道事業1-2c
TBL-0329,324,財政,企業会計水道事業1-2d
TBL-0330,325,財政,企業会計水道事業1-2e
TBL-0331,326,財政,企業会計温泉事業1-1a
TBL-0332,327,財政,企業会計温泉事業1-1b
TBL-0333,328,財政,企業会計温泉事業1-2a
TBL-0334,329,財政,企業会計温泉事業1-2b
TBL-0335,330,財政,企業会計交通事業1-1a
TBL-0336,331,財政,企業会計交通事業1-1b
TBL-0337,332,財政,企業会計交通事業1-1c
TBL-0338,333,財政,企業会計交通事業1-1d
TBL-0339,334,財政,企業会計交通事業1-1e
TBL-0340,335,財政,企業会計交通事業1-2a
TBL-0341,336,財政,企業会計交通事業1-2b
TBL-0342,337,財政,企業会計交通事業1-2c
TBL-0343,338,財政,企業会計交通事業1-2d
TBL-0344,339,財政,企業会計交通事業1-2e
TBL-0345,340,財政,企業会計病院事業1-1a
TBL-0346,341,財政,企業会計病院事業1-1b
TBL-0347,342,財政,企業会計病院事業1-1c
TBL-0348,343,財政,企業会計病院事業1-2a
TBL-0349,344,財政,企業会計病院事業1-2b
TBL-0350,345,財政,企業会計病院事業1-2c
TBL-0351,346,財政,企業会計病院事業1-3a
TBL-0352,347,財政,企業会計病院事業1-3b
TBL-0353,348,財政,企業会計病院事業1-3c
TBL-0354,349,財政,企業会計中央卸売市場事業
TBL-0355,350,財政,企業会計港湾埋立事業a
TBL-0356,351,財政,企業会計港湾埋立事業b
TBL-0357,352,財政,区税a
TBL-0358,353,財政,区税b
TBL-0359,354,財政,区税c
TBL-0360,355,財政,市税1a
TBL-0361,355,財政,市税1b
TBL-0362,356,財政,市税2a
TBL-0363,356,財政,市税2c
TBL-0364,356,財政,市税2e
TBL-0365,356,財政,市税2f
TBL-0366,357,財政,市税2b
TBL-0367,357,財政,市税2d
TBL-0368,357,財政,市税2f
TBL-0369,357,財政,市税2h
TBL-0370,358,財政,市税3a
TBL-0371,358,財政,市税3c
TBL-0372,359,財政,市税3b
TBL-0373,359,財政,市税3d
TBL-0374,360,財政,地方税a
TBL-0375,361,財政,地方税b
TBL-0376,362,財政,地方税c
TBL-0377,363,財政,地方税d
TBL-0378,364,財政,国税a
TBL-0379,365,財政,国税b
TBL-0380,398,農業,農業戸数-人口-耕地a
TBL-0381,398,農業,農業戸数-人口-耕地b
TBL-0382,398,農業,農業戸数-人口-耕地d
TBL-0383,399,農業,農業戸数-人口-耕地c
TBL-0384,399,農業,農業戸数-人口-耕地e
TBL-0385,400,農業,農家数-農家人口
TBL-0386,401,農業,経営耕地別面積
TBL-0387,402,農業,主要農作物作付面積(戦前)a
TBL-0388,403,農業,主要農作物作付面積(戦前)b
TBL-0389,404,農業,主要農作物作付面積(戦後)a
TBL-0390,405,農業,主要農作物作付面積(戦後)b
TBL-0391,406,農業,家畜-家舎
TBL-0392,407,農業,家畜飼養戸数-頭数
TBL-0393,408,漁業,生売水産物数量a
TBL-0394,409,漁業,生売水産物数量b
TBL-0395,410,漁業,生売水産物金額a
TBL-0396,411,漁業,生売水産物金額b
TBL-0397,412,漁業,輸出生魚数量･金額a
TBL-0398,412,漁業,輸出生魚数量･金額c
TBL-0399,413,漁業,輸出生魚数量･金額b
TBL-0400,414,漁業,製造水産物水量1-1a
TBL-0401,415,漁業,製造水産物水量1-1b
TBL-0402,416,漁業,製造水産物水量1-1c
TBL-0403,417,漁業,製造水産物水量1-2a
TBL-0404,418,漁業,製造水産物水量1-2b
TBL-0405,419,漁業,製造水産物水量1-2c
TBL-0406,420,漁業,製造水産物金額1-1a
TBL-0407,421,漁業,製造水産物金額1-1b
TBL-0408,422,漁業,製造水産物金額1-1c
TBL-0409,423,漁業,製造水産物金額1-2a
TBL-0410,424,漁業,製造水産物金額1-2b
TBL-0411,425,漁業,製造水産物金額1-2c
TBL-0412,426,漁業,水産製品生産量1-1a
TBL-0413,427,漁業,水産製品生産量1-1b
TBL-0414,428,漁業,水産製品生産量1-1c
TBL-0415,429,漁業,水産製品生産量1-1d
TBL-0416,430,漁業,水産製品生産量1-2a
TBL-0417,431,漁業,水産製品生産量1-2b
TBL-0418,432,漁業,水産製品生産量1-2c
TBL-0419,433,漁業,水産製品生産量1-3a
TBL-0420,434,漁業,水産製品生産量1-3b
TBL-0421,435,漁業,水産製品生産量1-3c
TBL-0422,436,漁業,水産製品生産量1-3d
TBL-0423,437,漁業,水産製品生産量1-3e
TBL-0424,438,漁業,水産製品生産金額1-1a
TBL-0425,439,漁業,水産製品生産金額1-1b
TBL-0426,440,漁業,水産製品生産金額1-1c
TBL-0427,441,漁業,水産製品生産金額1-1d
TBL-0428,442,漁業,水産製品生産金額1-2a
TBL-0429,443,漁業,水産製品生産金額1-2b
TBL-0430,444,漁業,水産製品生産金額1-2c
TBL-0431,445,漁業,水産製品生産金額1-2d
TBL-0432,446,漁業,水産製品生産金額1-3a
TBL-0433,447,漁業,水産製品生産金額1-3b
TBL-0434,448,漁業,水産製品生産金額1-3c
TBL-0435,449,漁業,水産製品生産金額1-3d
TBL-0436,450,漁業,魚種別漁獲量a
TBL-0437,451,漁業,魚種別漁獲金額a
TBL-0438,452,漁業,魚種別漁獲量b
TBL-0439,453,漁業,魚種別漁獲量c
TBL-0440,454,漁業,魚種別漁獲量d
TBL-0441,455,漁業,魚種別漁獲量e
TBL-0442,456,漁業,魚種別漁獲金額b
TBL-0443,457,漁業,魚種別漁獲金額c
TBL-0444,458,漁業,魚種別漁獲金額d
TBL-0445,459,漁業,魚種別漁獲金額e
TBL-0446,460,漁業,漁業別漁獲量a
TBL-0447,461,漁業,漁業別漁獲金額a
TBL-0448,462,漁業,漁業別漁獲量b
TBL-0449,463,漁業,漁業別漁獲金額b
TBL-0450,469,漁業,魚網a
TBL-0451,470,漁業,漁網b
TBL-0452,488,露領漁業,租借-経営鮭鱒漁区数-魚種別漁獲量
TBL-0453,489,露領漁業,監視区別経営漁区数-魚種別漁獲量a
TBL-0454,490,露領漁業,監視区別経営漁区数-魚種別漁獲量b
TBL-0455,491,露領漁業,監視区別経営漁区数-魚種別漁獲量c
TBL-0456,492,露領漁業,監視区別経営漁区数-魚種別漁獲量d
TBL-0457,493,露領漁業,監視区別経営漁区数-魚種別漁獲量e
TBL-0458,494,露領漁業,塩鮭鱒生産量
TBL-0459,495,露領漁業,鮭鱒蟹缶詰生産量-金額a
TBL-0460,496,露領漁業,使用船舶数-トン数
TBL-0461,496,露領漁業,鮭鱒蟹缶詰生産量-金額b
TBL-0462,497,露領漁業,使用船舶数
TBL-0463,498,露領漁業,漁業塩産出国別使用量
TBL-0464,499,露領漁業,府県別従業員数
TBL-0465,499,露領漁業,職業別従業員数
TBL-0466,500,露領漁業,府県別露領水産組合員数a
TBL-0467,501,露領漁業,府県別露領水産組合員数b
TBL-0468,506,露領漁業,監視区別-漁区別借区者異動-漁獲量-西南区a
TBL-0469,507,露領漁業,監視区別-漁区別借区者異動-漁獲量-西南区b
TBL-0470,508,露領漁業,監視区別-漁区別借区者異動-漁獲量-西南区c
TBL-0471,509,露領漁業,監視区別-漁区別借区者異動-漁獲量-西南区d
TBL-0472,510,露領漁業,監視区別-漁区別借区者異動-漁獲量-西南区e
TBL-0473,511,露領漁業,監視区別-漁区別借区者異動-漁獲量-西南区f
TBL-0474,512,露領漁業,監視区別-漁区別借区者異動-漁獲量-サガレン区a
TBL-0475,513,露領漁業,監視区別-漁区別借区者異動-漁獲量-サガレン区b
TBL-0476,514,露領漁業,監視区別-漁区別借区者異動-漁獲量-オホストスキーa
TBL-0477,515,露領漁業,監視区別-漁区別借区者異動-漁獲量-オホストスキーb
TBL-0478,516,露領漁業,監視区別-漁区別借区者異動-漁獲量-オホストスキーc
TBL-0479,517,露領漁業,監視区別-漁区別借区者異動-漁獲量-オホストスキーd
TBL-0480,518,露領漁業,監視区別-漁区別借区者異動-漁獲量-オホストスキーe
TBL-0481,519,露領漁業,監視区別-漁区別借区者異動-漁獲量-オホストスキーf
TBL-0482,520,露領漁業,監視区別-漁区別借区者異動-漁獲量-オホストスキーg
TBL-0483,521,露領漁業,監視区別-漁区別借区者異動-漁獲量-オホストスキーh
TBL-0484,522,露領漁業,監視区別-漁区別借区者異動-漁獲量-オホストスキーi
TBL-0485,523,露領漁業,監視区別-漁区別借区者異動-漁獲量-オホストスキーj
TBL-0486,524,露領漁業,監視区別-漁区別借区者異動-漁獲量-オホストスキーk
TBL-0487,525,露領漁業,監視区別-漁区別借区者異動-漁獲量-ギジギンスキーa
TBL-0488,526,露領漁業,監視区別-漁区別借区者異動-漁獲量-ギジギンスキーb
TBL-0489,527,露領漁業,監視区別-漁区別借区者異動-漁獲量-ギジギンスキーc
TBL-0490,528,露領漁業,監視区別-漁区別借区者異動-漁獲量-ギジギンスキーd
TBL-0491,529,露領漁業,監視区別-漁区別借区者異動-漁獲量-西カムチャツカ区1a
TBL-0492,530,露領漁業,監視区別-漁区別借区者異動-漁獲量-西カムチャツカ区1b
TBL-0493,531,露領漁業,監視区別-漁区別借区者異動-漁獲量-西カムチャツカ区1c
TBL-0494,532,露領漁業,監視区別-漁区別借区者異動-漁獲量-西カムチャツカ区1d
TBL-0495,533,露領漁業,監視区別-漁区別借区者異動-漁獲量-西カムチャツカ区1e
TBL-0496,534,露領漁業,監視区別-漁区別借区者異動-漁獲量-西カムチャツカ区1f
TBL-0497,535,露領漁業,監視区別-漁区別借区者異動-漁獲量-西カムチャツカ区1g
TBL-0498,536,露領漁業,監視区別-漁区別借区者異動-漁獲量-西カムチャツカ区1h
TBL-0499,537,露領漁業,監視区別-漁区別借区者異動-漁獲量-西カムチャツカ区1i
TBL-0500,538,露領漁業,監視区別-漁区別借区者異動-漁獲量-西カムチャツカ区1j
TBL-0501,539,露領漁業,監視区別-漁区別借区者異動-漁獲量-西カムチャツカ区1k
TBL-0502,540,露領漁業,監視区別-漁区別借区者異動-漁獲量-西カムチャツカ区1l
TBL-0503,541,露領漁業,監視区別-漁区別借区者異動-漁獲量-西カムチャツカ区1m
TBL-0504,542,露領漁業,監視区別-漁区別借区者異動-漁獲量-西カムチャツカ区2a
TBL-0505,543,露領漁業,監視区別-漁区別借区者異動-漁獲量-西カムチャツカ区2b
TBL-0506,544,露領漁業,監視区別-漁区別借区者異動-漁獲量-西カムチャツカ区2c
TBL-0507,545,露領漁業,監視区別-漁区別借区者異動-漁獲量-西カムチャツカ区2d
TBL-0508,546,露領漁業,監視区別-漁区別借区者異動-漁獲量-西カムチャツカ区2e
TBL-0509,547,露領漁業,監視区別-漁区別借区者異動-漁獲量-西カムチャツカ区2f
TBL-0510,548,露領漁業,監視区別-漁区別借区者異動-漁獲量-西カムチャツカ区2g
TBL-0511,549,露領漁業,監視区別-漁区別借区者異動-漁獲量-西カムチャツカ区2h
TBL-0512,550,露領漁業,監視区別-漁区別借区者異動-漁獲量-西カムチャツカ区2i
TBL-0513,551,露領漁業,監視区別-漁区別借区者異動-漁獲量-西カムチャツカ区2j
TBL-0514,552,露領漁業,監視区別-漁区別借区者異動-漁獲量-西カムチャツカ区2k
TBL-0515,553,露領漁業,監視区別-漁区別借区者異動-漁獲量-西カムチャツカ区2l
TBL-0516,554,露領漁業,監視区別-漁区別借区者異動-漁獲量-西カムチャツカ区2m
TBL-0517,555,露領漁業,監視区別-漁区別借区者異動-漁獲量-西カムチャツカ区2n
TBL-0518,556,露領漁業,監視区別-漁区別借区者異動-漁獲量-イーチンスキー区a
TBL-0519,557,露領漁業,監視区別-漁区別借区者異動-漁獲量-イーチンスキー区b
TBL-0520,558,露領漁業,監視区別-漁区別借区者異動-漁獲量-イーチンスキー区c
TBL-0521,559,露領漁業,監視区別-漁区別借区者異動-漁獲量-イーチンスキー区d
TBL-0522,560,露領漁業,監視区別-漁区別借区者異動-漁獲量-イーチンスキー区e
TBL-0523,561,露領漁業,監視区別-漁区別借区者異動-漁獲量-イーチンスキー区f
TBL-0524,562,露領漁業,監視区別-漁区別借区者異動-漁獲量-イーチンスキー区g
TBL-0525,563,露領漁業,監視区別-漁区別借区者異動-漁獲量-イーチンスキー区h
TBL-0526,564,露領漁業,監視区別-漁区別借区者異動-漁獲量-イーチンスキー区i
TBL-0527,565,露領漁業,監視区別-漁区別借区者異動-漁獲量-イーチンスキー区j
TBL-0528,566,露領漁業,監視区別-漁区別借区者異動-漁獲量-イーチンスキー区k
TBL-0529,567,露領漁業,監視区別-漁区別借区者異動-漁獲量-イーチンスキー区l
TBL-0530,568,露領漁業,監視区別-漁区別借区者異動-漁獲量-イーチンスキー区m
TBL-0531,569,露領漁業,監視区別-漁区別借区者異動-漁獲量-イーチンスキー区n
TBL-0532,570,露領漁業,監視区別-漁区別借区者異動-漁獲量-イーチンスキー区o
TBL-0533,571,露領漁業,監視区別-漁区別借区者異動-漁獲量-チギリスキー区a
TBL-0534,572,露領漁業,監視区別-漁区別借区者異動-漁獲量-チギリスキー区b
TBL-0535,573,露領漁業,監視区別-漁区別借区者異動-漁獲量-チギリスキー区c
TBL-0536,574,露領漁業,監視区別-漁区別借区者異動-漁獲量-東カムチャツカ区a
TBL-0537,575,露領漁業,監視区別-漁区別借区者異動-漁獲量-東カムチャツカ区b
TBL-0538,576,露領漁業,監視区別-漁区別借区者異動-漁獲量-東カムチャツカ区c
TBL-0539,577,露領漁業,監視区別-漁区別借区者異動-漁獲量-東カムチャツカ区d
TBL-0540,578,露領漁業,監視区別-漁区別借区者異動-漁獲量-東カムチャツカ区e
TBL-0541,579,露領漁業,監視区別-漁区別借区者異動-漁獲量-カランギンスキー区a
TBL-0542,580,露領漁業,監視区別-漁区別借区者異動-漁獲量-カランギンスキー区b
TBL-0543,581,露領漁業,監視区別-漁区別借区者異動-漁獲量-カランギンスキー区c
TBL-0544,582,露領漁業,監視区別-漁区別借区者異動-漁獲量-カランギンスキー区d
TBL-0545,583,露領漁業,監視区別-漁区別借区者異動-漁獲量-カランギンスキー区e
TBL-0546,584,露領漁業,監視区別-漁区別借区者異動-漁獲量-カランギンスキー区f
TBL-0547,585,露領漁業,監視区別-漁区別借区者異動-漁獲量-カランギンスキー区g
TBL-0548,586,露領漁業,監視区別-漁区別借区者異動-漁獲量-カランギンスキー区h
TBL-0549,587,露領漁業,監視区別-漁区別借区者異動-漁獲量-カランギンスキー区i
TBL-0550,588,露領漁業,監視区別-漁区別借区者異動-漁獲量-カランギンスキー区j
TBL-0551,589,露領漁業,監視区別-漁区別借区者異動-漁獲量-カランギンスキー区k
TBL-0552,590,露領漁業,監視区別-漁区別借区者異動-漁獲量-カランギンスキー区l
TBL-0553,591,露領漁業,監視区別-漁区別借区者異動-漁獲量-カランギンスキー区m
TBL-0554,592,露領漁業,監視区別-漁区別借区者異動-漁獲量-カランギンスキー区n
TBL-0555,593,露領漁業,監視区別-漁区別借区者異動-漁獲量-カランギンスキー区o
TBL-0556,594,露領漁業,監視区別-漁区別借区者異動-漁獲量-キチギンスキー区a
TBL-0557,595,露領漁業,監視区別-漁区別借区者異動-漁獲量-キチギンスキー区b
TBL-0558,596,露領漁業,監視区別-漁区別借区者異動-漁獲量-キチギンスキー区c
TBL-0559,597,露領漁業,監視区別-漁区別借区者異動-漁獲量-キチギンスキー区d
TBL-0560,598,露領漁業,監視区別-漁区別借区者異動-漁獲量-キチギンスキー区e
TBL-0561,599,露領漁業,監視区別-漁区別借区者異動-漁獲量-キチギンスキー区f
TBL-0562,600,露領漁業,監視区別-漁区別借区者異動-漁獲量-キチギンスキー区g
TBL-0563,601,露領漁業,監視区別-漁区別借区者異動-漁獲量-オリュートル区a
TBL-0564,602,露領漁業,監視区別-漁区別借区者異動-漁獲量-オリュートル区b
TBL-0565,603,露領漁業,監視区別-漁区別借区者異動-漁獲量-オリュートル区c
TBL-0566,604,露領漁業,監視区別-漁区別借区者異動-漁獲量-オリュートル区d
TBL-0567,605,露領漁業,監視区別-漁区別借区者異動-漁獲量-オリュートル区e
TBL-0568,606,工業,産業(中分類)別事業所数-従業者数-製造品出荷額等a
TBL-0569,607,工業,産業(中分類)別事業所数-従業者数-製造品出荷額等b
TBL-0570,608,工業,産業(中分類)別事業所数-従業者数-製造品出荷額等c
TBL-0571,609,工業,産業(中分類)別事業所数-従業者数-製造品出荷額等d
TBL-0572,610,工業,産業(中分類)別事業所数-従業者数-製造品出荷額等e
TBL-0573,611,工業,産業(中分類)別事業所数-従業者数-製造品出荷額等f
TBL-0574,619,商業-金融,日本銀行営業状況
TBL-0575,620,商業-金融,普通銀行営業状況1a
TBL-0576,620,商業-金融,普通銀行営業状況2a
TBL-0577,620,商業-金融,普通銀行営業状況3a
TBL-0578,621,商業-金融,普通銀行営業状況1b
TBL-0579,621,商業-金融,普通銀行営業状況2b
TBL-0580,621,商業-金融,普通銀行営業状況3b
TBL-0581,622,商業-金融,普通銀行営業状況3c
TBL-0582,623,商業-金融,普通銀行営業状況3d
TBL-0583,624,商業-金融,日本銀行営業状況4c
TBL-0584,624,商業-金融,日本銀行営業状況4e
TBL-0585,624,商業-金融,普通銀行営業状況4a
TBL-0586,625,商業-金融,日本銀行営業状況4b
TBL-0587,625,商業-金融,日本銀行営業状況4d
TBL-0588,625,商業-金融,日本銀行営業状況4f
TBL-0589,626,商業-金融,金融機関主要勘定a
TBL-0590,627,商業-金融,金融機関主要勘定b
TBL-0591,628,商業-金融,金融機関主要勘定c
TBL-0592,629,商業-金融,郵便貯金1
TBL-0593,630,商業-金融,郵便貯金2
TBL-0594,630,商業-金融,郵便貯金3a
TBL-0595,631,商業-金融,郵便貯金3b
TBL-0596,632,運輸-通信,函館駅旅客-貨物運輸状況
TBL-0597,633,運輸-通信,国鉄別1日平均旅客-貨物運輸状況a
TBL-0598,634,運輸-通信,国鉄別1日平均旅客-貨物運輸状況b
TBL-0599,635,運輸-通信,国鉄別1日平均旅客-貨物運輸状況c
TBL-0600,636,運輸-通信,函館空港乗降客-貨物量状況
TBL-0601,637,運輸-通信,市電運行状況
TBL-0602,638,運輸-通信,市バス運行状況
TBL-0603,639,運輸-通信,函館バス運行状況
TBL-0604,640,運輸-通信,タクシー運行状況
TBL-0605,640,運輸-通信,在籍船舶2a
TBL-0606,641,運輸-通信,在籍船舶1
TBL-0607,641,運輸-通信,在籍船舶2b
TBL-0608,642,運輸-通信,内-外国航路入港商船数1
TBL-0609,642,運輸-通信,内-外国航路入港商船数2a
TBL-0610,643,運輸-通信,内-外国航路入港商船数2b
TBL-0611,652,運輸-通信,国別船種商船外国航路入港数a
TBL-0612,653,運輸-通信,国別船種商船外国航路入港数b
TBL-0613,654,運輸-通信,国別船種商船外国航路入港数c
TBL-0614,655,運輸-通信,青函連絡船乗降客数a
TBL-0615,655,運輸-通信,青函連絡船乗降客数b
TBL-0616,656,運輸-通信,フェリー運送状況
TBL-0617,657,運輸-通信,自動車保有台数
TBL-0618,658,運輸-通信,郵便
TBL-0619,659,運輸-通信,電信取扱数a
TBL-0620,659,運輸-通信,電信取扱数b
TBL-0621,660,内国貿易,品目別府県移出1-1a
TBL-0622,661,内国貿易,品目別府県移出1-1b
TBL-0623,662,内国貿易,品目別府県移出1-1c
TBL-0624,663,内国貿易,品目別府県移出1-2a
TBL-0625,664,内国貿易,品目別府県移出1-2b
TBL-0626,665,内国貿易,品目別府県移出1-2c
TBL-0627,666,内国貿易,品目別府県移出2-1a
TBL-0628,667,内国貿易,品目別府県移出2-1b
TBL-0629,668,内国貿易,品目別府県移出2-1c
TBL-0630,669,内国貿易,品目別府県移出2-2a
TBL-0631,670,内国貿易,品目別府県移出2-2b
TBL-0632,671,内国貿易,品目別府県移出2-2c
TBL-0633,672,内国貿易,品目別府県移出3a
TBL-0634,673,内国貿易,品目別府県移出3b
TBL-0635,674,内国貿易,品目別府県移出3c
TBL-0636,675,内国貿易,品目別府県移出3d
TBL-0637,676,内国貿易,品目別府県移出4-1a
TBL-0638,677,内国貿易,品目別府県移出4-1b
TBL-0639,678,内国貿易,品目別府県移出4-1c
TBL-0640,679,内国貿易,品目別府県移出4-2a
TBL-0641,680,内国貿易,品目別府県移出4-2b
TBL-0642,681,内国貿易,品目別府県移出4-2c
TBL-0643,682,内国貿易,品目別府県移出5-1a
TBL-0644,683,内国貿易,品目別府県移出5-1b
TBL-0645,684,内国貿易,品目別府県移出5-1c
TBL-0646,685,内国貿易,品目別府県移出5-1d
TBL-0647,686,内国貿易,品目別府県移出5-2a
TBL-0648,687,内国貿易,品目別府県移出5-2b
TBL-0649,688,内国貿易,品目別府県移出5-2c
TBL-0650,689,内国貿易,品目別府県移出5-2d
TBL-0651,690,内国貿易,品目別府県移出5-3a
TBL-0652,691,内国貿易,品目別府県移出5-3b
TBL-0653,692,内国貿易,品目別府県移出5-3c
TBL-0654,693,内国貿易,品目別府県移出5-3d
TBL-0655,694,内国貿易,品目別府県移入1-1a
TBL-0656,695,内国貿易,品目別府県移入1-1b
TBL-0657,696,内国貿易,品目別府県移入1-1c
TBL-0658,697,内国貿易,品目別府県移入1-2a
TBL-0659,698,内国貿易,品目別府県移入1-2b
TBL-0660,699,内国貿易,品目別府県移入1-2c
TBL-0661,700,内国貿易,品目別府県移入2-1a
TBL-0662,701,内国貿易,品目別府県移入2-1b
TBL-0663,702,内国貿易,品目別府県移入2-1c
TBL-0664,703,内国貿易,品目別府県移入2-2a
TBL-0665,704,内国貿易,品目別府県移入2-2b
TBL-0666,705,内国貿易,品目別府県移入2-2c
TBL-0667,706,内国貿易,品目別府県移入3a
TBL-0668,707,内国貿易,品目別府県移入3b
TBL-0669,708,内国貿易,品目別府県移入3c
TBL-0670,709,内国貿易,品目別府県移入3d
TBL-0671,710,内国貿易,品目別府県移入4-1a
TBL-0672,711,内国貿易,品目別府県移入4-1b
TBL-0673,712,内国貿易,品目別府県移入4-1c
TBL-0674,713,内国貿易,品目別府県移入4-2a
TBL-0675,714,内国貿易,品目別府県移入4-2b
TBL-0676,715,内国貿易,品目別府県移入4-2c
TBL-0677,716,内国貿易,品目別府県移入5-1a
TBL-0678,717,内国貿易,品目別府県移入5-1b
TBL-0679,718,内国貿易,品目別府県移入5-1c
TBL-0680,719,内国貿易,品目別府県移入5-1d
TBL-0681,720,内国貿易,品目別府県移入5-2a
TBL-0682,721,内国貿易,品目別府県移入5-2b
TBL-0683,722,内国貿易,品目別府県移入5-2c
TBL-0684,723,内国貿易,品目別府県移入5-2d
TBL-0685,724,内国貿易,品目別府県移入5-3a
TBL-0686,725,内国貿易,品目別府県移入5-3b
TBL-0687,726,内国貿易,品目別府県移入5-3c
TBL-0688,727,内国貿易,品目別府県移入5-3d
TBL-0689,728,内国貿易,品目別道内移出-海運1-1a
TBL-0690,729,内国貿易,品目別道内移出-海運1-1b
TBL-0691,730,内国貿易,品目別道内移出-海運1-1c
TBL-0692,731,内国貿易,品目別道内移出-海運1-1d
TBL-0693,732,内国貿易,品目別道内移出-海運1-1e
TBL-0694,733,内国貿易,品目別道内移出-海運1-2a
TBL-0695,734,内国貿易,品目別道内移出-海運1-2b
TBL-0696,735,内国貿易,品目別道内移出-海運1-2c
TBL-0697,736,内国貿易,品目別道内移出-海運1-2d
TBL-0698,737,内国貿易,品目別道内移出-海運1-2e
TBL-0699,738,内国貿易,品目別道内移出-海運2-1a
TBL-0700,739,内国貿易,品目別道内移出-海運2-1b
TBL-0701,740,内国貿易,品目別道内移出-海運2-1c
TBL-0702,741,内国貿易,品目別道内移出-海運2-2a
TBL-0703,742,内国貿易,品目別道内移出-海運2-2b
TBL-0704,743,内国貿易,品目別道内移出-海運2-2c
TBL-0705,744,内国貿易,品目別道内移出-海運3-1a
TBL-0706,745,内国貿易,品目別道内移出-海運3-1b
TBL-0707,746,内国貿易,品目別道内移出-海運3-1c
TBL-0708,747,内国貿易,品目別道内移出-海運3-1d
TBL-0709,748,内国貿易,品目別道内移出-海運3-2a
TBL-0710,749,内国貿易,品目別道内移出-海運3-2b
TBL-0711,750,内国貿易,品目別道内移出-海運3-2c
TBL-0712,751,内国貿易,品目別道内移出-海運3-2d
TBL-0713,752,内国貿易,品目別道内移出-海運3-3a
TBL-0714,753,内国貿易,品目別道内移出-海運3-3b
TBL-0715,754,内国貿易,品目別道内移出-海運3-3c
TBL-0716,755,内国貿易,品目別道内移出-海運3-3d
TBL-0717,756,内国貿易,品目別道内移入-海運1-1a
TBL-0718,757,内国貿易,品目別道内移入-海運1-1b
TBL-0719,758,内国貿易,品目別道内移入-海運1-1c
TBL-0720,759,内国貿易,品目別道内移入-海運1-1d
TBL-0721,760,内国貿易,品目別道内移入-海運1-1e
TBL-0722,761,内国貿易,品目別道内移入-海運1-2a
TBL-0723,762,内国貿易,品目別道内移入-海運1-2b
TBL-0724,763,内国貿易,品目別道内移入-海運1-2c
TBL-0725,764,内国貿易,品目別道内移入-海運1-2d
TBL-0726,765,内国貿易,品目別道内移入-海運1-2e
TBL-0727,766,内国貿易,品目別道内移入-海運2-1a
TBL-0728,767,内国貿易,品目別道内移入-海運2-1b
TBL-0729,768,内国貿易,品目別道内移入-海運2-1c
TBL-0730,769,内国貿易,品目別道内移入-海運2-2a
TBL-0731,770,内国貿易,品目別道内移入-海運2-2b
TBL-0732,771,内国貿易,品目別道内移入-海運2-2c
TBL-0733,772,内国貿易,品目別道内移入-海運3-1a
TBL-0734,773,内国貿易,品目別道内移入-海運3-1b
TBL-0735,774,内国貿易,品目別道内移入-海運3-1c
TBL-0736,775,内国貿易,品目別道内移入-海運3-1d
TBL-0737,776,内国貿易,品目別道内移入-海運3-2a
TBL-0738,777,内国貿易,品目別道内移入-海運3-2b
TBL-0739,778,内国貿易,品目別道内移入-海運3-2c
TBL-0740,779,内国貿易,品目別道内移入-海運3-2d
TBL-0741,780,内国貿易,品目別道内移入-海運3-3a
TBL-0742,781,内国貿易,品目別道内移入-海運3-3b
TBL-0743,782,内国貿易,品目別道内移入-海運3-3c
TBL-0744,783,内国貿易,品目別道内移入-海運3-3d
TBL-0745,784,内国貿易,品目別道内移出-陸運1-1a
TBL-0746,785,内国貿易,品目別道内移出-陸運1-1b
TBL-0747,786,内国貿易,品目別道内移出-陸運1-1c
TBL-0748,787,内国貿易,品目別道内移出-陸運1-1d
TBL-0749,788,内国貿易,品目別道内移出-陸運1-2a
TBL-0750,789,内国貿易,品目別道内移出-陸運1-2b
TBL-0751,790,内国貿易,品目別道内移出-陸運1-2c
TBL-0752,791,内国貿易,品目別道内移出-陸運1-2d
TBL-0753,792,内国貿易,品目別道内移出-陸運2-1a
TBL-0754,793,内国貿易,品目別道内移出-陸運2-1b
TBL-0755,794,内国貿易,品目別道内移出-陸運2-1c
TBL-0756,795,内国貿易,品目別道内移出-陸運2-1d
TBL-0757,796,内国貿易,品目別道内移出-陸運2-2a
TBL-0758,797,内国貿易,品目別道内移出-陸運2-2b
TBL-0759,798,内国貿易,品目別道内移出-陸運2-2c
TBL-0760,799,内国貿易,品目別道内移出-陸運2-2d
TBL-0761,800,内国貿易,品目別道内移出-陸運2-3a
TBL-0762,801,内国貿易,品目別道内移出-陸運2-3b
TBL-0763,802,内国貿易,品目別道内移出-陸運2-3c
TBL-0764,803,内国貿易,品目別道内移出-陸運2-3d
TBL-0765,804,内国貿易,品目別道内移入-陸運1-1a
TBL-0766,805,内国貿易,品目別道内移入-陸運1-1b
TBL-0767,806,内国貿易,品目別道内移入-陸運1-1c
TBL-0768,807,内国貿易,品目別道内移入-陸運1-1d
TBL-0769,808,内国貿易,品目別道内移入-陸運1-2a
TBL-0770,809,内国貿易,品目別道内移入-陸運1-2b
TBL-0771,810,内国貿易,品目別道内移入-陸運1-2c
TBL-0772,811,内国貿易,品目別道内移入-陸運1-2d
TBL-0773,812,内国貿易,品目別道内移入-陸運2-1a
TBL-0774,813,内国貿易,品目別道内移入-陸運2-1b
TBL-0775,814,内国貿易,品目別道内移入-陸運2-1c
TBL-0776,815,内国貿易,品目別道内移入-陸運2-1d
TBL-0777,816,内国貿易,品目別道内移入-陸運2-2a
TBL-0778,817,内国貿易,品目別道内移入-陸運2-2b
TBL-0779,818,内国貿易,品目別道内移入-陸運2-2c
TBL-0780,819,内国貿易,品目別道内移入-陸運2-2d
TBL-0781,820,内国貿易,品目別道内移入-陸運2-3a
TBL-0782,821,内国貿易,品目別道内移入-陸運2-3b
TBL-0783,822,内国貿易,品目別道内移入-陸運2-3c
TBL-0784,823,内国貿易,品目別道内移入-陸運2-3d
TBL-0785,824,内国貿易,品種別海上移出1-1a
TBL-0786,825,内国貿易,品種別海上移出1-1b
TBL-0787,826,内国貿易,品種別海上移出1-2a
TBL-0788,827,内国貿易,品種別海上移出1-2b
TBL-0789,828,内国貿易,品種別海上移出2a
TBL-0790,829,内国貿易,品種別海上移出2b
TBL-0791,830,内国貿易,品種別海上移入1-1a
TBL-0792,831,内国貿易,品種別海上移入1-1b
TBL-0793,832,内国貿易,品種別海上移入1-2a
TBL-0794,833,内国貿易,品種別海上移入1-2b
TBL-0795,834,内国貿易,品種別海上移入2a
TBL-0796,835,内国貿易,品種別海上移入2b
TBL-0797,836,内国貿易,主要水産物品目別仕向地別移出-鮮魚a
TBL-0798,837,内国貿易,主要水産物品目別仕向地別移出-鮮魚b
TBL-0799,838,内国貿易,主要水産物品目別仕向地別移出-塩鮭a
TBL-0800,839,内国貿易,主要水産物品目別仕向地別移出-塩鮭b
TBL-0801,840,内国貿易,主要水産物品目別仕向地別移出-塩鱒a
TBL-0802,841,内国貿易,主要水産物品目別仕向地別移出-塩鱒b
TBL-0803,842,内国貿易,主要水産物品目別仕向地別移出-塩鱈a
TBL-0804,843,内国貿易,主要水産物品目別仕向地別移出-塩鱈b
TBL-0805,844,内国貿易,主要水産物品目別仕向地別移出-筋子a
TBL-0806,845,内国貿易,主要水産物品目別仕向地別移出-筋子b
TBL-0807,846,内国貿易,主要水産物品目別仕向地別移出-塩魚類a
TBL-0808,847,内国貿易,主要水産物品目別仕向地別移出-塩魚類b
TBL-0809,848,内国貿易,主要水産物品目別仕向地別移出-身欠鰊-乾鰊a
TBL-0810,849,内国貿易,主要水産物品目別仕向地別移出-身欠鰊-乾鰊b
TBL-0811,850,内国貿易,主要水産物品目別仕向地別移出-鰊鯑a
TBL-0812,851,内国貿易,主要水産物品目別仕向地別移出-鰊鯑b
TBL-0813,852,内国貿易,主要水産物品目別仕向地別移出-千鱈a
TBL-0814,853,内国貿易,主要水産物品目別仕向地別移出-千鱈b
TBL-0815,854,内国貿易,主要水産物品目別仕向地別移出-千鯣a
TBL-0816,855,内国貿易,主要水産物品目別仕向地別移出-千鯣b
TBL-0817,856,内国貿易,主要水産物品目別仕向地別移出-貝柱a
TBL-0818,857,内国貿易,主要水産物品目別仕向地別移出-貝柱b
TBL-0819,858,内国貿易,主要水産物品目別仕向地別移出-千魚類a
TBL-0820,859,内国貿易,主要水産物品目別仕向地別移出-千魚類b
TBL-0821,860,内国貿易,主要水産物品目別仕向地別移出-長切昆布a
TBL-0822,861,内国貿易,主要水産物品目別仕向地別移出-長切昆布b
TBL-0823,862,内国貿易,主要水産物品目別仕向地別移出-元揃昆布a
TBL-0824,863,内国貿易,主要水産物品目別仕向地別移出-元揃昆布b
TBL-0825,864,内国貿易,主要水産物品目別仕向地別移出-折昆布a
TBL-0826,865,内国貿易,主要水産物品目別仕向地別移出-折昆布b
TBL-0827,866,内国貿易,主要水産物品目別仕向地別移出-雑昆布a
TBL-0828,867,内国貿易,主要水産物品目別仕向地別移出-雑昆布b
TBL-0829,868,内国貿易,主要水産物品目別仕向地別移出-鰊粕a
TBL-0830,869,内国貿易,主要水産物品目別仕向地別移出-鰊粕b
TBL-0831,870,内国貿易,主要水産物品目別仕向地別移出-鰮粕a
TBL-0832,871,内国貿易,主要水産物品目別仕向地別移出-鰮粕b
TBL-0833,872,内国貿易,主要水産物品目別仕向地別移出-魚油a
TBL-0834,873,内国貿易,主要水産物品目別仕向地別移出-魚油b
TBL-0835,874,外国貿易,函館港普通貿易-品目別輸出1-1a
TBL-0836,875,外国貿易,函館港普通貿易-品目別輸出1-1b
TBL-0837,876,外国貿易,函館港普通貿易-品目別輸出1-1c
TBL-0838,877,外国貿易,函館港普通貿易-品目別輸出1-1d
TBL-0839,878,外国貿易,函館港普通貿易-品目別輸出1-2a
TBL-0840,879,外国貿易,函館港普通貿易-品目別輸出1-2b
TBL-0841,880,外国貿易,函館港普通貿易-品目別輸出1-2c
TBL-0842,881,外国貿易,函館港普通貿易-品目別輸出1-2d
TBL-0843,882,外国貿易,函館港普通貿易-品目別輸出2-1a
TBL-0844,883,外国貿易,函館港普通貿易-品目別輸出2-1b
TBL-0845,884,外国貿易,函館港普通貿易-品目別輸出2-1c
TBL-0846,885,外国貿易,函館港普通貿易-品目別輸出2-1d
TBL-0847,886,外国貿易,函館港普通貿易-品目別輸出2-2a
TBL-0848,887,外国貿易,函館港普通貿易-品目別輸出2-2b
TBL-0849,888,外国貿易,函館港普通貿易-品目別輸出2-2c
TBL-0850,889,外国貿易,函館港普通貿易-品目別輸出2-2d
TBL-0851,890,外国貿易,函館港普通貿易-品目別輸出3-1a
TBL-0852,891,外国貿易,函館港普通貿易-品目別輸出3-1b
TBL-0853,892,外国貿易,函館港普通貿易-品目別輸出3-1c
TBL-0854,893,外国貿易,函館港普通貿易-品目別輸出3-1d
TBL-0855,894,外国貿易,函館港普通貿易-品目別輸出3-1e
TBL-0856,895,外国貿易,函館港普通貿易-品目別輸出3-1f
TBL-0857,896,外国貿易,函館港普通貿易-品目別輸出3-1g
TBL-0858,897,外国貿易,函館港普通貿易-品目別輸出3-1h
TBL-0859,898,外国貿易,函館港普通貿易-品目別輸出3-2a
TBL-0860,899,外国貿易,函館港普通貿易-品目別輸出3-2b
TBL-0861,900,外国貿易,函館港普通貿易-品目別輸出3-2c
TBL-0862,901,外国貿易,函館港普通貿易-品目別輸出3-2d
TBL-0863,902,外国貿易,函館港普通貿易-品目別輸出3-2e
TBL-0864,903,外国貿易,函館港普通貿易-品目別輸出3-2f
TBL-0865,904,外国貿易,函館港普通貿易-品目別輸出3-2g
TBL-0866,905,外国貿易,函館港普通貿易-品目別輸出3-2h
TBL-0867,906,外国貿易,函館港普通貿易-品目別輸出4-1a
TBL-0868,907,外国貿易,函館港普通貿易-品目別輸出4-1b
TBL-0869,908,外国貿易,函館港普通貿易-品目別輸出4-2a
TBL-0870,909,外国貿易,函館港普通貿易-品目別輸出4-2b
TBL-0871,910,外国貿易,函館港普通貿易-品目別輸出4-3a
TBL-0872,911,外国貿易,函館港普通貿易-品目別輸出4-3b
TBL-0873,912,外国貿易,函館港普通貿易-品目別輸出4-4a
TBL-0874,913,外国貿易,函館港普通貿易-品目別輸出4-4b
TBL-0875,914,外国貿易,函館港普通貿易-品目別輸出5-1a
TBL-0876,915,外国貿易,函館港普通貿易-品目別輸出5-1b
TBL-0877,916,外国貿易,函館港普通貿易-品目別輸出5-2a
TBL-0878,917,外国貿易,函館港普通貿易-品目別輸出5-2b
TBL-0879,918,外国貿易,函館港普通貿易-品目別輸出5-3a
TBL-0880,919,外国貿易,函館港普通貿易-品目別輸出5-3b
TBL-0881,920,外国貿易,函館港普通貿易-品目別輸出6a
TBL-0882,921,外国貿易,函館港普通貿易-品目別輸出6b
TBL-0883,922,外国貿易,函館港品目別輸出1a
TBL-0884,923,外国貿易,函館港品目別輸出1b
TBL-0885,924,外国貿易,函館港品目別輸出2a
TBL-0886,925,外国貿易,函館港品目別輸出2b
TBL-0887,926,外国貿易,函館港品目別輸出2c
TBL-0888,927,外国貿易,函館港品目別輸出2d
TBL-0889,928,外国貿易,函館港品目別輸出3a
TBL-0890,929,外国貿易,函館港品目別輸出3b
TBL-0891,930,外国貿易,函館港品目別輸出3c
TBL-0892,931,外国貿易,函館港品目別輸出3d
TBL-0893,932,外国貿易,函館港品目別輸出3e
TBL-0894,933,外国貿易,函館港品目別輸出3f
TBL-0895,934,外国貿易,函館港普通貿易-品目別輸入1a
TBL-0896,935,外国貿易,函館港普通貿易-品目別輸入1b
TBL-0897,936,外国貿易,函館港普通貿易-品目別輸入2-1a
TBL-0898,937,外国貿易,函館港普通貿易-品目別輸入2-1b
TBL-0899,938,外国貿易,函館港普通貿易-品目別輸入2-2a
TBL-0900,939,外国貿易,函館港普通貿易-品目別輸入2-2b
TBL-0901,940,外国貿易,函館港普通貿易-品目別輸入3-1a
TBL-0902,941,外国貿易,函館港普通貿易-品目別輸入3-1b
TBL-0903,942,外国貿易,函館港普通貿易-品目別輸入3-1c
TBL-0904,943,外国貿易,函館港普通貿易-品目別輸入3-1d
TBL-0905,944,外国貿易,函館港普通貿易-品目別輸入3-2a
TBL-0906,945,外国貿易,函館港普通貿易-品目別輸入3-2b
TBL-0907,946,外国貿易,函館港普通貿易-品目別輸入3-2c
TBL-0908,947,外国貿易,函館港普通貿易-品目別輸入3-2d
TBL-0909,948,外国貿易,函館港普通貿易-品目別輸入3-3a
TBL-0910,949,外国貿易,函館港普通貿易-品目別輸入3-3b
TBL-0911,950,外国貿易,函館港普通貿易-品目別輸入3-3c
TBL-0912,951,外国貿易,函館港普通貿易-品目別輸入3-3d
TBL-0913,952,外国貿易,函館港普通貿易-品目別輸入4a
TBL-0914,953,外国貿易,函館港普通貿易-品目別輸入4b
TBL-0915,954,外国貿易,函館港普通貿易-品目別輸入4c
TBL-0916,955,外国貿易,函館港普通貿易-品目別輸入4d
TBL-0917,956,外国貿易,函館港普通貿易-品目別輸入4e
TBL-0918,957,外国貿易,函館港普通貿易-品目別輸入4f
TBL-0919,958,外国貿易,函館港普通貿易-品目別輸入5-1a
TBL-0920,959,外国貿易,函館港普通貿易-品目別輸入5-1b
TBL-0921,960,外国貿易,函館港普通貿易-品目別輸入5-2a
TBL-0922,961,外国貿易,函館港普通貿易-品目別輸入5-2b
TBL-0923,962,外国貿易,函館港普通貿易-品目別輸入5-3a
TBL-0924,963,外国貿易,函館港普通貿易-品目別輸入5-3b
TBL-0925,964,外国貿易,函館港普通貿易-品目別輸入6-1a
TBL-0926,965,外国貿易,函館港普通貿易-品目別輸入6-1b
TBL-0927,966,外国貿易,函館港普通貿易-品目別輸入6-2a
TBL-0928,967,外国貿易,函館港普通貿易-品目別輸入6-2b
TBL-0929,968,外国貿易,函館港普通貿易-品目別輸入7a
TBL-0930,969,外国貿易,函館港普通貿易-品目別輸入7b
TBL-0931,970,外国貿易,函館港品目別輸入1a
TBL-0932,971,外国貿易,函館港品目別輸入1b
TBL-0933,972,外国貿易,函館港品目別輸入2a
TBL-0934,973,外国貿易,函館港品目別輸入2b
TBL-0935,974,外国貿易,函館港品目別輸入2c
TBL-0936,975,外国貿易,函館港品目別輸入2d
TBL-0937,976,外国貿易,函館港品目別輸入3a
TBL-0938,977,外国貿易,函館港品目別輸入3b
TBL-0939,978,外国貿易,函館港品目別輸入3c
TBL-0940,979,外国貿易,函館港品目別輸入3d
TBL-0941,980,外国貿易,函館港品目別輸入4a
TBL-0942,981,外国貿易,函館港品目別輸入4b
TBL-0943,982,外国貿易,函館港漁業貿易-品目別輸出1a
TBL-0944,983,外国貿易,函館港漁業貿易-品目別輸出1b
TBL-0945,984,外国貿易,函館港漁業貿易-品目別輸出2a
TBL-0946,984,外国貿易,函館港漁業貿易-品目別輸出2c
TBL-0947,985,外国貿易,函館港漁業貿易-品目別輸出2b
TBL-0948,985,外国貿易,函館港漁業貿易-品目別輸出2d
TBL-0949,986,外国貿易,函館港漁業貿易-品目別輸出3-1a
TBL-0950,987,外国貿易,函館港漁業貿易-品目別輸出3-1b
TBL-0951,988,外国貿易,函館港漁業貿易-品目別輸出3-2a
TBL-0952,989,外国貿易,函館港漁業貿易-品目別輸出3-2b
TBL-0953,990,外国貿易,函館港漁業貿易-品目別輸出3-3a
TBL-0954,991,外国貿易,函館港漁業貿易-品目別輸出3-3b
TBL-0955,992,外国貿易,函館港漁業貿易-品目別輸出4-1a
TBL-0956,993,外国貿易,函館港漁業貿易-品目別輸出4-1b
TBL-0957,994,外国貿易,函館港漁業貿易-品目別輸出4-2a
TBL-0958,995,外国貿易,函館港漁業貿易-品目別輸出4-2b
TBL-0959,996,外国貿易,函館港漁業貿易-品目別輸出4-3a
TBL-0960,997,外国貿易,函館港漁業貿易-品目別輸出4-3b
TBL-0961,998,外国貿易,函館港漁業貿易-品目別輸入1a
TBL-0962,998,外国貿易,函館港漁業貿易-品目別輸入1c
TBL-0963,998,外国貿易,函館港漁業貿易-品目別輸入1e
TBL-0964,999,外国貿易,函館港漁業貿易-品目別輸入1b
TBL-0965,999,外国貿易,函館港漁業貿易-品目別輸入1d
TBL-0966,999,外国貿易,函館港漁業貿易-品目別輸入1f
TBL-0967,1000外国貿易,,函館港漁業貿易-品目別輸入2-1a
TBL-0968,1001外国貿易,,函館港漁業貿易-品目別輸入2-1b
TBL-0969,1002外国貿易,,函館港漁業貿易-品目別輸入2-2a
TBL-0970,1003外国貿易,,函館港漁業貿易-品目別輸入2-2b
TBL-0971,1004外国貿易,,函館港漁業貿易-品目別輸入3a
TBL-0972,1005外国貿易,,函館港漁業貿易-品目別輸入3b
TBL-0973,1006外国貿易,,函館港国別輸出1a
TBL-0974,1006外国貿易,,函館港国別輸出1c
TBL-0975,1007外国貿易,,函館港国別輸出1b
TBL-0976,1007外国貿易,,函館港国別輸出1d
TBL-0977,1008外国貿易,,函館港国別輸出1e
TBL-0978,1008外国貿易,,函館港国別輸出1g
TBL-0979,1009外国貿易,,函館港国別輸出1f
TBL-0980,1009外国貿易,,函館港国別輸出1h
TBL-0981,1010外国貿易,,函館港国別輸出2a
TBL-0982,1011外国貿易,,函館港国別輸出2b
TBL-0983,1012外国貿易,,函館港国別輸出3
TBL-0984,1013外国貿易,,函館港国別輸出4
TBL-0985,1014外国貿易,,函館港国別輸入1a
TBL-0986,1014外国貿易,,函館港国別輸入1c
TBL-0987,1015外国貿易,,函館港国別輸入1b
TBL-0988,1015外国貿易,,函館港国別輸入1d
TBL-0989,1016外国貿易,,函館港国別輸入1e
TBL-0990,1016外国貿易,,函館港国別輸入1g
TBL-0991,1017外国貿易,,函館港国別輸入1f
TBL-0992,1018外国貿易,,函館港国別輸入2a
TBL-0993,1019外国貿易,,函館港国別輸入2b
TBL-0994,1020外国貿易,,函館港国別輸入3
TBL-0995,1021外国貿易,,函館港国別輸入4
TBL-0996,1022,物価-賃金,明治16年卸売物価
TBL-0997,1023,物価-賃金,卸売物価1
TBL-0998,1024,物価-賃金,卸売物価2-1a
TBL-0999,1025,物価-賃金,卸売物価2-1b
TBL-1000,1026,物価-賃金,卸売物価2-2a
TBL-1001,1027,物価-賃金,卸売物価2-2b
TBL-1002,1028,物価-賃金,卸売物価2-3a
TBL-1003,1029,物価-賃金,卸売物価2-3b
TBL-1004,1030,物価-賃金,卸売物価3-1a
TBL-1005,1031,物価-賃金,卸売物価3-1b
TBL-1006,1032,物価-賃金,卸売物価3-2a
TBL-1007,1033,物価-賃金,卸売物価3-2b
TBL-1008,1034,物価-賃金,卸売物価3-3a
TBL-1009,1035,物価-賃金,卸売物価3-3b
TBL-1010,1036,物価-賃金,卸売物価3-4a
TBL-1011,1037,物価-賃金,卸売物価3-4b
TBL-1012,1038,物価-賃金,卸売物価3-5a
TBL-1013,1039,物価-賃金,卸売物価3-5b
TBL-1014,1040,物価-賃金,卸売物価3-6a
TBL-1015,1041,物価-賃金,卸売物価3-6b
TBL-1016,1042,物価-賃金,卸売物価3-7a
TBL-1017,1043,物価-賃金,卸売物価3-7b
TBL-1018,1044,物価-賃金,卸売物価3-8a
TBL-1019,1045,物価-賃金,卸売物価3-8b
TBL-1020,1046,物価-賃金,卸売物価3-9a
TBL-1021,1047,物価-賃金,卸売物価3-9b
TBL-1022,1048,物価-賃金,卸売物価4-1a
TBL-1023,1049,物価-賃金,卸売物価4-1b
TBL-1024,1050,物価-賃金,卸売物価4-2a
TBL-1025,1051,物価-賃金,卸売物価4-2b
TBL-1026,1052,物価-賃金,卸売物価4-3a
TBL-1027,1053,物価-賃金,卸売物価4-3b
TBL-1028,1054,物価-賃金,卸売物価4-4a
TBL-1029,1055,物価-賃金,卸売物価4-4b
TBL-1030,1056,物価-賃金,卸売物価4-5a
TBL-1031,1057,物価-賃金,卸売物価4-5b
TBL-1032,1058,物価-賃金,卸売物価4-6a
TBL-1033,1059,物価-賃金,卸売物価4-6b
TBL-1034,1060,物価-賃金,卸売物価4-7a
TBL-1035,1061,物価-賃金,卸売物価4-7b
TBL-1036,1062,物価-賃金,卸売物価4-8a
TBL-1037,1063,物価-賃金,卸売物価4-8b
TBL-1038,1064,物価-賃金,卸売物価指数1-1a
TBL-1039,1065,物価-賃金,卸売物価指数1-1b
TBL-1040,1066,物価-賃金,卸売物価指数1-2a
TBL-1041,1067,物価-賃金,卸売物価指数1-2b
TBL-1042,1068,物価-賃金,小売物価a
TBL-1043,1069,物価-賃金,小売物価b
TBL-1044,1070,物価-賃金,主要品目小売価額1-1a
TBL-1045,1071,物価-賃金,主要品目小売価額1-1b
TBL-1046,1072,物価-賃金,主要品目小売価額1-2a
TBL-1047,1073,物価-賃金,主要品目小売価額1-2b
TBL-1048,1074,物価-賃金,小売物価指数a
TBL-1049,1075,物価-賃金,小売物価指数b
TBL-1050,1076,物価-賃金,業種別賃金表1a
TBL-1051,1077,物価-賃金,業種別賃金表1b
TBL-1052,1078,物価-賃金,業種別賃金表2-1a
TBL-1053,1079,物価-賃金,業種別賃金表2-1b
TBL-1054,1080,物価-賃金,業種別賃金表2-1c
TBL-1055,1081,物価-賃金,業種別賃金表2-1d
TBL-1056,1082,物価-賃金,業種別賃金表2-2a
TBL-1057,1083,物価-賃金,業種別賃金表2-2b
TBL-1058,1084,物価-賃金,業種別賃金表2-2
TBL-1059,1085,物価-賃金,業種別賃金表2-2
TBL-1060,1088,司法-警察,民事訴訟件数1a
TBL-1061,1088,司法-警察,民事訴訟件数2a
TBL-1062,1089,司法-警察,民事訴訟件数1b
TBL-1063,1089,司法-警察,民事訴訟件数2b
TBL-1064,1090,司法-警察,刑事訴訟件数1a
TBL-1065,1090,司法-警察,刑事訴訟件数2a
TBL-1066,1090,司法-警察,刑事訴訟件数3a
TBL-1067,1091,司法-警察,刑事訴訟件数1b
TBL-1068,1091,司法-警察,刑事訴訟件数2b
TBL-1069,1091,司法-警察,刑事訴訟件数3b
TBL-1070,1092,司法-警察,刑事訴訟件数1c
TBL-1071,1093,司法-警察,在監人員a
TBL-1072,1094,司法-警察,在監人員b
TBL-1073,1095,司法-警察,在監人員c
TBL-1074,1096,司法-警察,警察署及び警察職員a
TBL-1075,1097,司法-警察,警察署及び警察職員b
TBL-1076,1098,風俗,貸座敷数-芸娼妓数1
TBL-1077,1099,風俗,貸座敷数-芸娼妓数2
TBL-1078,1100,風俗,芸娼妓年齢別構成表a
TBL-1079,1101,風俗,芸娼妓年齢別構成表b
TBL-1080,1102,消防,火災件数1
TBL-1081,1103,消防,火災件数2
TBL-1082,1104,消防,消防組織(戦前1)a
TBL-1083,1104,消防,消防組織(戦前2)a
TBL-1084,1105,消防,消防組織(戦前2)b
TBL-1085,1106,消防,消防組織(戦後)a
TBL-1086,1107,消防,消防組織(戦後)b
TBL-1087,1108,消防,大火小史a
TBL-1088,1109,消防,大火小史b
TBL-1089,1110,衛生,医療施設数及び医療従事者数(戦前)
TBL-1090,1111,衛生,医療施設数及び医療従事者数(戦後)
TBL-1091,1112,衛生,法定伝染病患者数及び死亡者数a
TBL-1092,1113,衛生,法定伝染病患者数及び死亡者数b
TBL-1093,1114,衛生,法定伝染病患者数及び死亡者数c
TBL-1094,1115,衛生,法定伝染病患者数及び死亡者数d
TBL-1095,1116,衛生,種痘人員1
TBL-1096,1117,衛生,種痘人員2a
TBL-1097,1118,衛生,痘そうの定期予防接種
TBL-1098,1118,衛生,種痘人員2b
TBL-1099,1119,衛生,死因別死亡者数1a
TBL-1100,1119,衛生,死因別死亡者数1b
TBL-1101,1120,衛生,死因別死亡者数2-1a
TBL-1102,1121,衛生,死因別死亡者数2-1b
TBL-1103,1122,衛生,死因別死亡者数2-1c
TBL-1104,1123,衛生,死因別死亡者数2-2a
TBL-1105,1123,衛生,死因別死亡者数3a
TBL-1106,1124,衛生,死因別死亡者数2-2b
TBL-1107,1124,衛生,死因別死亡者数3b
TBL-1108,1125,衛生,死因別死亡者数2-2c
TBL-1109,1125,衛生,死因別死亡者数3c
TBL-1110,1126,衛生,年齢別死亡者数1
TBL-1111,1126,衛生,年齢別死亡者数3a
TBL-1112,1127,衛生,年齢別死亡者数2a
TBL-1113,1127,衛生,年齢別死亡者数3b
TBL-1114,1128,衛生,年齢別死亡者数2b
TBL-1115,1128,衛生,年齢別死亡者数3c
TBL-1116,1130,水道-電気-ガス,給水状況(戦前1)
TBL-1117,1130,水道-電気-ガス,給水状況(戦前2)
TBL-1118,1131,水道-電気-ガス,給水状況(戦後)
TBL-1119,1132,水道-電気-ガス,電灯-電力需要状況a
TBL-1120,1133,水道-電気-ガス,電灯-電力需要状況b
TBL-1121,1134,水道-電気-ガス,ガス供給状況a
TBL-1122,1135,水道-電気-ガス,ガス供給状況b
TBL-1123,1136,教育,学齢児童数-就学児童数-就学率a
TBL-1124,1137,教育,学齢児童数-就学児童数-就学率b
TBL-1125,1138,教育,幼稚園総覧1a
TBL-1126,1138,教育,幼稚園総覧2
TBL-1127,1139,教育,幼稚園総覧1b
TBL-1128,1140,教育,小学校総覧1a
TBL-1129,1141,教育,小学校総覧1b
TBL-1130,1142,教育,小学校総覧1c
TBL-1131,1143,教育,小学校総覧1d
TBL-1132,1144,教育,小学校総覧2
TBL-1133,1145,教育,各小学校別教員数-児童数1(公立)-内澗学校
TBL-1134,1145,教育,各小学校別教員数-児童数1(公立)-函館女子小学校
TBL-1135,1145,教育,各小学校別教員数-児童数1(公立)-常磐学校
TBL-1136,1145,教育,各小学校別教員数-児童数1(公立)-松蔭学校
TBL-1137,1145,教育,各小学校別教員数-児童数1(公立)-第一公立女学校
TBL-1138,1145,教育,各小学校別教員数-児童数1(公立)-附属小学校
TBL-1139,1146,教育,各小学校別教員数-児童数1(公立)-住吉尋常小学校-宝尋常高等小学校-東川尋常小学校a
TBL-1140,1147,教育,各小学校別教員数-児童数1(公立)-住吉尋常小学校-宝尋常高等小学校-東川尋常小学校b
TBL-1141,1148,教育,各小学校別教員数-児童数1(公立)-弥生国民学校-弥生高等小学校-弥生女子尋常小学校a
TBL-1142,1149,教育,各小学校別教員数-児童数1(公立)-弥生国民学校-弥生高等小学校-弥生女子尋常小学校b
TBL-1143,1150,教育,各小学校別教員数-児童数1(公立)-高砂尋常小学校-幸国民学校-函館女子尋常高等小学校a
TBL-1144,1151,教育,各小学校別教員数-児童数1(公立)-高砂尋常小学校-幸国民学校-函館女子尋常高等小学校b
TBL-1145,1152,教育,各小学校別教員数-児童数1(公立)-亀田尋常高等小学校-附属国民学校-若松国民学校a
TBL-1146,1153,教育,各小学校別教員数-児童数1(公立)-亀田尋常高等小学校-附属国民学校-若松国民学校b
TBL-1147,1154,教育,各小学校別教員数-児童数1(公立)-新川国民学校-第二東川尋常小学校
TBL-1148,1155,教育,各小学校別教員数-児童数1(公立)-松風国民学校-巴国民学校-常磐国民学校
TBL-1149,1156,教育,各小学校別教員数-児童数1(公立)-中島国民学校-高盛国民学校-青柳国民学校
TBL-1150,1156,教育,各小学校別教員数-児童数1(公立)-谷地頭国民学校-万年橋国民学校-大森尋常高等学校
TBL-1151,1158,教育,各小学校別教員数-児童数1(公立)-湯川国民学校-亀尾国民学校-寅沢国民学校
TBL-1152,1158,教育,各小学校別教員数-児童数1(公立)-的場国民学校-大森国民学校-東川国民学校
TBL-1153,1159,教育,各小学校別教員数-児童数1(公立)-蛾眉野国民学校-鱒川国民学校-八幡国民学校
TBL-1154,1160,教育,各小学校別教員数-児童数1(私立)-愛陶舎
TBL-1155,1160,教育,各小学校別教員数-児童数1(私立)-森学校
TBL-1156,1160,教育,各小学校別教員数-児童数1(私立)-沢学校
TBL-1157,1160,教育,各小学校別教員数-児童数1(私立)-浅井学校
TBL-1158,1160,教育,各小学校別教員数-児童数1(私立)-淳風学校
TBL-1159,1160,教育,各小学校別教員数-児童数1(私立)-藤村学校
TBL-1160,1160,教育,各小学校別教員数-児童数1(私立)-辻学校
TBL-1161,1161,教育,各小学校別教員数-児童数1(私立)-大森尋常小学校
TBL-1162,1161,教育,各小学校別教員数-児童数1(私立)-山内小学校
TBL-1163,1161,教育,各小学校別教員数-児童数1(私立)-濱野学校
TBL-1164,1161,教育,各小学校別教員数-児童数1(私立)-豊川学校
TBL-1165,1162,教育,各小学校別教員数-児童数1(私立)-鶴岡尋常小学校-若山尋常小学校-一貫尋常小学校a
TBL-1166,1163,教育,各小学校別教員数-児童数1(私立)-鶴岡尋常小学校-若山尋常小学校-一貫尋常小学校b
TBL-1167,1164,教育,各小学校別教員数-児童数1(私立)-古川尋常小学校-堀川尋常高等小学校-六和女学校-大谷女子小学校
TBL-1168,1165,教育,各小学校別教員数-児童数1(私立)-元町女子尋常高等小学校-吉祥尋常小学校-恵似尋常小学校
TBL-1169,1166,教育,各小学校別教員数-児童数2(市立)-弥生小学校-東川小学校-青柳小学校
TBL-1170,1167,教育,各小学校別教員数-児童数2(市立)-常磐小学校-幸小学校-大森小学校
TBL-1171,1168,教育,各小学校別教員数-児童数2(市立)-新川小学校-松風小学校-若松小学校
TBL-1172,1169,教育,各小学校別教員数-児童数2(市立)-巴小学校-高盛小学校-千代ヶ岱小校
TBL-1173,1170,教育,各小学校別教員数-児童数2(市立)-中島小学校-柏野小学校-万年橋小学校
TBL-1174,1171,教育,各小学校別教員数-児童数2(市立)-八幡小学校-湯川小学校-亀尾小学
TBL-1175,1172,教育,各小学校別教員数-児童数2(市立)-鱒川小学校-蛾眉野小学校-港小学校
TBL-1176,1173,教育,各小学校別教員数-児童数2(市立)-千代田小学校-駒場小学校-谷地頭小学校
TBL-1177,1174,教育,各小学校別教員数-児童数2(市立)-金堀小学校-日吉が丘小学校-石崎小学校
TBL-1178,1175,教育,各小学校別教員数-児童数2(市立)-宇賀小学校-銭亀沢小学校-上湯川小学校
TBL-1179,1175,教育,各小学校別教員数-児童数2(市立)-西小学校-深堀小学校-東小学校
TBL-1180,1176,教育,各小学校別教員数-児童数2(市立)-亀田小学校-桔梗小学校-赤川小学校
TBL-1181,1176,教育,各小学校別教員数-児童数2(市立)-鍛神小学校-鍛神小学校東山分校-昭和小学校
TBL-1182,1177,教育,各小学校別教員数-児童数2(市立)-中の沢小学校-本通小学校-中央小学校
TBL-1183,1177,教育,各小学校別教員数-児童数2(市立)-北日吉小学校-高丘小学校-北昭和小学校
TBL-1184,1178,教育,各小学校別教員数-児童数2(国立-私立)-北海道師範大学附属函館小学校-函館三育小学校a
TBL-1185,1178,教育,各小学校別教員数-児童数2(市立)-北美原小学校
TBL-1186,1178,教育,各小学校別教員数-児童数2(市立)-東山小学校-中部小学校-旭岡小学校
TBL-1187,1179,教育,各小学校別教員数-児童数2(国立-私立)-北海道師範大学附属函館小学校-函館三育小学校b
TBL-1188,1180,教育,中学校-函館中学校a
TBL-1189,1180,教育,中学校-函館市立中学校
TBL-1190,1180,教育,中学校-函館高等女子学校a
TBL-1191,1181,教育,中学校-函館中学校b
TBL-1192,1181,教育,中学校-函館高等女子学校b
TBL-1193,1182,教育,実業学校-函館商業学校a
TBL-1194,1182,教育,実業学校-函館商船学校a
TBL-1195,1183,教育,実業学校-函館商業学校b
TBL-1196,1183,教育,実業学校-函館商船学校b
TBL-1197,1184,教育,実業学校-函館工業学校
TBL-1198,1185,教育,実業補習学校-函館商業補習学校-夜間
TBL-1199,1185,教育,実業補習学校-函館女子商業学校-夜間
TBL-1200,1185,教育,実業補習学校-函館工業補習学校-夜間
TBL-1201,1185,教育,実業補習学校-弥生商工補習学校-夜間
TBL-1202,1185,教育,実業補習学校-高砂女子実業補習学校-夜間
TBL-1203,1186,教育,実業補習学校-函館商工実習学校-夜間
TBL-1204,1186,教育,青年学校-統計表
TBL-1205,1187,教育,高等水産学校-師範学校-函館師範学校
TBL-1206,1187,教育,高等水産学校-師範学校-函館高等水産学校
TBL-1207,1187,教育,高等水産学校-師範学校-北海道函館師範学校
TBL-1208,1188,教育,私立各種学校(戦前)-遺愛女学校-聖保禄女学校-聖保禄高等女学校a
TBL-1209,1189,教育,私立各種学校(戦前)-遺愛女学校-聖保禄女学校-聖保禄高等女学校b
TBL-1210,1190,教育,私立各種学校(戦前)-函館盲啞院-大谷高等女学校-吉祥女学校a
TBL-1211,1190,教育,私立各種学校(戦前)-正教学校-靖和学校-函館土人学校
TBL-1212,1191,教育,私立各種学校(戦前)-函館盲啞院-大谷高等女学校-吉祥女学校b
TBL-1213,1192,教育,私立各種学校(戦前)-実践女学校-実践高等女学校
TBL-1214,1193,教育,私立各種学校(戦前)-大妻女子高等技芸学校-昭和女子高等技芸学校-函館経理学校
TBL-1215,1194,教育,中学校総覧
TBL-1216,1195,教育,高校総覧
TBL-1217,1196,教育,大学-函館大学
TBL-1218,1196,教育,大学-北海道大学水産学部
TBL-1219,1196,教育,大学-北海道教育大学函館分校
TBL-1220,1197,教育,短期大学-高等専門学校-函館工業高等専門大学
TBL-1221,1197,教育,短期大学-高等専門学校-函館短期大学-函館大谷短期大学
TBL-1222,1198,教育,盲-聾-養護学校-函館盲学校-函館聾学校a
TBL-1223,1199,教育,盲-聾-養護学校-函館盲学校-函館聾学校b
TBL-1224,1199,教育,盲-聾-養護学校-函館盲学校-北海道教育大学教育学部附属養護学校(精神薄弱)
TBL-1225,1200,兵事,兵員数及び徴兵人員数a
TBL-1226,1201,兵事,兵員数及び徴兵人員数b