table_id,page_number,table_name
TBL-0001,58,気温・気圧・湿度
TBL-0001,59,気温・気圧・湿度
TBL-0002,60,風速・降水量・積雪量・日照時数
TBL-0002,61,風速・降水量・積雪量・日照時数
TBL-0003,62,天気日数・地震回数・霜雪期
TBL-0003,63,天気日数・地震回数・霜雪期
TBL-0004,64,地目別土地面積
TBL-0004,65,地目別土地面積
TBL-0004,66,地目別土地面積
TBL-0004,67,地目別土地面積
TBL-0005,68,民有地面積・地価
TBL-0005,69,民有地面積・地価
TBL-0006,70,有租地面積
TBL-0007,70,土地評価額
TBL-0008,71,明治42年，大正7年町別面積・道路
TBL-0009,72,戸数・人口1-1
TBL-0009,73,戸数・人口1-1
TBL-0010,74,戸数・人口1-2
TBL-0010,75,戸数・人口1-2
TBL-0011,76,人口動態
TBL-0011,77,人口動態
TBL-0012,78,文化文政期町別戸口表
TBL-0012,79,文化文政期町別戸口表
TBL-0013,80,明治9年管内村町別戸口表1-1
TBL-0013,81,明治9年管内村町別戸口表1-1
TBL-0014,82,明治9年管内村町別戸口表1-2
TBL-0014,83,明治9年管内村町別戸口表1-2
TBL-0015,84,明治期町別戸口表(明治15~38年)
TBL-0015,85,明治期町別戸口表(明治15~38年)
TBL-0015,86,明治期町別戸口表(明治15~38年)
TBL-0015,87,明治期町別戸口表(明治15~38年)
TBL-0016,88,職業表1-1
TBL-0016,89,職業表1-1
TBL-0017,90,職業表1-2
TBL-0017,91,職業表1-2
TBL-0018,92,明治11年函館市中職業表1-1
TBL-0018,93,明治11年函館市中職業表1-1
TBL-0019,94,明治11年函館市中職業表1-2
TBL-0019,95,明治11年函館市中職業表1-2
TBL-0020,96,明治11年函館市中職業表1-3
TBL-0020,97,明治11年函館市中職業表1-3
TBL-0021,98,明治12年函館市中職業表1-1
TBL-0021,99,明治12年函館市中職業表1-1
TBL-0022,100,明治12年函館市中職業表1-2
TBL-0022,101,明治12年函館市中職業表1-2
TBL-0023,102,居留外国人戸口表1-1
TBL-0023,103,居留外国人戸口表1-1
TBL-0024,104,居留外国人戸口表1-2
TBL-0024,105,居留外国人戸口表1-2
TBL-0025,106,居留外国人職業表1
TBL-0026,107,居留外国人職業表2
TBL-0027,108,区内協議費(明治20年より区費)収支決算1-1(明治13-29)
TBL-0027,109,区内協議費(明治20年より区費)収支決算1-1(明治13-29)
TBL-0028,110,区内協議費(明治20年より区費)収支決算1-2(明治13-29)
TBL-0028,111,区内協議費(明治20年より区費)収支決算1-2(明治13-29)
TBL-0029,112,区費歳入決算1-1(明治30-大正11)
TBL-0029,113,区費歳入決算1-1(明治30-大正11)
TBL-0029,114,区費歳入決算1-1(明治30-大正11)
TBL-0029,115,区費歳入決算1-1(明治30-大正11)
TBL-0029,116,区費歳入決算1-1(明治30-大正11)
TBL-0030,117,区費歳入決算1-2(明治30-大正11)
TBL-0030,118,区費歳入決算1-2(明治30-大正11)
TBL-0030,119,区費歳入決算1-2(明治30-大正11)
TBL-0030,120,区費歳入決算1-2(明治30-大正11)
TBL-0030,121,区費歳入決算1-2(明治30-大正11)
TBL-0031,122,区費歳出経常部決算1-1(明治30-大正11)
TBL-0031,123,区費歳出経常部決算1-1(明治30-大正11)
TBL-0031,124,区費歳出経常部決算1-1(明治30-大正11)
TBL-0031,125,区費歳出経常部決算1-1(明治30-大正11)
TBL-0032,126,区費歳出経常部決算1-2(明治30-大正11)
TBL-0032,127,区費歳出経常部決算1-2(明治30-大正11)
TBL-0032,128,区費歳出経常部決算1-2(明治30-大正11)
TBL-0032,129,区費歳出経常部決算1-2(明治30-大正11)
TBL-0033,130,区費歳出臨時部決算1-1(明治30-大正11)
TBL-0033,131,区費歳出臨時部決算1-1(明治30-大正11)
TBL-0033,132,区費歳出臨時部決算1-1(明治30-大正11)
TBL-0033,133,区費歳出臨時部決算1-1(明治30-大正11)
TBL-0034,134,区費歳出臨時部決算1-2(明治30-大正11)
TBL-0034,135,区費歳出臨時部決算1-2(明治30-大正11)
TBL-0034,136,区費歳出臨時部決算1-2(明治30-大正11)
TBL-0034,137,区費歳出臨時部決算1-2(明治30-大正11)
TBL-0035,138,市歳入決算1-1(大正11-昭和14)
TBL-0035,139,市歳入決算1-1(大正11-昭和14)
TBL-0035,140,市歳入決算1-1(大正11-昭和14)
TBL-0035,141,市歳入決算1-1(大正11-昭和14)
TBL-0036,142,市歳入決算1-2(大正11-昭和14)
TBL-0036,143,市歳入決算1-2(大正11-昭和14)
TBL-0036,144,市歳入決算1-2(大正11-昭和14)
TBL-0036,145,市歳入決算1-2(大正11-昭和14)
TBL-0037,146,市歳入決算2-1(昭和15-22)
TBL-0037,147,市歳入決算2-1(昭和15-22)
TBL-0038,148,市歳入決算2-2(昭和15-22)
TBL-0038,149,市歳入決算2-2(昭和15-22)
TBL-0039,150,市歳入決算2-3(昭和15-22)
TBL-0039,151,市歳入決算2-3(昭和15-22)
TBL-0040,152,市歳入決算3-1(昭和23-38)
TBL-0040,153,市歳入決算3-1(昭和23-38)
TBL-0040,154,市歳入決算3-1(昭和23-38)
TBL-0041,155,市歳入決算3-2(昭和23-38)
TBL-0041,156,市歳入決算3-2(昭和23-38)
TBL-0041,157,市歳入決算3-2(昭和23-38)
TBL-0042,158,市歳入決算3-3(昭和23-38)
TBL-0042,159,市歳入決算3-3(昭和23-38)
TBL-0042,160,市歳入決算3-3(昭和23-38)
TBL-0043,161,市歳入決算3-4(昭和23-38)
TBL-0043,162,市歳入決算3-4(昭和23-38)
TBL-0043,163,市歳入決算3-4(昭和23-38)
TBL-0044,164,市歳入決算3-5(昭和23-38)
TBL-0044,165,市歳入決算3-5(昭和23-38)
TBL-0044,166,市歳入決算3-5(昭和23-38)
TBL-0045,167,市歳入決算4-1(昭和39-55)
TBL-0045,168,市歳入決算4-1(昭和39-55)
TBL-0045,169,市歳入決算4-1(昭和39-55)
TBL-0046,170,市歳入決算4-2(昭和39-55)
TBL-0046,171,市歳入決算4-2(昭和39-55)
TBL-0046,172,市歳入決算4-2(昭和39-55)
TBL-0047,173,市歳入決算4-3(昭和39-55)
TBL-0047,174,市歳入決算4-3(昭和39-55)
TBL-0047,175,市歳入決算4-3(昭和39-55)
TBL-0048,176,市歳出経常部決算1-1(大正11-昭和14)
TBL-0048,177,市歳出経常部決算1-1(大正11-昭和14)
TBL-0048,178,市歳出経常部決算1-1(大正11-昭和14)
TBL-0049,179,市歳出経常部決算1-2(大正11-昭和14)
TBL-0049,180,市歳出経常部決算1-2(大正11-昭和14)
TBL-0049,181,市歳出経常部決算1-2(大正11-昭和14)
TBL-0050,182,市歳出経常部決算1-3(大正11-昭和14)
TBL-0050,183,市歳出経常部決算1-3(大正11-昭和14)
TBL-0050,184,市歳出経常部決算1-3(大正11-昭和14)
TBL-0051,185,市歳出臨時部決算1-1(大正11-昭和14)
TBL-0051,186,市歳出臨時部決算1-1(大正11-昭和14)
TBL-0051,187,市歳出臨時部決算1-1(大正11-昭和14)
TBL-0052,188,市歳出臨時部決算1-2(大正11-昭和14)
TBL-0052,189,市歳出臨時部決算1-2(大正11-昭和14)
TBL-0052,190,市歳出臨時部決算1-2(大正11-昭和14)
TBL-0053,191,市歳出臨時部決算1-3(大正11-昭和14)
TBL-0053,192,市歳出臨時部決算1-3(大正11-昭和14)
TBL-0053,193,市歳出臨時部決算1-3(大正11-昭和14)
TBL-0054,194,市歳出経常部決算2-1(大正15-昭和22)
TBL-0054,195,市歳出経常部決算2-1(大正15-昭和22)
TBL-0055,196,市歳出経常部決算2-2(大正15-昭和22)
TBL-0055,197,市歳出経常部決算2-2(大正15-昭和22)
TBL-0056,198,市歳出経常部決算2-3(大正15-昭和22)
TBL-0056,199,市歳出経常部決算2-3(大正15-昭和22)
TBL-0057,200,市歳出経常部決算2-4(大正15-昭和22)
TBL-0057,201,市歳出経常部決算2-4(大正15-昭和22)
TBL-0058,202,市歳出臨時部決算2-1(大正15-昭和22)
TBL-0058,203,市歳出臨時部決算2-1(大正15-昭和22)
TBL-0059,204,市歳出臨時部決算2-2(大正15-昭和22)
TBL-0059,205,市歳出臨時部決算2-2(大正15-昭和22)
TBL-0060,206,市歳出臨時部決算2-3(大正15-昭和22)
TBL-0060,207,市歳出臨時部決算2-3(大正15-昭和22)
TBL-0061,208,市歳出決算3-1(昭和23-38)
TBL-0061,209,市歳出決算3-1(昭和23-38)
TBL-0061,210,市歳出決算3-1(昭和23-38)
TBL-0062,211,市歳出決算3-2(昭和23-38)
TBL-0062,212,市歳出決算3-2(昭和23-38)
TBL-0062,213,市歳出決算3-2(昭和23-38)
TBL-0063,214,市歳出決算3-3(昭和23-38)
TBL-0063,215,市歳出決算3-3(昭和23-38)
TBL-0063,216,市歳出決算3-3(昭和23-38)
TBL-0064,217,市歳出決算3-4(昭和23-38)
TBL-0064,218,市歳出決算3-4(昭和23-38)
TBL-0064,219,市歳出決算3-4(昭和23-38)
TBL-0065,220,市歳出決算4-1(昭和39-55)
TBL-0065,221,市歳出決算4-1(昭和39-55)
TBL-0065,222,市歳出決算4-1(昭和39-55)
TBL-0066,223,市歳出決算4-2(昭和39-55)
TBL-0066,224,市歳出決算4-2(昭和39-55)
TBL-0066,225,市歳出決算4-2(昭和39-55)
TBL-0067,226,市歳出決算4-3(昭和39-55)
TBL-0067,227,市歳出決算4-3(昭和39-55)
TBL-0067,228,市歳出決算4-3(昭和39-55)
TBL-0068,229,市歳出決算4-4(昭和39-55)
TBL-0068,230,市歳出決算4-4(昭和39-55)
TBL-0068,231,市歳出決算4-4(昭和39-55)
TBL-0069,232,市歳出決算4-5(昭和39-55)
TBL-0069,233,市歳出決算4-5(昭和39-55)
TBL-0069,234,市歳出決算4-5(昭和39-55)
TBL-0070,235,市歳出決算4-6(昭和39-55)
TBL-0070,236,市歳出決算4-6(昭和39-55)
TBL-0070,237,市歳出決算4-6(昭和39-55)
TBL-0071-01,238,区・市特別会計歳入歳出決算_行在所建築諸費(明治14)
TBL-0071-02,238,区・市特別会計歳入歳出決算_学校建築費(明治14)
TBL-0071-03,238,区・市特別会計歳入歳出決算_公立小学校地地平均費(明治16)
TBL-0071-04,238,区・市特別会計歳入歳出決算_宝小学校教場増築費(明治16)
TBL-0071-05,238,区・市特別会計歳入歳出決算_幸小学校新築費(明治16)
TBL-0071-06,238,区・市特別会計歳入歳出決算_住吉小学校新築費(明治16-17)
TBL-0071-07,238,区・市特別会計歳入歳出決算_高砂、東川小学校改築費(明治17)
TBL-0071-08,238,区・市特別会計歳入歳出決算_井戸新鑿修繕費(明治16-18)
TBL-0071-09,239,区・市特別会計歳入歳出決算_小学校補助金(明治15-19)
TBL-0071-10,239,区・市特別会計歳入歳出決算_窮民救護費(明治16-18)
TBL-0071-11,239,区・市特別会計歳入歳出決算_公園費(明治16-20)
TBL-0071-12,239,区・市特別会計歳入歳出決算_共有火葬及葬儀場建築費(明治22)
TBL-0072,240,区内共有金1(明治14-29)
TBL-0073,240,会社銀行年賦寄付金(弥生小学校建築費)(明治16-22)
TBL-0072,241,区内共有金1(明治14-29)
TBL-0073,241,会社銀行年賦寄付金(弥生小学校建築費)(明治16-22)
TBL-0074,242,区内共有金2(明治40-大正8)
TBL-0075,242,備荒貯蓄金(明治23-32)
TBL-0074,243,区内共有金2(明治40-大正8)
TBL-0075,243,備荒貯蓄金(明治23-32)
TBL-0076,244,教育蓄積金・公立小学校費・函館女学校費(明治19-32)
TBL-0076,245,教育蓄積金・公立小学校費・函館女学校費(明治19-32)
TBL-0077,246,共有基本金(明治21-43)
TBL-0077,247,共有基本金(明治21-43)
TBL-0077,248,共有基本金(明治21-43)
TBL-0078,249,私立小学校経費(参考)
TBL-0079,250,育児費・育児特別基本金(明治25-39)
TBL-0079,251,育児費・育児特別基本金(明治25-39)
TBL-0080,252,水道起業蓄積金(明治17-22)
TBL-0081,252,水道副管調査費(明治27)
TBL-0082,252,函館水道費(明治29)
TBL-0083,252,函館水道増設工事費(明治30)
TBL-0084,252,赤川水源測量費(明治30)
TBL-0085,253,水道保存蓄積金(明治26-32)
TBL-0086,253,若松町海面埋立工事(明治30-33)
TBL-0087,253,函館港改良工事(明治29-33)
TBL-0088,254,給水工事費(明治32-41)
TBL-0089,254,上水道拡張費(大正6-12)
TBL-0090,254,温泉費(昭和15-22)
TBL-0088,255,給水工事費(明治32-41)
TBL-0089,255,上水道拡張費(大正6-12)
TBL-0090,255,温泉費(昭和15-22)
TBL-0091,256,水道費(大正13-昭和22)
TBL-0091,257,水道費(大正13-昭和22)
TBL-0091,258,水道費(大正13-昭和22)
TBL-0091,259,水道費(大正13-昭和22)
TBL-0092,260,水道事業費(昭和23-27)
TBL-0093,261,復興事業費(昭和9-15)
TBL-0094,261,結核予防並窮民治療事業資金(昭和12-14)
TBL-0095,262,基本財産(明治40-昭和14)
TBL-0095,263,基本財産(明治40-昭和14)
TBL-0096,264,特別基本財産(明治44-昭和14)大正11年より施薬救療資金特別基本財産
TBL-0097,264,窮民救助費(大正元-昭和14)大正11年より賑恤救済資金特別基本財産
TBL-0098,264,窮民救助費特別基本財産(大正元-11)
TBL-0096,265,特別基本財産(明治44-昭和14)大正11年より施薬救療資金特別基本財産
TBL-0097,265,窮民救助費(大正元-昭和14)大正11年より賑恤救済資金特別基本財産
TBL-0098,265,窮民救助費特別基本財産(大正元-11)
TBL-0096,266,特別基本財産(明治44-昭和14)大正11年より施薬救療資金特別基本財産
TBL-0097,266,窮民救助費(大正元-昭和14)大正11年より賑恤救済資金特別基本財産
TBL-0096,267,特別基本財産(明治44-昭和14)大正11年より施薬救療資金特別基本財産
TBL-0097,267,窮民救助費(大正元-昭和14)大正11年より賑恤救済資金特別基本財産
TBL-0099,268,社会事業資金(大正11-昭和14)
TBL-0100,268,慈善事業資金(大正12-昭和14)
TBL-0099,269,社会事業資金(大正11-昭和14)
TBL-0100,269,慈善事業資金(大正12-昭和14)
TBL-0099,270,社会事業資金(大正11-昭和14)
TBL-0100,270,慈善事業資金(大正12-昭和14)
TBL-0101,270,木島社会事業資金(昭和8-14)
TBL-0102,271,公益質屋費(昭和3-22)
TBL-0102,272,公益質屋費(昭和3-22)
TBL-0102,273,公益質屋費(昭和3-22)
TBL-0103,274,交通事業費1(昭和18-22)
TBL-0104,274,交通事業資金(昭和19-22)
TBL-0105,275,交通事業費2(昭和23-27)
TBL-0106,276,区立病院費(明治14-29)
TBL-0107,276,区立病院維持蓄積金(明治25-32)
TBL-0106,277,区立病院費(明治14-29)
TBL-0107,277,区立病院維持蓄積金(明治25-32)
TBL-0108,278,函館病院費1(大正元-昭和22)
TBL-0108,279,函館病院費1(大正元-昭和22)
TBL-0108,280,函館病院費1(大正元-昭和22)
TBL-0108,281,函館病院費1(大正元-昭和22)
TBL-0108,282,函館病院費1(大正元-昭和22)
TBL-0108,283,函館病院費1(大正元-昭和22)
TBL-0109,284,函館病院費2-1(昭和23-38)昭和34年より病院費
TBL-0109,285,函館病院費2-1(昭和23-38)昭和34年より病院費
TBL-0109,286,函館病院費2-1(昭和23-38)昭和34年より病院費
TBL-0110,287,函館病院費2-2(昭和23-38)昭和34年より病院費
TBL-0110,288,函館病院費2-2(昭和23-38)昭和34年より病院費
TBL-0110,289,函館病院費2-2(昭和23-38)昭和34年より病院費
TBL-0111,290,大森町有財産(昭和13-55)
TBL-0111,291,大森町有財産(昭和13-55)
TBL-0112,292,自転車競争事業費1(昭和25-38)
TBL-0113,292,自転車競争事業費2(昭和39-55)
TBL-0112,293,自転車競争事業費1(昭和25-38)
TBL-0113,293,自転車競争事業費2(昭和39-55)
TBL-0112,294,自転車競争事業費1(昭和25-38)
TBL-0113,294,自転車競争事業費2(昭和39-55)
TBL-0114,295,魚卸売市場事業費(昭和40-55)昭和47より水産物地方卸売市場事業費
TBL-0115,296,奨学資金(昭和26-55)
TBL-0115,297,奨学資金(昭和26-55)
TBL-0116,298,港湾事業費1(昭和32-38)
TBL-0116,299,港湾事業費1(昭和32-38)
TBL-0117,300,港湾事業費2-1(昭和39-55)
TBL-0117,301,港湾事業費2-1(昭和39-55)
TBL-0117,302,港湾事業費2-1(昭和39-55)
TBL-0118,303,港湾事業費2-2(昭和39-55)
TBL-0118,304,港湾事業費2-2(昭和39-55)
TBL-0118,305,港湾事業費2-2(昭和39-55)
TBL-0119,306,と畜場費(昭和32-55)昭和47より食肉センター事業費
TBL-0119,307,と畜場費(昭和32-55)昭和47より食肉センター事業費
TBL-0120,307,国民健康保険事業費1(昭和33-38)
TBL-0121,308,国民健康保険事業費2(昭和39-55)
TBL-0121,309,国民健康保険事業費2(昭和39-55)
TBL-0121,310,国民健康保険事業費2(昭和39-55)
TBL-0122,311,下水道事業費(昭和37-55)
TBL-0122,312,下水道事業費(昭和37-55)
TBL-0122,313,下水道事業費(昭和37-55)
TBL-0123,314,交通災害共済事業費(昭和43-55)
TBL-0124,314,育英資金(昭和44-55)
TBL-0125,314,中央卸売市場事業(昭和47-49)
TBL-0123,315,交通災害共済事業費(昭和43-55)
TBL-0124,315,育英資金(昭和44-55)
TBL-0126,315,社会福祉施設整備資金(昭和50-55)
TBL-0127,316,企業会計水道事業1-1(昭和27-55)
TBL-0127,317,企業会計水道事業1-1(昭和27-55)
TBL-0127,318,企業会計水道事業1-1(昭和27-55)
TBL-0127,319,企業会計水道事業1-1(昭和27-55)
TBL-0127,320,企業会計水道事業1-1(昭和27-55)
TBL-0128,321,企業会計水道事業1-2(昭和27-55)
TBL-0128,322,企業会計水道事業1-2(昭和27-55)
TBL-0128,323,企業会計水道事業1-2(昭和27-55)
TBL-0128,324,企業会計水道事業1-2(昭和27-55)
TBL-0128,325,企業会計水道事業1-2(昭和27-55)
TBL-0129,326,企業会計温泉事業1-1(昭和42-55)
TBL-0129,327,企業会計温泉事業1-1(昭和42-55)
TBL-0130,328,企業会計温泉事業1-2(昭和42-55)
TBL-0130,329,企業会計温泉事業1-2(昭和42-55)
TBL-0131,330,企業会計交通事業1-1(昭和27-55)
TBL-0131,331,企業会計交通事業1-1(昭和27-55)
TBL-0131,332,企業会計交通事業1-1(昭和27-55)
TBL-0131,333,企業会計交通事業1-1(昭和27-55)
TBL-0131,334,企業会計交通事業1-1(昭和27-55)
TBL-0132,335,企業会計交通事業1-2(昭和27-55)
TBL-0132,336,企業会計交通事業1-2(昭和27-55)
TBL-0132,337,企業会計交通事業1-2(昭和27-55)
TBL-0132,338,企業会計交通事業1-2(昭和27-55)
TBL-0132,339,企業会計交通事業1-2(昭和27-55)
TBL-0133,340,企業会計病院事業1-1(昭和39-55)
TBL-0133,341,企業会計病院事業1-1(昭和39-55)
TBL-0133,342,企業会計病院事業1-1(昭和39-55)
TBL-0134,343,企業会計病院事業1-2(昭和39-55)
TBL-0134,344,企業会計病院事業1-2(昭和39-55)
TBL-0134,345,企業会計病院事業1-2(昭和39-55)
TBL-0135,346,企業会計病院事業1-3(昭和39-55)
TBL-0135,347,企業会計病院事業1-3(昭和39-55)
TBL-0135,348,企業会計病院事業1-3(昭和39-55)
TBL-0136,349,企業会計中央卸売市場事業(昭和50-55)
TBL-0137,350,企業会計港湾埋立事業(昭和37-47)
TBL-0137,351,企業会計港湾埋立事業(昭和37-47)
TBL-0138,352,区税
TBL-0138,353,区税
TBL-0138,354,区税
TBL-0139,355,市税
TBL-0140,356,市税2
TBL-0140,357,市税2
TBL-0141,358,市税3
TBL-0141,359,市税3
TBL-0142,360,地方税
TBL-0142,361,地方税
TBL-0142,362,地方税
TBL-0142,363,地方税
TBL-0143,364,国税
TBL-0143,365,国税
TBL-0144,366,区会議員選挙
TBL-0144,367,区会議員選挙
TBL-0144,368,区会議員選挙
TBL-0144,369,区会議員選挙
TBL-0144,370,区会議員選挙
TBL-0144,371,区会議員選挙
TBL-0144,372,区会議員選挙
TBL-0144,373,区会議員選挙
TBL-0144,374,区会議員選挙
TBL-0144,375,区会議員選挙
TBL-0144,376,区会議員選挙
TBL-0144,377,区会議員選挙
TBL-0144,378,区会議員選挙
TBL-0145,379,市会議員選挙
TBL-0145,380,市会議員選挙
TBL-0145,381,市会議員選挙
TBL-0145,382,市会議員選挙
TBL-0145,383,市会議員選挙
TBL-0145,384,市会議員選挙
TBL-0146,385,函館区・市会議員選挙執行状況
TBL-0147,386,北海道議会議員選挙
TBL-0147,387,北海道議会議員選挙
TBL-0147,388,北海道議会議員選挙
TBL-0148,389,北海道会議員選挙執行状況
TBL-0149,390,衆議院議員選挙
TBL-0149,391,衆議院議員選挙
TBL-0149,392,衆議院議員選挙
TBL-0150,393,衆議院議員選挙執行状況
TBL-0151,394,衆議院議員北海道地方区選挙
TBL-0151,395,衆議院議員北海道地方区選挙
TBL-0152,398,農業戸数・人口・耕地
TBL-0152,399,農業戸数・人口・耕地
TBL-0153,400,農家数・農家人口
TBL-0154,401,経営耕地別面積
TBL-0155,402,主要農作物作付面積・収穫高〈戦前〉
TBL-0155,403,主要農作物作付面積・収穫高〈戦前〉
TBL-0156,404,主要農作物作付面積・収穫高〈戦後〉
TBL-0156,405,主要農作物作付面積・収穫高〈戦後〉
TBL-0157,406,家畜・家舎
TBL-0158,407,家畜飼養戸数・頭数
TBL-0159,408,生売水産物数量
TBL-0159,409,生売水産物数量
TBL-0160,410,生売水産物金額
TBL-0160,411,生売水産物金額
TBL-0161,412,輸出生魚数量・金額
TBL-0161,413,輸出生魚数量・金額
TBL-0162,414,製造水産物数量1-1
TBL-0162,415,製造水産物数量1-1
TBL-0162,416,製造水産物数量1-1
TBL-0163,417,製造水産物数量1-2
TBL-0163,418,製造水産物数量1-2
TBL-0163,419,製造水産物数量1-2
TBL-0164,420,製造水産物金額1-1
TBL-0164,421,製造水産物金額1-1
TBL-0164,422,製造水産物金額1-1
TBL-0165,423,製造水産物金額1-2
TBL-0165,424,製造水産物金額1-2
TBL-0165,425,製造水産物金額1-2
TBL-0166,426,水産製品生産量1-1
TBL-0166,427,水産製品生産量1-1
TBL-0166,428,水産製品生産量1-1
TBL-0166,429,水産製品生産量1-1
TBL-0167,430,水産製品生産量1-2
TBL-0167,431,水産製品生産量1-2
TBL-0167,432,水産製品生産量1-2
TBL-0167,433,水産製品生産量1-2
TBL-0168,434,水産製品生産量1-3
TBL-0168,435,水産製品生産量1-3
TBL-0168,436,水産製品生産量1-3
TBL-0168,437,水産製品生産量1-3
TBL-0169,438,水産製品生産金額1-1
TBL-0169,439,水産製品生産金額1-1
TBL-0169,440,水産製品生産金額1-1
TBL-0169,441,水産製品生産金額1-1
TBL-0170,442,水産製品生産金額1-2
TBL-0170,443,水産製品生産金額1-2
TBL-0170,444,水産製品生産金額1-2
TBL-0170,445,水産製品生産金額1-2
TBL-0171,446,水産製品生産金額1-3
TBL-0171,447,水産製品生産金額1-3
TBL-0171,448,水産製品生産金額1-3
TBL-0171,449,水産製品生産金額1-3
TBL-0172,450,魚種別漁獲量
TBL-0173,451,魚種別漁獲金額
TBL-0172,452,魚種別漁獲量
TBL-0172,453,魚種別漁獲量
TBL-0172,454,魚種別漁獲量
TBL-0172,455,魚種別漁獲量
TBL-0173,456,魚種別漁獲金額
TBL-0173,457,魚種別漁獲金額
TBL-0173,458,魚種別漁獲金額
TBL-0173,459,魚種別漁獲金額
TBL-0174,460,漁業別漁獲量
TBL-0175,461,漁業別漁獲金額
TBL-0174,462,漁業別漁獲量
TBL-0175,463,漁業別漁獲金額
TBL-0174,464,漁業別漁獲量
TBL-0174,465,漁業別漁獲量
TBL-0175,466,漁業別漁獲金額
TBL-0175,467,漁業別漁獲金額
TBL-0176,468,水産業家　戸数・人口
TBL-0177,469,魚網
TBL-0178,469,漁船
TBL-0177,470,魚網
TBL-0178,470,漁船
TBL-0179,471,漁夫入稼出稼
TBL-0180,472,漁業経営体・漁業者1-1
TBL-0180,473,漁業経営体・漁業者1-1
TBL-0180,474,漁業経営体・漁業者1-1
TBL-0180,475,漁業経営体・漁業者1-1
TBL-0181,476,漁業経営体・漁業者1-2
TBL-0181,477,漁業経営体・漁業者1-2
TBL-0181,478,漁業経営体・漁業者1-2
TBL-0181,479,漁業経営体・漁業者1-2
TBL-0182,480,漁業経営体・漁業者1-3
TBL-0182,481,漁業経営体・漁業者1-3
TBL-0182,482,漁業経営体・漁業者1-3
TBL-0182,483,漁業経営体・漁業者1-3
TBL-0183,484,漁業経営体・漁業者1-4
TBL-0183,485,漁業経営体・漁業者1-4
TBL-0183,486,漁業経営体・漁業者1-4
TBL-0183,487,漁業経営体・漁業者1-4
TBL-0184,488,租借、経営鮭鱒漁区数・魚種別漁獲量
TBL-0185-01,489,監視区別経営漁区数・魚種別漁獲量_西南区
TBL-0185-02,489,監視区別経営漁区数・魚種別漁獲量_サガレン区
TBL-0185-03,490,監視区別経営漁区数・魚種別漁獲量_ギジギンスキー区
TBL-0185-04,490,監視区別経営漁区数・魚種別漁獲量_オホトスキー区
TBL-0185-05,491,監視区別経営漁区数・魚種別漁獲量_イーチンスキー区
TBL-0185-06,491,監視区別経営漁区数・魚種別漁獲量_西カムチャツカ区
TBL-0185-07,492,監視区別経営漁区数・魚種別漁獲量_東カムチャツカ区
TBL-0185-08,492,監視区別経営漁区数・魚種別漁獲量_カラギンスキー区
TBL-0185-09,493,監視区別経営漁区数・魚種別漁獲量_オリユートル区
TBL-0186,494,塩鮭鱒生産量
TBL-0187,495,鮭鱒蟹缶詰生産量・金額
TBL-0187,496,鮭鱒蟹缶詰生産量・金額
TBL-0188,496,使用船舶数・トン数
TBL-0189,497,使用魚舟数
TBL-0190,498,漁業塩産出国別使用量
TBL-0191,499,府県別従業員数
TBL-0192,499,職業別従業員数
TBL-0193,500,府県別露領水産組合員数
TBL-0193,501,府県別露領水産組合員数
TBL-0194-01,502,府県別露領水産組合員名簿_北海道関係組合員名簿
TBL-0194-02,503,府県別露領水産組合員名簿_道外関係組合員名簿
TBL-0194-02,504,府県別露領水産組合員名簿_道外関係組合員名簿
TBL-0195-01,506,監視区別・漁区別借区者異動、漁獲量_西南区
TBL-0195-01,507,監視区別・漁区別借区者異動、漁獲量_西南区
TBL-0195-01,508,監視区別・漁区別借区者異動、漁獲量_西南区
TBL-0195-01,509,監視区別・漁区別借区者異動、漁獲量_西南区
TBL-0195-01,510,監視区別・漁区別借区者異動、漁獲量_西南区
TBL-0195-01,511,監視区別・漁区別借区者異動、漁獲量_西南区
TBL-0195-02,512,監視区別・漁区別借区者異動、漁獲量_サガレン区
TBL-0195-02,513,監視区別・漁区別借区者異動、漁獲量_サガレン区
TBL-0195-03,514,監視区別・漁区別借区者異動、漁獲量_オホストスキー
TBL-0195-03,515,監視区別・漁区別借区者異動、漁獲量_オホストスキー
TBL-0195-03,516,監視区別・漁区別借区者異動、漁獲量_オホストスキー
TBL-0195-03,517,監視区別・漁区別借区者異動、漁獲量_オホストスキー
TBL-0195-03,518,監視区別・漁区別借区者異動、漁獲量_オホストスキー
TBL-0195-03,519,監視区別・漁区別借区者異動、漁獲量_オホストスキー
TBL-0195-03,520,監視区別・漁区別借区者異動、漁獲量_オホストスキー
TBL-0195-03,521,監視区別・漁区別借区者異動、漁獲量_オホストスキー
TBL-0195-03,522,監視区別・漁区別借区者異動、漁獲量_オホストスキー
TBL-0195-03,523,監視区別・漁区別借区者異動、漁獲量_オホストスキー
TBL-0195-03,524,監視区別・漁区別借区者異動、漁獲量_オホストスキー
TBL-0195-04,525,監視区別・漁区別借区者異動、漁獲量_ギジギンスキー
TBL-0195-04,526,監視区別・漁区別借区者異動、漁獲量_ギジギンスキー
TBL-0195-04,527,監視区別・漁区別借区者異動、漁獲量_ギジギンスキー
TBL-0195-04,528,監視区別・漁区別借区者異動、漁獲量_ギジギンスキー
TBL-0195-05,529,監視区別・漁区別借区者異動、漁獲量_西カムチャツカ区1
TBL-0195-05,530,監視区別・漁区別借区者異動、漁獲量_西カムチャツカ区1
TBL-0195-05,531,監視区別・漁区別借区者異動、漁獲量_西カムチャツカ区1
TBL-0195-05,532,監視区別・漁区別借区者異動、漁獲量_西カムチャツカ区1
TBL-0195-05,533,監視区別・漁区別借区者異動、漁獲量_西カムチャツカ区1
TBL-0195-05,534,監視区別・漁区別借区者異動、漁獲量_西カムチャツカ区1
TBL-0195-05,535,監視区別・漁区別借区者異動、漁獲量_西カムチャツカ区1
TBL-0195-05,536,監視区別・漁区別借区者異動、漁獲量_西カムチャツカ区1
TBL-0195-05,537,監視区別・漁区別借区者異動、漁獲量_西カムチャツカ区1
TBL-0195-05,538,監視区別・漁区別借区者異動、漁獲量_西カムチャツカ区1
TBL-0195-05,539,監視区別・漁区別借区者異動、漁獲量_西カムチャツカ区1
TBL-0195-05,540,監視区別・漁区別借区者異動、漁獲量_西カムチャツカ区1
TBL-0195-05,541,監視区別・漁区別借区者異動、漁獲量_西カムチャツカ区1
TBL-0195-06,542,監視区別・漁区別借区者異動、漁獲量_西カムチャツカ区2
TBL-0195-06,543,監視区別・漁区別借区者異動、漁獲量_西カムチャツカ区2
TBL-0195-06,544,監視区別・漁区別借区者異動、漁獲量_西カムチャツカ区2
TBL-0195-06,545,監視区別・漁区別借区者異動、漁獲量_西カムチャツカ区2
TBL-0195-06,546,監視区別・漁区別借区者異動、漁獲量_西カムチャツカ区2
TBL-0195-06,547,監視区別・漁区別借区者異動、漁獲量_西カムチャツカ区2
TBL-0195-06,548,監視区別・漁区別借区者異動、漁獲量_西カムチャツカ区2
TBL-0195-06,549,監視区別・漁区別借区者異動、漁獲量_西カムチャツカ区2
TBL-0195-06,550,監視区別・漁区別借区者異動、漁獲量_西カムチャツカ区2
TBL-0195-06,551,監視区別・漁区別借区者異動、漁獲量_西カムチャツカ区2
TBL-0195-06,552,監視区別・漁区別借区者異動、漁獲量_西カムチャツカ区2
TBL-0195-06,553,監視区別・漁区別借区者異動、漁獲量_西カムチャツカ区2
TBL-0195-06,554,監視区別・漁区別借区者異動、漁獲量_西カムチャツカ区2
TBL-0195-06,555,監視区別・漁区別借区者異動、漁獲量_西カムチャツカ区2
TBL-0195-07,556,監視区別・漁区別借区者異動、漁獲量_イーチンスキー区
TBL-0195-07,557,監視区別・漁区別借区者異動、漁獲量_イーチンスキー区
TBL-0195-07,558,監視区別・漁区別借区者異動、漁獲量_イーチンスキー区
TBL-0195-07,559,監視区別・漁区別借区者異動、漁獲量_イーチンスキー区
TBL-0195-07,560,監視区別・漁区別借区者異動、漁獲量_イーチンスキー区
TBL-0195-07,561,監視区別・漁区別借区者異動、漁獲量_イーチンスキー区
TBL-0195-07,562,監視区別・漁区別借区者異動、漁獲量_イーチンスキー区
TBL-0195-07,563,監視区別・漁区別借区者異動、漁獲量_イーチンスキー区
TBL-0195-07,564,監視区別・漁区別借区者異動、漁獲量_イーチンスキー区
TBL-0195-07,565,監視区別・漁区別借区者異動、漁獲量_イーチンスキー区
TBL-0195-07,566,監視区別・漁区別借区者異動、漁獲量_イーチンスキー区
TBL-0195-07,567,監視区別・漁区別借区者異動、漁獲量_イーチンスキー区
TBL-0195-07,568,監視区別・漁区別借区者異動、漁獲量_イーチンスキー区
TBL-0195-07,569,監視区別・漁区別借区者異動、漁獲量_イーチンスキー区
TBL-0195-07,570,監視区別・漁区別借区者異動、漁獲量_イーチンスキー区
TBL-0195-08,571,監視区別・漁区別借区者異動、漁獲量_チギリスキー区
TBL-0195-08,572,監視区別・漁区別借区者異動、漁獲量_チギリスキー区
TBL-0195-08,573,監視区別・漁区別借区者異動、漁獲量_チギリスキー区
TBL-0195-09,574,監視区別・漁区別借区者異動、漁獲量_東カムチャツカ区
TBL-0195-09,575,監視区別・漁区別借区者異動、漁獲量_東カムチャツカ区
TBL-0195-09,576,監視区別・漁区別借区者異動、漁獲量_東カムチャツカ区
TBL-0195-09,577,監視区別・漁区別借区者異動、漁獲量_東カムチャツカ区
TBL-0195-09,578,監視区別・漁区別借区者異動、漁獲量_東カムチャツカ区
TBL-0195-10,579,監視区別・漁区別借区者異動、漁獲量_カランギンスキー区
TBL-0195-10,580,監視区別・漁区別借区者異動、漁獲量_カランギンスキー区
TBL-0195-10,581,監視区別・漁区別借区者異動、漁獲量_カランギンスキー区
TBL-0195-10,582,監視区別・漁区別借区者異動、漁獲量_カランギンスキー区
TBL-0195-10,583,監視区別・漁区別借区者異動、漁獲量_カランギンスキー区
TBL-0195-10,584,監視区別・漁区別借区者異動、漁獲量_カランギンスキー区
TBL-0195-10,585,監視区別・漁区別借区者異動、漁獲量_カランギンスキー区
TBL-0195-10,586,監視区別・漁区別借区者異動、漁獲量_カランギンスキー区
TBL-0195-10,587,監視区別・漁区別借区者異動、漁獲量_カランギンスキー区
TBL-0195-10,588,監視区別・漁区別借区者異動、漁獲量_カランギンスキー区
TBL-0195-10,589,監視区別・漁区別借区者異動、漁獲量_カランギンスキー区
TBL-0195-10,590,監視区別・漁区別借区者異動、漁獲量_カランギンスキー区
TBL-0195-10,591,監視区別・漁区別借区者異動、漁獲量_カランギンスキー区
TBL-0195-10,592,監視区別・漁区別借区者異動、漁獲量_カランギンスキー区
TBL-0195-10,593,監視区別・漁区別借区者異動、漁獲量_カランギンスキー区
TBL-0195-11,594,監視区別・漁区別借区者異動、漁獲量_キチギンスキー区
TBL-0195-11,595,監視区別・漁区別借区者異動、漁獲量_キチギンスキー区
TBL-0195-11,596,監視区別・漁区別借区者異動、漁獲量_キチギンスキー区
TBL-0195-11,597,監視区別・漁区別借区者異動、漁獲量_キチギンスキー区
TBL-0195-11,598,監視区別・漁区別借区者異動、漁獲量_キチギンスキー区
TBL-0195-11,599,監視区別・漁区別借区者異動、漁獲量_キチギンスキー区
TBL-0195-11,600,監視区別・漁区別借区者異動、漁獲量_キチギンスキー区
TBL-0195-12,601,監視区別・漁区別借区者異動、漁獲量_オリュートル区
TBL-0195-12,602,監視区別・漁区別借区者異動、漁獲量_オリュートル区
TBL-0195-12,603,監視区別・漁区別借区者異動、漁獲量_オリュートル区
TBL-0195-12,604,監視区別・漁区別借区者異動、漁獲量_オリュートル区
TBL-0195-12,605,監視区別・漁区別借区者異動、漁獲量_オリュートル区
TBL-0196,606,産業(中分類)別事業所数・従業者数・製造品出荷額等
TBL-0196,607,産業(中分類)別事業所数・従業者数・製造品出荷額等
TBL-0196,608,産業(中分類)別事業所数・従業者数・製造品出荷額等
TBL-0196,609,産業(中分類)別事業所数・従業者数・製造品出荷額等
TBL-0196,610,産業(中分類)別事業所数・従業者数・製造品出荷額等
TBL-0196,611,産業(中分類)別事業所数・従業者数・製造品出荷額等
TBL-0197,612,産業(大分類)別従業者規模別事業所数・従業者数
TBL-0197,613,産業(大分類)別従業者規模別事業所数・従業者数
TBL-0197,614,産業(大分類)別従業者規模別事業所数・従業者数
TBL-0197,615,産業(大分類)別従業者規模別事業所数・従業者数
TBL-0198,616,業種別商店数・従業者数・商品販売額
TBL-0198,617,業種別商店数・従業者数・商品販売額
TBL-0198,618,業種別商店数・従業者数・商品販売額
TBL-0199,619,日本銀行営業状況
TBL-0200,620,普通銀行営業状況1
TBL-0201,620,普通銀行営業状況2
TBL-0202,620,普通銀行営業状況3
TBL-0200,621,普通銀行営業状況1
TBL-0201,621,普通銀行営業状況2
TBL-0202,621,普通銀行営業状況3
TBL-0202,622,普通銀行営業状況3
TBL-0202,623,普通銀行営業状況3
TBL-0203,624,普通銀行営業状況4
TBL-0203,625,普通銀行営業状況4
TBL-0204,626,金融機関主要勘定
TBL-0204,627,金融機関主要勘定
TBL-0204,628,金融機関主要勘定
TBL-0205,629,郵便貯金1
TBL-0206,630,郵便貯金2
TBL-0207,630,郵便貯金3
TBL-0207,631,郵便貯金3
TBL-0208,632,函館駅旅客・貨物運輸状況
TBL-0209,633,国鉄別1日平均旅客・貨物運輸状況
TBL-0209,634,国鉄別1日平均旅客・貨物運輸状況
TBL-0209,635,国鉄別1日平均旅客・貨物運輸状況
TBL-0210,636,函館空港乗降客・貨物量状況
TBL-0211,637,市電運行状況
TBL-0212,638,市バス運行状況
TBL-0213,639,函館バス運行状況
TBL-0214,640,タクシー運行状況
TBL-0216,640,在籍船舶2
TBL-0215,641,在籍船舶1
TBL-0216,641,在籍船舶2
TBL-0217,642,内・外国航路入港商船数1
TBL-0218,642,内・外国航路入港商船数2
TBL-0218,643,内・外国航路入港商船数2
TBL-0219,644,船舶入港数1-1
TBL-0219,645,船舶入港数1-1
TBL-0219,646,船舶入港数1-1
TBL-0219,647,船舶入港数1-1
TBL-0220,648,船舶入港数1-2
TBL-0220,649,船舶入港数1-2
TBL-0220,650,船舶入港数1-2
TBL-0220,651,船舶入港数1-2
TBL-0221,652,国別船種商船外国航路入港数
TBL-0221,653,国別船種商船外国航路入港数
TBL-0221,654,国別船種商船外国航路入港数
TBL-0222,655,青函連絡船乗降客数
TBL-0223,656,フェリー運送状況
TBL-0224,657,自動車保有台数
TBL-0225,658,郵便
TBL-0226,659,電信取扱数
TBL-0227,660,品目別府県移出1-1
TBL-0227,661,品目別府県移出1-1
TBL-0227,662,品目別府県移出1-1
TBL-0228,663,品目別府県移出1-2
TBL-0228,664,品目別府県移出1-2
TBL-0228,665,品目別府県移出1-2
TBL-0229,666,品目別府県移出2-1
TBL-0229,667,品目別府県移出2-1
TBL-0229,668,品目別府県移出2-1
TBL-0230,669,品目別府県移出2-2
TBL-0230,670,品目別府県移出2-2
TBL-0230,671,品目別府県移出2-2
TBL-0231,672,品目別府県移出3
TBL-0231,673,品目別府県移出3
TBL-0231,674,品目別府県移出3
TBL-0231,675,品目別府県移出3
TBL-0232,676,品目別府県移出4-1
TBL-0232,677,品目別府県移出4-1
TBL-0232,678,品目別府県移出4-1
TBL-0233,679,品目別府県移出4-2
TBL-0233,680,品目別府県移出4-2
TBL-0233,681,品目別府県移出4-2
TBL-0234,682,品目別府県移出5-1
TBL-0234,683,品目別府県移出5-1
TBL-0234,684,品目別府県移出5-1
TBL-0234,685,品目別府県移出5-1
TBL-0235,686,品目別府県移出5-2
TBL-0235,687,品目別府県移出5-2
TBL-0235,688,品目別府県移出5-2
TBL-0235,689,品目別府県移出5-2
TBL-0236,690,品目別府県移出5-3
TBL-0236,691,品目別府県移出5-3
TBL-0236,692,品目別府県移出5-3
TBL-0236,693,品目別府県移出5-3
TBL-0237,694,品目別府県移入1-1
TBL-0237,695,品目別府県移入1-1
TBL-0237,696,品目別府県移入1-1
TBL-0238,697,品目別府県移入1-2
TBL-0238,698,品目別府県移入1-2
TBL-0238,699,品目別府県移入1-2
TBL-0239,700,品目別府県移入2-1
TBL-0239,701,品目別府県移入2-1
TBL-0239,702,品目別府県移入2-1
TBL-0240,703,品目別府県移入2-2
TBL-0240,704,品目別府県移入2-2
TBL-0240,705,品目別府県移入2-2
TBL-0241,706,品目別府県移入3
TBL-0241,707,品目別府県移入3
TBL-0241,708,品目別府県移入3
TBL-0241,709,品目別府県移入3
TBL-0242,710,品目別府県移入4-1
TBL-0242,711,品目別府県移入4-1
TBL-0242,712,品目別府県移入4-1
TBL-0243,713,品目別府県移入4-2
TBL-0243,714,品目別府県移入4-2
TBL-0243,715,品目別府県移入4-2
TBL-0244,716,品目別府県移入5-1
TBL-0244,717,品目別府県移入5-1
TBL-0244,718,品目別府県移入5-1
TBL-0244,719,品目別府県移入5-1
TBL-0245,720,品目別府県移入5-2
TBL-0245,721,品目別府県移入5-2
TBL-0245,722,品目別府県移入5-2
TBL-0245,723,品目別府県移入5-2
TBL-0246,724,品目別府県移入5-3
TBL-0246,725,品目別府県移入5-3
TBL-0246,726,品目別府県移入5-3
TBL-0246,727,品目別府県移入5-3
TBL-0247,728,品目別道内移出・海運1-1
TBL-0247,729,品目別道内移出・海運1-1
TBL-0247,730,品目別道内移出・海運1-1
TBL-0247,731,品目別道内移出・海運1-1
TBL-0247,732,品目別道内移出・海運1-1
TBL-0248,733,品目別道内移出・海運1-2
TBL-0248,734,品目別道内移出・海運1-2
TBL-0248,735,品目別道内移出・海運1-2
TBL-0248,736,品目別道内移出・海運1-2
TBL-0248,737,品目別道内移出・海運1-2
TBL-0249,738,品目別道内移出・海運2-1
TBL-0249,739,品目別道内移出・海運2-1
TBL-0249,740,品目別道内移出・海運2-1
TBL-0250,741,品目別道内移出・海運2-2
TBL-0250,742,品目別道内移出・海運2-2
TBL-0250,743,品目別道内移出・海運2-2
TBL-0251,744,品目別道内移出・海運3-1
TBL-0251,745,品目別道内移出・海運3-1
TBL-0251,746,品目別道内移出・海運3-1
TBL-0251,747,品目別道内移出・海運3-1
TBL-0252,748,品目別道内移出・海運3-2
TBL-0252,749,品目別道内移出・海運3-2
TBL-0252,750,品目別道内移出・海運3-2
TBL-0252,751,品目別道内移出・海運3-2
TBL-0253,752,品目別道内移出・海運3-3
TBL-0253,753,品目別道内移出・海運3-3
TBL-0253,754,品目別道内移出・海運3-3
TBL-0253,755,品目別道内移出・海運3-3
TBL-0254,756,品目別道内移入・海運1-1
TBL-0254,757,品目別道内移入・海運1-1
TBL-0254,758,品目別道内移入・海運1-1
TBL-0254,759,品目別道内移入・海運1-1
TBL-0254,760,品目別道内移入・海運1-1
TBL-0255,761,品目別道内移入・海運1-2
TBL-0255,762,品目別道内移入・海運1-2
TBL-0255,763,品目別道内移入・海運1-2
TBL-0255,764,品目別道内移入・海運1-2
TBL-0255,765,品目別道内移入・海運1-2
TBL-0256,766,品目別道内移入・海運2-1
TBL-0256,767,品目別道内移入・海運2-1
TBL-0256,768,品目別道内移入・海運2-1
TBL-0257,769,品目別道内移入・海運2-2
TBL-0257,770,品目別道内移入・海運2-2
TBL-0257,771,品目別道内移入・海運2-2
TBL-0258,772,品目別道内移入・海運3-1
TBL-0258,773,品目別道内移入・海運3-1
TBL-0258,774,品目別道内移入・海運3-1
TBL-0258,775,品目別道内移入・海運3-1
TBL-0259,776,品目別道内移入・海運3-2
TBL-0259,777,品目別道内移入・海運3-2
TBL-0259,778,品目別道内移入・海運3-2
TBL-0259,779,品目別道内移入・海運3-2
TBL-0260,780,品目別道内移入・海運3-3
TBL-0260,781,品目別道内移入・海運3-3
TBL-0260,782,品目別道内移入・海運3-3
TBL-0260,783,品目別道内移入・海運3-3
TBL-0261,784,品目別道内移出・陸運1-1
TBL-0261,785,品目別道内移出・陸運1-1
TBL-0261,786,品目別道内移出・陸運1-1
TBL-0261,787,品目別道内移出・陸運1-1
TBL-0262,788,品目別道内移出・陸運1-2
TBL-0262,789,品目別道内移出・陸運1-2
TBL-0262,790,品目別道内移出・陸運1-2
TBL-0262,791,品目別道内移出・陸運1-2
TBL-0263,792,品目別道内移出・陸運2-1
TBL-0263,793,品目別道内移出・陸運2-1
TBL-0263,794,品目別道内移出・陸運2-1
TBL-0263,795,品目別道内移出・陸運2-1
TBL-0264,796,品目別道内移出・陸運2-2
TBL-0264,797,品目別道内移出・陸運2-2
TBL-0264,798,品目別道内移出・陸運2-2
TBL-0264,799,品目別道内移出・陸運2-2
TBL-0265,800,品目別道内移出・陸運2-3
TBL-0265,801,品目別道内移出・陸運2-3
TBL-0265,802,品目別道内移出・陸運2-3
TBL-0265,803,品目別道内移出・陸運2-3
TBL-0266,804,品目別道内移入・陸運1-1
TBL-0266,805,品目別道内移入・陸運1-1
TBL-0266,806,品目別道内移入・陸運1-1
TBL-0266,807,品目別道内移入・陸運1-1
TBL-0267,808,品目別道内移入・陸運1-2
TBL-0267,809,品目別道内移入・陸運1-2
TBL-0267,810,品目別道内移入・陸運1-2
TBL-0267,811,品目別道内移入・陸運1-2
TBL-0268,812,品目別道内移入・陸運2-1
TBL-0268,813,品目別道内移入・陸運2-1
TBL-0268,814,品目別道内移入・陸運2-1
TBL-0268,815,品目別道内移入・陸運2-1
TBL-0269,816,品目別道内移入-陸運2-2
TBL-0269,817,品目別道内移入-陸運2-2
TBL-0269,818,品目別道内移入-陸運2-2
TBL-0269,819,品目別道内移入-陸運2-2
TBL-0270,820,品目別道内移入・陸運2-3
TBL-0270,821,品目別道内移入・陸運2-3
TBL-0270,822,品目別道内移入・陸運2-3
TBL-0270,823,品目別道内移入・陸運2-3
TBL-0271,824,品種別海上移出1-1
TBL-0271,825,品種別海上移出1-1
TBL-0272,826,品種別海上移出1-2
TBL-0272,827,品種別海上移出1-2
TBL-0273,828,品種別海上移出2
TBL-0273,829,品種別海上移出2
TBL-0274,830,品種別海上移入1-1
TBL-0274,831,品種別海上移入1-1
TBL-0275,832,品種別海上移入1-2
TBL-0275,833,品種別海上移入1-2
TBL-0276,834,品種別海上移入2
TBL-0276,835,品種別海上移入2
TBL-0277-01,836,主要水産物品目別仕向地別移出_鮮魚
TBL-0277-01,837,主要水産物品目別仕向地別移出_鮮魚
TBL-0277-02,838,主要水産物品目別仕向地別移出_塩鮭
TBL-0277-02,839,主要水産物品目別仕向地別移出_塩鮭
TBL-0277-03,840,主要水産物品目別仕向地別移出_塩鱒
TBL-0277-03,841,主要水産物品目別仕向地別移出_塩鱒
TBL-0277-04,842,主要水産物品目別仕向地別移出_塩鱈
TBL-0277-04,843,主要水産物品目別仕向地別移出_塩鱈
TBL-0277-05,844,主要水産物品目別仕向地別移出_筋子
TBL-0277-05,845,主要水産物品目別仕向地別移出_筋子
TBL-0277-06,846,主要水産物品目別仕向地別移出_塩魚類
TBL-0277-06,847,主要水産物品目別仕向地別移出_塩魚類
TBL-0277-07,848,主要水産物品目別仕向地別移出_身欠鰊・乾鰊
TBL-0277-07,849,主要水産物品目別仕向地別移出_身欠鰊・乾鰊
TBL-0277-08,850,主要水産物品目別仕向地別移出_鰊鯑
TBL-0277-08,851,主要水産物品目別仕向地別移出_鰊鯑
TBL-0277-09,852,主要水産物品目別仕向地別移出_千鱈
TBL-0277-09,853,主要水産物品目別仕向地別移出_千鱈
TBL-0277-10,854,主要水産物品目別仕向地別移出_千鯣
TBL-0277-10,855,主要水産物品目別仕向地別移出_千鯣
TBL-0277-11,856,主要水産物品目別仕向地別移出_貝柱
TBL-0277-11,857,主要水産物品目別仕向地別移出_貝柱
TBL-0277-12,858,主要水産物品目別仕向地別移出_千魚類
TBL-0277-12,859,主要水産物品目別仕向地別移出_千魚類
TBL-0277-13,860,主要水産物品目別仕向地別移出_長切昆布
TBL-0277-13,861,主要水産物品目別仕向地別移出_長切昆布
TBL-0277-14,862,主要水産物品目別仕向地別移出_元揃昆布
TBL-0277-14,863,主要水産物品目別仕向地別移出_元揃昆布
TBL-0277-15,864,主要水産物品目別仕向地別移出_折昆布
TBL-0277-15,865,主要水産物品目別仕向地別移出_折昆布
TBL-0277-16,866,主要水産物品目別仕向地別移出_雑昆布
TBL-0277-16,867,主要水産物品目別仕向地別移出_雑昆布
TBL-0277-17,868,主要水産物品目別仕向地別移出_鰊粕
TBL-0277-17,869,主要水産物品目別仕向地別移出_鰊粕
TBL-0277-18,870,主要水産物品目別仕向地別移出_鰮粕
TBL-0277-18,871,主要水産物品目別仕向地別移出_鰮粕
TBL-0277-19,872,主要水産物品目別仕向地別移出_魚油
TBL-0277-19,873,主要水産物品目別仕向地別移出_魚油
TBL-0278,874,函館港普通貿易・品目別輸出1-1
TBL-0278,875,函館港普通貿易・品目別輸出1-1
TBL-0278,876,函館港普通貿易・品目別輸出1-1
TBL-0278,877,函館港普通貿易・品目別輸出1-1
TBL-0279,878,函館港普通貿易・品目別輸出1-2
TBL-0279,879,函館港普通貿易・品目別輸出1-2
TBL-0279,880,函館港普通貿易・品目別輸出1-2
TBL-0279,881,函館港普通貿易・品目別輸出1-2
TBL-0279,882,函館港普通貿易・品目別輸出1-2
TBL-0279,883,函館港普通貿易・品目別輸出1-2
TBL-0279,884,函館港普通貿易・品目別輸出1-2
TBL-0279,885,函館港普通貿易・品目別輸出1-2
TBL-0280,886,函館港普通貿易・品目別輸出2-2
TBL-0280,887,函館港普通貿易・品目別輸出2-2
TBL-0280,888,函館港普通貿易・品目別輸出2-2
TBL-0280,889,函館港普通貿易・品目別輸出2-2
TBL-0281,890,函館港普通貿易・品目別輸出3-1
TBL-0281,891,函館港普通貿易・品目別輸出3-1
TBL-0281,892,函館港普通貿易・品目別輸出3-1
TBL-0281,893,函館港普通貿易・品目別輸出3-1
TBL-0281,894,函館港普通貿易・品目別輸出3-1
TBL-0281,895,函館港普通貿易・品目別輸出3-1
TBL-0281,896,函館港普通貿易・品目別輸出3-1
TBL-0281,897,函館港普通貿易・品目別輸出3-1
TBL-0282,898,函館港普通貿易・品目別輸出3-2
TBL-0282,899,函館港普通貿易・品目別輸出3-2
TBL-0282,900,函館港普通貿易・品目別輸出3-2
TBL-0282,901,函館港普通貿易・品目別輸出3-2
TBL-0282,902,函館港普通貿易・品目別輸出3-2
TBL-0282,903,函館港普通貿易・品目別輸出3-2
TBL-0282,904,函館港普通貿易・品目別輸出3-2
TBL-0282,905,函館港普通貿易・品目別輸出3-2
TBL-0283,906,函館港普通貿易・品目別輸出4-1
TBL-0283,907,函館港普通貿易・品目別輸出4-1
TBL-0284,908,函館港普通貿易・品目別輸出4-2
TBL-0284,909,函館港普通貿易・品目別輸出4-2
TBL-0285,910,函館港普通貿易・品目別輸出4-3
TBL-0285,911,函館港普通貿易・品目別輸出4-3
TBL-0286,912,函館港普通貿易・品目別輸出4-4
TBL-0286,913,函館港普通貿易・品目別輸出4-4
TBL-0287,914,函館港普通貿易・品目別輸出5-1
TBL-0287,915,函館港普通貿易・品目別輸出5-1
TBL-0288,916,函館港普通貿易・品目別輸出5-2
TBL-0288,917,函館港普通貿易・品目別輸出5-2
TBL-0289,918,函館港普通貿易・品目別輸出5-3
TBL-0289,919,函館港普通貿易・品目別輸出5-3
TBL-0290,920,函館港普通貿易・品目別輸出6
TBL-0290,921,函館港普通貿易・品目別輸出6
TBL-0291,922,函館港品目別輸出1
TBL-0291,923,函館港品目別輸出1
TBL-0292,924,函館港品目別輸出2
TBL-0292,925,函館港品目別輸出2
TBL-0292,926,函館港品目別輸出2
TBL-0292,927,函館港品目別輸出2
TBL-0293,928,函館港品目別輸出3
TBL-0293,929,函館港品目別輸出3
TBL-0293,930,函館港品目別輸出3
TBL-0293,931,函館港品目別輸出3
TBL-0293,932,函館港品目別輸出3
TBL-0293,933,函館港品目別輸出3
TBL-0294,934,函館港普通貿易・品目別輸入1
TBL-0294,935,函館港普通貿易・品目別輸入1
TBL-0295,936,函館港普通貿易・品目別輸入2-1
TBL-0295,937,函館港普通貿易・品目別輸入2-1
TBL-0296,938,函館港普通貿易・品目別輸入2-2
TBL-0296,939,函館港普通貿易・品目別輸入2-2
TBL-0297,940,函館港普通貿易・品目別輸入3-1
TBL-0297,941,函館港普通貿易・品目別輸入3-1
TBL-0297,942,函館港普通貿易・品目別輸入3-1
TBL-0297,943,函館港普通貿易・品目別輸入3-1
TBL-0298,944,函館港普通貿易・品目別輸入3-2
TBL-0298,945,函館港普通貿易・品目別輸入3-2
TBL-0298,946,函館港普通貿易・品目別輸入3-2
TBL-0298,947,函館港普通貿易・品目別輸入3-2
TBL-0299,948,函館港普通貿易・品目別輸入3-3
TBL-0299,949,函館港普通貿易・品目別輸入3-3
TBL-0299,950,函館港普通貿易・品目別輸入3-3
TBL-0299,951,函館港普通貿易・品目別輸入3-3
TBL-0300,952,函館港普通貿易・品目別輸入4
TBL-0300,953,函館港普通貿易・品目別輸入4
TBL-0300,954,函館港普通貿易・品目別輸入4
TBL-0300,955,函館港普通貿易・品目別輸入4
TBL-0300,956,函館港普通貿易・品目別輸入4
TBL-0300,957,函館港普通貿易・品目別輸入4
TBL-0301,958,函館港普通貿易・品目別輸入5-1
TBL-0301,959,函館港普通貿易・品目別輸入5-1
TBL-0302,960,函館港普通貿易・品目別輸入5-2
TBL-0302,961,函館港普通貿易・品目別輸入5-2
TBL-0303,962,函館港普通貿易・品目別輸入5-3
TBL-0303,963,函館港普通貿易・品目別輸入5-3
TBL-0304,964,函館港普通貿易・品目別輸入6-1
TBL-0304,965,函館港普通貿易・品目別輸入6-1
TBL-0305,966,函館港普通貿易・品目別輸入6-2
TBL-0305,967,函館港普通貿易・品目別輸入6-2
TBL-0306,968,函館港普通貿易・品目別輸入7
TBL-0306,969,函館港普通貿易・品目別輸入7
TBL-0307,970,函館港品目別輸入1
TBL-0307,971,函館港品目別輸入1
TBL-0308,972,函館港品目別輸入2
TBL-0308,973,函館港品目別輸入2
TBL-0308,974,函館港品目別輸入2
TBL-0308,975,函館港品目別輸入2
TBL-0309,976,函館港品目別輸入3
TBL-0309,977,函館港品目別輸入3
TBL-0309,978,函館港品目別輸入3
TBL-0309,979,函館港品目別輸入3
TBL-0310,980,函館港品目別輸入4
TBL-0310,981,函館港品目別輸入4
TBL-0311,982,函館港漁業貿易・品目別輸出1
TBL-0311,983,函館港漁業貿易・品目別輸出1
TBL-0312,984,函館港漁業貿易・品目別輸出2
TBL-0312,984,函館港漁業貿易・品目別輸出2
TBL-0312,985,函館港漁業貿易・品目別輸出2
TBL-0312,985,函館港漁業貿易・品目別輸出2
TBL-0313,986,函館港漁業貿易・品目別輸出3-1
TBL-0313,987,函館港漁業貿易・品目別輸出3-1
TBL-0314,988,函館港漁業貿易・品目別輸出3-2
TBL-0314,989,函館港漁業貿易・品目別輸出3-2
TBL-0315,990,函館港漁業貿易・品目別輸出3-3
TBL-0315,991,函館港漁業貿易・品目別輸出3-3
TBL-0316,992,函館港漁業貿易・品目別輸出4-1
TBL-0316,993,函館港漁業貿易・品目別輸出4-1
TBL-0317,994,函館港漁業貿易・品目別輸出4-2
TBL-0317,995,函館港漁業貿易・品目別輸出4-2
TBL-0318,996,函館港漁業貿易・品目別輸出4-3
TBL-0318,997,函館港漁業貿易・品目別輸出4-3
TBL-0319,998,函館港漁業貿易・品目別輸入1
TBL-0319,999,函館港漁業貿易・品目別輸入1
TBL-0320,1000,函館港漁業貿易・品目別輸入2-1
TBL-0320,1001,函館港漁業貿易・品目別輸入2-1
TBL-0321,1002,函館港漁業貿易・品目別輸入2-2
TBL-0321,1003,函館港漁業貿易・品目別輸入2-2
TBL-0322,1004,函館港漁業貿易・品目別輸入3
TBL-0322,1005,函館港漁業貿易・品目別輸入3
TBL-0323,1006,函館港国別輸出1
TBL-0323,1007,函館港国別輸出1
TBL-0323,1008,函館港国別輸出1
TBL-0323,1009,函館港国別輸出1
TBL-0324,1010,函館港国別輸出2
TBL-0324,1011,函館港国別輸出2
TBL-0325,1012,函館港国別輸出3
TBL-0326,1013,函館港国別輸出4
TBL-0327,1014,函館港国別輸入1
TBL-0327,1015,函館港国別輸入1
TBL-0327,1016,函館港国別輸入1
TBL-0327,1017,函館港国別輸入1
TBL-0328,1018,函館港国別輸入2
TBL-0328,1019,函館港国別輸入2
TBL-0329,1020,函館港国別輸入3
TBL-0330,1021,函館港国別輸入4
TBL-0331,1022,明治16年卸売物価
TBL-0332,1023,卸売物価1
TBL-0333,1024,卸売物価2-1
TBL-0333,1025,卸売物価2-1
TBL-0334,1026,卸売物価2-2
TBL-0334,1027,卸売物価2-2
TBL-0335,1028,卸売物価2-3
TBL-0335,1029,卸売物価2-3
TBL-0336,1030,卸売物価3-1
TBL-0336,1031,卸売物価3-1
TBL-0337,1032,卸売物価3-2
TBL-0337,1033,卸売物価3-2
TBL-0338,1034,卸売物価3-3
TBL-0338,1035,卸売物価3-3
TBL-0339,1036,卸売物価3-4
TBL-0339,1037,卸売物価3-4
TBL-0340,1038,卸売物価3-5
TBL-0340,1039,卸売物価3-5
TBL-0341,1040,卸売物価3-6
TBL-0341,1041,卸売物価3-6
TBL-0342,1042,卸売物価3-7
TBL-0342,1043,卸売物価3-7
TBL-0343,1044,卸売物価3-8
TBL-0343,1045,卸売物価3-8
TBL-0344,1046,卸売物価3-9
TBL-0344,1047,卸売物価3-9
TBL-0345,1048,卸売物価4-1
TBL-0345,1049,卸売物価4-1
TBL-0346,1050,卸売物価4-2
TBL-0346,1051,卸売物価4-2
TBL-0347,1052,卸売物価4-3
TBL-0347,1053,卸売物価4-3
TBL-0348,1054,卸売物価4-4
TBL-0348,1055,卸売物価4-4
TBL-0349,1056,卸売物価4-5
TBL-0349,1057,卸売物価4-5
TBL-0350,1058,卸売物価4-6
TBL-0350,1059,卸売物価4-6
TBL-0351,1060,卸売物価4-7
TBL-0351,1061,卸売物価4-7
TBL-0352,1062,卸売物価4-8
TBL-0352,1063,卸売物価4-8
TBL-0353,1064,卸売物価指数1-1
TBL-0353,1065,卸売物価指数1-1
TBL-0354,1066,卸売物価指数1-2
TBL-0354,1067,卸売物価指数1-2
TBL-0355,1068,小売物価
TBL-0355,1069,小売物価
TBL-0356,1070,主要品目小売価額1-1
TBL-0356,1071,主要品目小売価額1-1
TBL-0357,1072,主要品目小売価額1-2
TBL-0357,1073,主要品目小売価額1-2
TBL-0358,1074,小売物価指数
TBL-0358,1075,小売物価指数
TBL-0359,1076,業種別賃金表1
TBL-0359,1077,業種別賃金表1
TBL-0360,1078,業種別賃金表2-1
TBL-0360,1079,業種別賃金表2-1
TBL-0361,1080,業種別賃金表2-1
TBL-0361,1081,業種別賃金表2-1
TBL-0362,1082,業種別賃金表2-2
TBL-0362,1083,業種別賃金表2-2
TBL-0362,1084,業種別賃金表2-2
TBL-0362,1085,業種別賃金表2-2
TBL-0363,1088,民事訴訟件数1
TBL-0364,1088,民事訴訟件数2
TBL-0363,1089,民事訴訟件数1
TBL-0364,1089,民事訴訟件数2
TBL-0365,1090,刑事訴訟件数1
TBL-0366,1090,刑事訴訟件数2
TBL-0367,1090,刑事訴訟件数3
TBL-0365,1091,刑事訴訟件数1
TBL-0366,1091,刑事訴訟件数2
TBL-0367,1091,刑事訴訟件数3
TBL-0365,1092,刑事訴訟件数1
TBL-0366,1093,在監人員
TBL-0366,1094,在監人員
TBL-0366,1095,在監人員
TBL-0367,1096,警察署及び警察職員
TBL-0367,1097,警察署及び警察職員
TBL-0368,1098,貸座敷数・芸娼妓数1
TBL-0369,1099,貸座敷数・芸娼妓数2
TBL-0370,1100,芸娼妓年齢別構成表
TBL-0370,1101,芸娼妓年齢別構成表
TBL-0371,1102,火災件数1
TBL-0371,1103,火災件数2
TBL-0372,1104,消防組織〈戦前1〉
TBL-0373,1104,消防組織〈戦前2〉
TBL-0372,1105,消防組織〈戦前1〉
TBL-0373,1105,消防組織〈戦前2〉
TBL-0374,1106,消防組織〈戦後〉
TBL-0375,1107,消防組織〈戦後〉
TBL-0376,1108,大火小史(焼失戸数100戸以上)
TBL-0376,1109,大火小史(焼失戸数100戸以上)
TBL-0377,1110,医療施設数及び医療従事者数〈戦前〉
TBL-0378,1111,医療施設数及び医療従事者数〈戦後〉
TBL-0379,1112,法定伝染病患者数及び死亡者数
TBL-0379,1113,法定伝染病患者数及び死亡者数
TBL-0379,1114,法定伝染病患者数及び死亡者数
TBL-0379,1115,法定伝染病患者数及び死亡者数
TBL-0380,1116,種痘人員1
TBL-0381,1117,種痘人員2
TBL-0381,1118,種痘人員2
TBL-0382,1118,痘そうの定期予防接種
TBL-0383,1119,死因別死亡者数1
TBL-0384,1120,死因別死亡者数2-1
TBL-0384,1121,死因別死亡者数2-1
TBL-0384,1122,死因別死亡者数2-1
TBL-0385,1123,死因別死亡者数2-2
TBL-0386,1123,死因別死亡者数3
TBL-0385,1124,死因別死亡者数2-2
TBL-0386,1124,死因別死亡者数3
TBL-0385,1125,死因別死亡者数2-2
TBL-0386,1125,死因別死亡者数3
TBL-0387,1126,年齢別死亡者数1
TBL-0389,1126,年齢別死亡者数3
TBL-0388,1127,年齢別死亡者数2
TBL-0389,1127,年齢別死亡者数3
TBL-0388,1128,年齢別死亡者数2
TBL-0389,1128,年齢別死亡者数3
TBL-0390,1130,給水状況〈戦前1〉
TBL-0391,1130,給水状況〈戦前2〉
TBL-0392,1131,給水状況〈戦後〉
TBL-0393,1132,電灯・電力需要状況
TBL-0393,1133,電灯・電力需要状況
TBL-0394,1134,ガス供給状況
TBL-0394,1135,ガス供給状況
TBL-0395,1136,学齢児童数・就学児童数・就学率
TBL-0395,1137,学齢児童数・就学児童数・就学率
TBL-0396,1138,幼稚園総覧1(私立のみ)
TBL-0397,1138,幼稚園総覧2
TBL-0396,1139,幼稚園総覧1(私立のみ)
TBL-0397,1140,小学校総覧1
TBL-0397,1141,小学校総覧1
TBL-0397,1142,小学校総覧1
TBL-0397,1143,小学校総覧1
TBL-0398,1144,小学校総覧2
TBL-0399-01,1145,各小学校別教員数・児童数1〈公立〉_会所学校→附属小学校(開拓使立，函館県立)
TBL-0399-02,1145,各小学校別教員数・児童数1〈公立〉_松蔭学校
TBL-0399-03,1145,各小学校別教員数・児童数1〈公立〉_常磐学校
TBL-0399-04,1145,各小学校別教員数・児童数1〈公立〉_函館女学校→函館女子小学校
TBL-0399-05,1145,各小学校別教員数・児童数1〈公立〉_内澗学校
TBL-0399-06,1145,各小学校別教員数・児童数1〈公立〉_第一公立女学校
TBL-0399-07,1146,各小学校別教員数・児童数1〈公立〉_住吉学校→住吉小学校→住吉尋常高等小学校→住吉尋常小学校
TBL-0399-08,1146,各小学校別教員数・児童数1〈公立〉_宝学校→宝小学校→弥生宝分校→宝尋常高等小学校
TBL-0399-09,1146,各小学校別教員数・児童数1〈公立〉_東川学校→東川小学校→東川尋常高等小学校→東川尋常小学校
TBL-0399-07,1147,各小学校別教員数・児童数1〈公立〉_住吉学校→住吉小学校→住吉尋常高等小学校→住吉尋常小学校
TBL-0399-08,1147,各小学校別教員数・児童数1〈公立〉_宝学校→宝小学校→弥生宝分校→宝尋常高等小学校
TBL-0399-09,1147,各小学校別教員数・児童数1〈公立〉_東川学校→東川小学校→東川尋常高等小学校→東川尋常小学校
TBL-0399-10,1148,各小学校別教員数・児童数1〈公立〉_弥生学校→弥生小学校→弥生尋常小学校→弥生尋常高等小学校→弥生国民学校
TBL-0399-11,1148,各小学校別教員数・児童数1〈公立〉_弥生高等小学校
TBL-0399-12,1148,各小学校別教員数・児童数1〈公立〉_弥生女子尋常高等小学校→弥生女子尋常小学校
TBL-0399-10,1149,各小学校別教員数・児童数1〈公立〉_弥生学校→弥生小学校→弥生尋常小学校→弥生尋常高等小学校→弥生国民学校
TBL-0399-11,1149,各小学校別教員数・児童数1〈公立〉_弥生高等小学校
TBL-0399-12,1149,各小学校別教員数・児童数1〈公立〉_弥生女子尋常高等小学校→弥生女子尋常小学校
TBL-0399-13,1150,各小学校別教員数・児童数1〈公立〉_高砂小学校→高等尋常小学校
TBL-0399-14,1150,各小学校別教員数・児童数1〈公立〉_幸小学校→幸尋常高等小学校→幸尋常小学校→幸国民学校
TBL-0399-15,1150,各小学校別教員数・児童数1〈公立〉_(函館女子学校)，函館女子高等小学校→函館女子尋常高等小学校
TBL-0399-13,1151,各小学校別教員数・児童数1〈公立〉_高砂小学校→高等尋常小学校
TBL-0399-14,1151,各小学校別教員数・児童数1〈公立〉_幸小学校→幸尋常高等小学校→幸尋常小学校→幸国民学校
TBL-0399-15,1151,各小学校別教員数・児童数1〈公立〉_(函館女子学校)，函館女子高等小学校→函館女子尋常高等小学校
TBL-0399-16,1152,各小学校別教員数・児童数1〈公立〉_亀田尋常高等小学校→亀田尋常小学校→亀田尋常高等小学校
TBL-0399-17,1152,各小学校別教員数・児童数1〈公立〉_(北海道庁立)附属小学校→附属国民学校
TBL-0399-18,1152,各小学校別教員数・児童数1〈公立〉_若松尋常高等小学校→若松尋常小学校→若松国民学校
TBL-0399-16,1153,各小学校別教員数・児童数1〈公立〉_亀田尋常高等小学校→亀田尋常小学校→亀田尋常高等小学校
TBL-0399-17,1153,各小学校別教員数・児童数1〈公立〉_(北海道庁立)附属小学校→附属国民学校
TBL-0399-18,1153,各小学校別教員数・児童数1〈公立〉_若松尋常高等小学校→若松尋常小学校→若松国民学校
TBL-0399-19,1154,各小学校別教員数・児童数1〈公立〉_新川尋常小学校→新川尋常高等小学校→新川尋常小学校→新川国民学校
TBL-0399-20,1154,各小学校別教員数・児童数1〈公立〉_第二東川尋常小学校→第二東川尋常高等小学校→第二東川尋常小学校
TBL-0399-21,1154,各小学校別教員数・児童数1〈公立〉_千代ヶ岱尋常小学校→千代ヶ岱尋常高等小学校→千代ヶ岱国民学校
TBL-0399-22,1155,各小学校別教員数・児童数1〈公立〉_松風尋常高等小学校→松風尋常小学校→松風尋常高等小学校→松風国民学校
TBL-0399-23,1155,各小学校別教員数・児童数1〈公立〉_巴尋常小学校→巴尋常高等小学校→巴尋常小学校→巴国民学校
TBL-0399-24,1155,各小学校別教員数・児童数1〈公立〉_常磐尋常小学校→常磐国民学校
TBL-0399-25,1156,各小学校別教員数・児童数1〈公立〉_谷地頭尋常高等小学校→谷地頭尋常小学校→谷地頭尋常高等小学校→谷地頭国民学校
TBL-0399-26,1156,各小学校別教員数・児童数1〈公立〉_万年橋尋常小学校→万年橋国民学校
TBL-0399-27,1156,各小学校別教員数・児童数1〈公立〉_大森尋常高等小学校
TBL-0399-28,1156,各小学校別教員数・児童数1〈公立〉_柏野尋常小学校→柏野国民学校
TBL-0399-29,1156,各小学校別教員数・児童数1〈公立〉_汐見尋常高等小学校
TBL-0399-30,1156,各小学校別教員数・児童数1〈公立〉_函館女子高等小学校→函館女子国民学校
TBL-0399-28,1157,各小学校別教員数・児童数1〈公立〉_柏野尋常小学校→柏野国民学校
TBL-0399-29,1157,各小学校別教員数・児童数1〈公立〉_汐見尋常高等小学校
TBL-0399-30,1157,各小学校別教員数・児童数1〈公立〉_函館女子高等小学校→函館女子国民学校
TBL-0399-31,1157,各小学校別教員数・児童数1〈公立〉_中島尋常小学校→中島尋常高等小学校→中島国民学校
TBL-0399-32,1157,各小学校別教員数・児童数1〈公立〉_高盛尋常高等小学校→高盛国民学校
TBL-0399-33,1157,各小学校別教員数・児童数1〈公立〉_青柳尋常小学校→青柳国民学校
TBL-0399-34,1158,各小学校別教員数・児童数1〈公立〉_的場尋常高等小学校→的場国民学校
TBL-0399-35,1158,各小学校別教員数・児童数1〈公立〉_大森尋常小学校→大森国民学校
TBL-0399-36,1158,各小学校別教員数・児童数1〈公立〉_東川尋常小学校→東川国民学校
TBL-0399-37,1158,各小学校別教員数・児童数1〈公立〉_湯川尋常高等小学校→湯川国民学校
TBL-0399-38,1158,各小学校別教員数・児童数1〈公立〉_亀尾尋常高等小学校→亀尾国民学校
TBL-0399-39,1158,各小学校別教員数・児童数1〈公立〉_寅沢尋常小学校→寅沢国民学校
TBL-0399-40,1159,各小学校別教員数・児童数1〈公立〉_蛾眉野尋常小学校→蛾眉野国民学校
TBL-0399-41,1159,各小学校別教員数・児童数1〈公立〉_鱒川尋常小学校→鱒川国民学校
TBL-0399-42,1159,各小学校別教員数・児童数1〈公立〉_八幡国民学校
TBL-0400-01,1160,各小学校別教員数・児童数1〈私立〉_愛陶舎
TBL-0400-02,1160,各小学校別教員数・児童数1〈私立〉_淳風学校
TBL-0400-03,1160,各小学校別教員数・児童数1〈私立〉_森学校
TBL-0400-04,1160,各小学校別教員数・児童数1〈私立〉_藤村学校
TBL-0400-05,1160,各小学校別教員数・児童数1〈私立〉_浅井学校
TBL-0400-06,1160,各小学校別教員数・児童数1〈私立〉_沢学校
TBL-0400-07,1160,各小学校別教員数・児童数1〈私立〉_辻学校
TBL-0400-08,1160,各小学校別教員数・児童数1〈私立〉_福田学校
TBL-0400-09,1161,各小学校別教員数・児童数1〈私立〉_豊川学校
TBL-0400-10,1161,各小学校別教員数・児童数1〈私立〉_濱野学校
TBL-0400-11,1161,各小学校別教員数・児童数1〈私立〉_山内小学校
TBL-0400-12,1161,各小学校別教員数・児童数1〈私立〉_大森尋常小学校
TBL-0400-13,1162,各小学校別教員数・児童数1〈私立〉_鶴岡学校→鶴岡小学校→鶴岡尋常小学校
TBL-0400-14,1162,各小学校別教員数・児童数1〈私立〉_若山学校→若山小学校→若山尋常小学校
TBL-0400-15,1162,各小学校別教員数・児童数1〈私立〉_一貫堂→一貫(堂)小学校→一貫学校→一貫尋常小学校
TBL-0400-13,1163,各小学校別教員数・児童数1〈私立〉_鶴岡学校→鶴岡小学校→鶴岡尋常小学校
TBL-0400-14,1163,各小学校別教員数・児童数1〈私立〉_若山学校→若山小学校→若山尋常小学校
TBL-0400-15,1163,各小学校別教員数・児童数1〈私立〉_一貫堂→一貫(堂)小学校→一貫学校→一貫尋常小学校
TBL-0400-16,1164,各小学校別教員数・児童数1〈私立〉_古川学校→古川小学校→古川尋常小学校
TBL-0400-17,1164,各小学校別教員数・児童数1〈私立〉_堀川学校→堀川尋常高等小学校
TBL-0400-18,1164,各小学校別教員数・児童数1〈私立〉_六和女学校，大谷女子小学校
TBL-0400-19,1165,各小学校別教員数・児童数1〈私立〉_元町(小)学校→元町女子尋常高等小学校
TBL-0400-20,1165,各小学校別教員数・児童数1〈私立〉_吉祥女学校→吉祥女子小学校→吉祥女学校→吉祥尋常小学校
TBL-0400-21,1165,各小学校別教員数・児童数1〈私立〉_恵以小学校→恵以尋常小学校
TBL-0401-01,1166,各小学校別教員数・児童数2〈市立〉_弥生小学校
TBL-0401-02,1166,各小学校別教員数・児童数2〈市立〉_東川小学校
TBL-0401-03,1166,各小学校別教員数・児童数2〈市立〉_青柳小学校
TBL-0401-04,1167,各小学校別教員数・児童数2〈市立〉_常磐小学校
TBL-0401-05,1167,各小学校別教員数・児童数2〈市立〉_幸小学校
TBL-0401-06,1167,各小学校別教員数・児童数2〈市立〉_大森小学校
TBL-0401-07,1168,各小学校別教員数・児童数2〈市立〉_新川小学校
TBL-0401-08,1168,各小学校別教員数・児童数2〈市立〉_松風小学校
TBL-0401-09,1168,各小学校別教員数・児童数2〈市立〉_若松小学校
TBL-0401-10,1169,各小学校別教員数・児童数2〈市立〉_巴小学校
TBL-0401-11,1169,各小学校別教員数・児童数2〈市立〉_高盛小学校
TBL-0401-12,1169,各小学校別教員数・児童数2〈市立〉_千代ヶ岱小校
TBL-0401-13,1170,各小学校別教員数・児童数2〈市立〉_中島小学校
TBL-0401-14,1170,各小学校別教員数・児童数2〈市立〉_柏野小学校
TBL-0401-15,1170,各小学校別教員数・児童数2〈市立〉_万年橋小学校
TBL-0401-16,1171,各小学校別教員数・児童数2〈市立〉_八幡小学校
TBL-0401-17,1171,各小学校別教員数・児童数2〈市立〉_湯川小学校
TBL-0401-18,1171,各小学校別教員数・児童数2〈市立〉_亀尾小学
TBL-0401-19,1172,各小学校別教員数・児童数2〈市立〉_鱒川小学校
TBL-0401-20,1172,各小学校別教員数・児童数2〈市立〉_蛾眉野小学校
TBL-0401-21,1172,各小学校別教員数・児童数2〈市立〉_港小学校
TBL-0401-22,1173,各小学校別教員数・児童数2〈市立〉_千代田小学校
TBL-0401-23,1173,各小学校別教員数・児童数2〈市立〉_駒場小学校
TBL-0401-24,1173,各小学校別教員数・児童数2〈市立〉_谷地頭小学校
TBL-0401-25,1174,各小学校別教員数・児童数2〈市立〉_金堀小学校
TBL-0401-26,1174,各小学校別教員数・児童数2〈市立〉_日吉が丘小学校
TBL-0401-27,1174,各小学校別教員数・児童数2〈市立〉_石崎小学校
TBL-0401-28,1175,各小学校別教員数・児童数2〈市立〉_宇賀小学校
TBL-0401-29,1175,各小学校別教員数・児童数2〈市立〉_銭亀沢小学校
TBL-0401-30,1175,各小学校別教員数・児童数2〈市立〉_上湯川小学校
TBL-0401-31,1175,各小学校別教員数・児童数2〈市立〉_西小学校
TBL-0401-32,1175,各小学校別教員数・児童数2〈市立〉_深堀小学校
TBL-0401-33,1175,各小学校別教員数・児童数2〈市立〉_東小学校
TBL-0401-34,1176,各小学校別教員数・児童数2〈市立〉_亀田小学校
TBL-0401-35,1176,各小学校別教員数・児童数2〈市立〉_桔梗小学校
TBL-0401-36,1176,各小学校別教員数・児童数2〈市立〉_赤川小学校
TBL-0401-37,1176,各小学校別教員数・児童数2〈市立〉_鍛神小学校
TBL-0401-38,1176,各小学校別教員数・児童数2〈市立〉_鍛神小学校東山分校
TBL-0401-39,1176,各小学校別教員数・児童数2〈市立〉_昭和小学校
TBL-0401-40,1177,各小学校別教員数・児童数2〈市立〉_中の沢小学校
TBL-0401-41,1177,各小学校別教員数・児童数2〈市立〉_本通小学校
TBL-0401-42,1177,各小学校別教員数・児童数2〈市立〉_中央小学校
TBL-0401-43,1177,各小学校別教員数・児童数2〈市立〉_北日吉小学校
TBL-0401-44,1177,各小学校別教員数・児童数2〈市立〉_高丘小学校
TBL-0401-45,1177,各小学校別教員数・児童数2〈市立〉_北昭和小学校
TBL-0401-46,1178,各小学校別教員数・児童数2〈市立〉_東山小学校
TBL-0401-47,1178,各小学校別教員数・児童数2〈市立〉_中部小学校
TBL-0401-48,1178,各小学校別教員数・児童数2〈市立〉_旭岡小学校
TBL-0401-49,1178,各小学校別教員数・児童数2〈市立〉_北美原小学校
TBL-0402-01,1178,各小学校別教員数・児童数2〈国立・私立〉_(国立)北海道師範(のち教育)大学附属函館小学校
TBL-0402-02,1178,各小学校別教員数・児童数2〈国立・私立〉_函館三育小学校
TBL-0402-01,1179,各小学校別教員数・児童数2〈国立・私立〉_(国立)北海道師範(のち教育)大学附属函館小学校
TBL-0402-02,1179,各小学校別教員数・児童数2〈国立・私立〉_函館三育小学校
TBL-0403-01,1180,(旧制)中学校_(庁立)函館尋常中学校→函館中学校
TBL-0403-02,1180,(旧制)中学校_(市立)函館市立中学校
TBL-0403-03,1180,(旧制)中学校_(庁立)函館高等女子学校
TBL-0403-01,1181,(旧制)中学校_(庁立)函館尋常中学校→函館中学校
TBL-0403-03,1181,(旧制)中学校_(庁立)函館高等女子学校
TBL-0404-01,1182,実業学校_(庁立-明治34年~-)函館商船学校
TBL-0404-02,1182,実業学校_(庁立)函館商業学校
TBL-0404-01,1183,実業学校_(庁立-明治34年~-)函館商船学校
TBL-0404-02,1183,実業学校_(庁立)函館商業学校
TBL-0404-03,1184,実業学校_(庁立)函館工業学校
TBL-0404-04,1184,実業学校_(市立)函館市立商業学校
TBL-0405-01,1185,実業補習学校_(庁立)函館商業補習学校-夜間
TBL-0405-02,1185,実業補習学校_(市立)函館工業補習学校-夜間
TBL-0405-03,1185,実業補習学校_(市立)弥生商工補習学校-夜間
TBL-0405-04,1185,実業補習学校_(市立)高砂女子実業補習学校-夜間
TBL-0405-05,1185,実業補習学校_(私立)函館女子商業学校-夜間
TBL-0405-06,1186,実業補習学校_(市立)函館商工実習学校-夜間(商業部・工業部・女子商業部の三部)
TBL-0406,1186,青年学校
TBL-0407-01,1187,高等水産学校・師範学校_(国立)函館高等水産学校
TBL-0407-02,1187,高等水産学校・師範学校_(庁立)北海道函館師範学校
TBL-0407-03,1187,高等水産学校・師範学校_(使立・県立)小学教科伝習所→函館師範学校(明治13年~)
TBL-0408-01,1188,私立各種学校〈戦前〉_(キリスト教系)遺愛女学校(大正6年~高等女学校)
TBL-0408-02,1188,私立各種学校〈戦前〉_(キリスト教系)聖保禄女学校
TBL-0408-03,1188,私立各種学校〈戦前〉_(キリスト教系)聖保禄高等女学校
TBL-0408-01,1189,私立各種学校〈戦前〉_(キリスト教系)遺愛女学校(大正6年~高等女学校)
TBL-0408-02,1189,私立各種学校〈戦前〉_(キリスト教系)聖保禄女学校
TBL-0408-03,1189,私立各種学校〈戦前〉_(キリスト教系)聖保禄高等女学校
TBL-0408-04,1190,私立各種学校〈戦前〉_(キリスト教系)正教学校
TBL-0408-05,1190,私立各種学校〈戦前〉_(キリスト教系)靖和学校
TBL-0408-06,1190,私立各種学校〈戦前〉_(キリスト教系)函館土人学校
TBL-0408-07,1190,私立各種学校〈戦前〉_(キリスト教系)函館訓盲会→函館訓盲院(明治34～)→函館盲啞院(大正1～)
TBL-0408-08,1190,私立各種学校〈戦前〉_(仏教系)六和女学校→大谷女学校(明治35～)→大谷高等女学校(天正12～)
TBL-0408-09,1190,私立各種学校〈戦前〉_(仏教系)吉祥女学校
TBL-0408-07,1191,私立各種学校〈戦前〉_(キリスト教系)函館訓盲会→函館訓盲院(明治34～)→函館盲啞院(大正1～)
TBL-0408-08,1191,私立各種学校〈戦前〉_(仏教系)六和女学校→大谷女学校(明治35～)→大谷高等女学校(天正12～)
TBL-0408-09,1191,私立各種学校〈戦前〉_(仏教系)吉祥女学校
TBL-0408-10,1192,私立各種学校〈戦前〉_(仏教系)実践女学校
TBL-0408-11,1192,私立各種学校〈戦前〉_(仏教系)実践高等女学校
TBL-0408-12,1193,私立各種学校〈戦前〉_(その他)大妻技芸学校→大妻女子高等技芸学校(昭和7～)
TBL-0408-13,1193,私立各種学校〈戦前〉_(その他)昭和芸学校→昭和女子高等技芸学校(昭和14～)
TBL-0408-14,1193,私立各種学校〈戦前〉_(その他)函館経理学校(男子のみ)
TBL-0409,1194,(新制)中学校総覧
TBL-0410,1195,(新制)高校総覧
TBL-0411-01,1196,(新制)大学_(国立)北海道大学水産学部
TBL-0411-02,1196,(新制)大学_(国立)北海道学芸大学函館分校→(昭和34年~)北海道教育大学函館分校
TBL-0411-03,1196,(新制)大学_(私立)函館大学
TBL-0412-01,1197,短期大学・高等専門学校_(私立)函館商科短期大学→函館短期大学(昭和39年~)
TBL-0412-02,1197,短期大学・高等専門学校_(私立)函館大谷短期大学
TBL-0412-03,1197,短期大学・高等専門学校_(国立)函館工業高等専門大学
TBL-0413-01,1198,盲・聾・養護学校_(道立)函館盲学校
TBL-0413-02,1198,盲・聾・養護学校_(道立)函館聾学校
TBL-0413-01,1199,盲・聾・養護学校_(道立)函館盲学校
TBL-0413-02,1199,盲・聾・養護学校_(道立)函館聾学校
TBL-0413-03,1199,盲・聾・養護学校_(国立)北海道教育大学教育学部附属養護学校(精神薄弱)
TBL-0414,1200,兵員数及び徴兵人員数
TBL-0414,1201,兵員数及び徴兵人員数